VisitID,AdobeVisitorID,ClientID,LeadID,CustomerType,VisitDate,VisitStartTime,Device,Browser,NewOrReturning,MarketingChannel,CampaignCode,Region,LandingPage,FunnelStepNumber,FunnelStepReached,CRMFunnelStage,ExitPage,Abandoned,PageViews,TimeOnSiteSec,AvgPageLoadSec,FormErrors,ChatWidgetClicked,PlanViewed,QuoteValue,Converted,OrderID,Revenue
AV00001,64CFAFCF07514309,,,Anonymous Prospect,5/1/2024,06:17,Mobile,Safari,Returning,SEO,,West,/,2,Product Comparison,application educate,/plans/compare,Bounced/Browsed,4,178,1.3,0,No,Basic,,No,,0.0
AV00002,D899FD471709114B,,,Anonymous Prospect,5/1/2024,08:05,Tablet,Safari,New,Paid Social,SOC_RENEW_Q224,North,/,3,Application Start,application start,/apply/start,Yes,6,205,2.6,0,No,Basic,,No,,0.0
AV00003,E4405003149E8DCE,,L0001,New Lead,5/1/2024,08:46,Desktop,Safari,Returning,SEM,SEM_RENEW_Q224,South,/plans/compare,7,Review & e-Sign,application submit,/apply/review,Yes,13,497,2.0,2,No,Premium,4887.5,No,,0.0
AV00004,12042F036E7585E4,,,Anonymous Prospect,5/1/2024,08:47,Mobile,Chrome,New,SEM,SEM_PLANS_Q224,East,/plans/compare,1,Home Page,application educate,/,Bounced/Browsed,2,101,4.9,0,No,Plus,,No,,0.0
AV00005,EEE47BD393802D48,,,Anonymous Prospect,5/1/2024,11:09,Desktop,Safari,New,Email,EM_SWITCH_Q224,East,/,1,Home Page,application educate,/,Bounced/Browsed,1,158,2.2,0,No,Premium,,No,,0.0
AV00006,CEE4DA0EE6646793,,,Anonymous Prospect,5/1/2024,11:37,Tablet,Chrome,New,SEM,SEM_RENEW_Q224,West,/,1,Home Page,application educate,/,Bounced/Browsed,1,141,1.3,0,No,Premium,,No,,0.0
AV00007,8D084ED095FD5522,,,Anonymous Prospect,5/1/2024,12:13,Mobile,Chrome,New,SEO,,East,/,2,Product Comparison,application educate,/plans/compare,Bounced/Browsed,5,155,4.8,0,No,Basic,,No,,0.0
AV00008,805EED808E114B95,,,Anonymous Prospect,5/1/2024,13:47,Mobile,Chrome,New,Paid Social,SOC_RENEW_Q224,South,/,1,Home Page,application educate,/,Bounced/Browsed,2,91,4.9,0,No,Basic,,No,,0.0
AV00009,6C79957FC1331FFE,,,Anonymous Prospect,5/1/2024,14:59,Mobile,Safari,New,Display,DSP_BRAND_Q224,North,/,1,Home Page,application educate,/,Bounced/Browsed,2,111,5.3,0,No,Premium,,No,,0.0
AV00010,05E90F2C6D8FB3CB,,L0002,New Lead,5/1/2024,14:59,Mobile,Safari,New,SEO,,South,/plans/compare,8,Payment & Confirmation,application complete,,No,18,607,2.5,0,No,Plus,3188.45,Yes,ORD00001,3188.45
AV00011,A4E65F38B7AE1590,,,Anonymous Prospect,5/1/2024,16:26,Desktop,Safari,New,Direct,,South,/,3,Application Start,application start,/apply/start,Yes,7,286,1.7,0,No,Plus,,No,,0.0
AV00012,0FDC2BCA8643DCA1,,,Anonymous Prospect,5/1/2024,18:13,Mobile,Chrome,Returning,SEM,SEM_BRAND_Q224,North,/,1,Home Page,application educate,/,Bounced/Browsed,3,69,1.9,0,No,Basic,,No,,0.0
AV00013,159BF46824DF4DA8,C080,,Existing Customer,5/2/2024,06:39,Desktop,Chrome,New,Direct,,North,/,1,Home Page,application educate,/,Bounced/Browsed,2,133,1.3,0,No,Basic,,No,,0.0
AV00014,886C88A2F43A9042,,,Anonymous Prospect,5/2/2024,08:39,Desktop,Safari,New,SEO,,South,/plans/compare,2,Product Comparison,application educate,/plans/compare,Bounced/Browsed,2,184,0.7,0,No,Plus,,No,,0.0
AV00015,3B344006F921AAD9,,,Anonymous Prospect,5/2/2024,08:54,Mobile,Chrome,Returning,Direct,,East,/,2,Product Comparison,application educate,/plans/compare,Bounced/Browsed,5,133,1.3,0,No,Premium,,No,,0.0
AV00016,0B6FD3983266462A,,L0003,New Lead,5/2/2024,09:23,Desktop,Chrome,Returning,Email,EM_SWITCH_Q224,East,/plans/compare,8,Payment & Confirmation,application complete,,No,14,703,2.3,0,No,Plus,3629.09,Yes,ORD00002,3629.09
AV00017,C5AD62BC3563F020,,,Anonymous Prospect,5/2/2024,12:49,Mobile,Edge,New,SEO,,South,/,2,Product Comparison,application educate,/plans/compare,Bounced/Browsed,4,124,3.0,0,No,Plus,,No,,0.0
AV00018,103A4BC64211B63A,,L0004,New Lead,5/2/2024,14:17,Mobile,Chrome,New,Direct Mail,DM_PREMIUM_Q224,North,/offer,5,Identity Verification,application start,/apply/verify,Yes,11,265,1.8,2,No,Premium,,No,,0.0
AV00019,3474198B29796D33,,L0005,New Lead,5/2/2024,14:49,Mobile,Safari,Returning,SEM,SEM_RENEW_Q224,South,/,4,Personal Details,application start,/apply/details,Yes,6,248,4.6,1,No,Plus,,No,,0.0
AV00020,FEB5860B0E1AEB18,,,Anonymous Prospect,5/2/2024,16:39,Desktop,Safari,New,Email,EM_BRAND_Q224,North,/,1,Home Page,application educate,/,Bounced/Browsed,4,78,1.4,0,No,Elite,,No,,0.0
AV00021,1A3FF6F45D2068C3,,,Anonymous Prospect,5/2/2024,17:53,Mobile,Safari,New,Affiliate,AFF_BASIC_Q224,South,/plans/compare,1,Home Page,application educate,/,Bounced/Browsed,3,119,3.1,0,No,Basic,,No,,0.0
AV00022,25F95D88AB38F0AB,,,Anonymous Prospect,5/2/2024,19:07,Desktop,Safari,New,Display,DSP_BRAND_Q224,West,/plans/compare,1,Home Page,application educate,/,Bounced/Browsed,2,116,3.4,0,Yes,Premium,,No,,0.0
AV00023,6A93051076DF8400,,,Anonymous Prospect,5/2/2024,19:35,Mobile,Safari,New,Paid Social,SOC_PLANS_Q224,West,/,1,Home Page,application educate,/,Bounced/Browsed,1,113,1.8,0,No,Plus,,No,,0.0
AV00024,1837DC52650EA1D1,,,Anonymous Prospect,5/2/2024,19:56,Mobile,Safari,Returning,Direct,,East,/,1,Home Page,application educate,/,Bounced/Browsed,3,86,3.7,0,No,Basic,,No,,0.0
AV00025,F86A63FD6E5B4ED5,,,Anonymous Prospect,5/2/2024,20:26,Mobile,Safari,New,SEM,SEM_BRAND_Q224,North,/,1,Home Page,application educate,/,Bounced/Browsed,1,84,4.4,0,No,Plus,,No,,0.0
AV00026,A1D9DE9AC5C5915D,,L0006,New Lead,5/3/2024,07:03,Mobile,Safari,New,SEO,,East,/plans/compare,8,Payment & Confirmation,application complete,,No,15,815,5.4,0,No,Plus,3514.6,Yes,ORD00003,3514.6
AV00027,240B116620DDE0F8,,,Anonymous Prospect,5/3/2024,11:09,Desktop,Firefox,Returning,SEM,SEM_SWITCH_Q224,West,/,2,Product Comparison,application educate,/plans/compare,Bounced/Browsed,2,178,3.2,0,No,Plus,,No,,0.0
AV00028,0430CE3B89CD1EB2,,L0007,New Lead,5/3/2024,14:17,Desktop,Samsung Internet,New,Direct Mail,DM_BASIC_Q224,South,/offer,4,Personal Details,application start,/apply/details,Yes,5,402,2.7,1,No,Basic,,No,,0.0
AV00029,B235814B9015C4F5,,,Anonymous Prospect,5/3/2024,15:33,Tablet,Edge,New,SEM,SEM_PLANS_Q224,South,/plans/compare,2,Product Comparison,application educate,/plans/compare,Bounced/Browsed,5,137,3.5,0,No,Plus,,No,,0.0
AV00030,0A31E2B00AA2235A,,,Anonymous Prospect,5/3/2024,15:41,Tablet,Chrome,New,Direct,,East,/,2,Product Comparison,application educate,/plans/compare,Bounced/Browsed,5,145,2.0,0,No,Premium,,No,,0.0
AV00031,1CC7E02B6CAAA0C3,,,Anonymous Prospect,5/3/2024,16:19,Mobile,Safari,Returning,Paid Social,SOC_PLANS_Q224,North,/,1,Home Page,application educate,/,Bounced/Browsed,3,143,4.1,0,No,Premium,,No,,0.0
AV00032,1D8C554B3423AD28,,,Anonymous Prospect,5/3/2024,18:41,Tablet,Chrome,New,Display,DSP_SWITCH_Q224,North,/,2,Product Comparison,application educate,/plans/compare,Bounced/Browsed,3,258,2.9,0,No,Elite,,No,,0.0
AV00033,FA373CD494C4639C,,,Anonymous Prospect,5/3/2024,19:08,Desktop,Firefox,New,SEM,SEM_BRAND_Q224,East,/plans/compare,1,Home Page,application educate,/,Bounced/Browsed,2,102,1.8,0,No,Premium,,No,,0.0
AV00034,061BE715EBD2A653,,,Anonymous Prospect,5/3/2024,19:33,Desktop,Chrome,New,Affiliate,AFF_PLANS_Q224,East,/,2,Product Comparison,application educate,/plans/compare,Bounced/Browsed,5,246,2.1,0,Yes,Premium,,No,,0.0
AV00035,F25CAAA7C7FF8346,,,Anonymous Prospect,5/3/2024,19:35,Mobile,Chrome,Returning,Direct Mail,DM_RENEW_Q224,South,/offer,2,Product Comparison,application educate,/plans/compare,Bounced/Browsed,4,126,2.2,0,No,Premium,,No,,0.0
AV00036,C8D7FAD7568979B6,,,Anonymous Prospect,5/3/2024,22:20,Desktop,Edge,New,Direct Mail,DM_SWITCH_Q224,North,/offer,1,Home Page,application educate,/,Bounced/Browsed,2,118,2.4,0,No,Plus,,No,,0.0
AV00037,8D8C2AB760B637E1,,,Anonymous Prospect,5/3/2024,22:55,Mobile,Chrome,New,SEO,,South,/,1,Home Page,application educate,/,Bounced/Browsed,1,94,2.9,0,No,Elite,,No,,0.0
AV00038,B9EA2201CD8F45AB,,,Anonymous Prospect,5/4/2024,07:44,Tablet,Safari,New,Paid Social,SOC_ELITE_Q224,West,/,1,Home Page,application educate,/,Bounced/Browsed,2,122,2.6,0,No,Elite,,No,,0.0
AV00039,C5CCD97DBEA142C7,,L0008,New Lead,5/4/2024,10:38,Mobile,Safari,New,SEM,SEM_RENEW_Q224,West,/plans/compare,5,Identity Verification,application start,/apply/verify,Yes,8,393,2.8,3,No,Plus,,No,,0.0
AV00040,2BEE80D3CE055BB5,,,Anonymous Prospect,5/4/2024,10:41,Desktop,Firefox,Returning,Email,EM_RENEW_Q224,West,/,1,Home Page,application educate,/,Bounced/Browsed,1,70,2.5,0,No,Premium,,No,,0.0
AV00041,E8B2E7E6DCCD79AD,,,Anonymous Prospect,5/4/2024,11:25,Desktop,Chrome,New,Direct,,East,/,2,Product Comparison,application educate,/plans/compare,Bounced/Browsed,5,248,3.0,0,No,Basic,,No,,0.0
AV00042,250DD0900BD9FEF3,,,Anonymous Prospect,5/4/2024,15:34,Desktop,Chrome,New,Direct Mail,DM_RENEW_Q224,East,/offer,1,Home Page,application educate,/,Bounced/Browsed,1,113,1.8,0,No,Basic,,No,,0.0
AV00043,9962BBBD2551C939,,,Anonymous Prospect,5/4/2024,15:45,Desktop,Safari,New,SEO,,South,/plans/compare,1,Home Page,application educate,/,Bounced/Browsed,4,95,1.8,0,No,Plus,,No,,0.0
AV00044,93A353D63623119B,,L0009,New Lead,5/4/2024,19:12,Mobile,Chrome,New,SEO,,East,/,6,Plan Customization & Quote,application submit,/apply/quote,Yes,13,585,1.6,2,No,Basic,1981.68,No,,0.0
AV00045,45D9D1C60D5F7AAC,,,Anonymous Prospect,5/4/2024,19:47,Mobile,Safari,Returning,Direct,,East,/,1,Home Page,application educate,/,Bounced/Browsed,4,116,1.1,0,No,Elite,,No,,0.0
AV00046,C8E7C20EDD5E033D,,,Anonymous Prospect,5/4/2024,21:33,Desktop,Safari,New,Paid Social,SOC_BRAND_Q224,West,/plans/compare,1,Home Page,application educate,/,Bounced/Browsed,2,138,2.2,0,No,Premium,,No,,0.0
AV00047,0A39B378728508F2,,,Anonymous Prospect,5/4/2024,22:29,Mobile,Chrome,New,Email,EM_BRAND_Q224,North,/,2,Product Comparison,application educate,/plans/compare,Bounced/Browsed,3,193,4.3,0,No,Basic,,No,,0.0
AV00048,92B705AB582C30DC,,,Anonymous Prospect,5/4/2024,22:43,Mobile,Samsung Internet,Returning,Paid Social,SOC_BRAND_Q224,North,/,1,Home Page,application educate,/,Bounced/Browsed,3,99,3.8,0,No,Basic,,No,,0.0
AV00049,2C6F6846309B1FCE,C045,,Existing Customer,5/5/2024,07:44,Mobile,Safari,New,SEM,SEM_BRAND_Q224,East,/plans/compare,1,Home Page,application educate,/,Bounced/Browsed,3,124,4.5,0,No,Premium,,No,,0.0
AV00050,9EC9018BBE270FCC,,,Anonymous Prospect,5/5/2024,08:52,Mobile,Chrome,Returning,SEO,,West,/,1,Home Page,application educate,/,Bounced/Browsed,3,121,0.7,0,No,Basic,,No,,0.0
AV00051,380048FFFA8A7BC5,,,Anonymous Prospect,5/5/2024,10:37,Mobile,Chrome,New,Email,EM_SWITCH_Q224,South,/,1,Home Page,application educate,/,Bounced/Browsed,4,108,3.3,0,Yes,Premium,,No,,0.0
AV00052,0D75C357617B5D02,,,Anonymous Prospect,5/5/2024,11:24,Mobile,Firefox,New,Affiliate,AFF_SWITCH_Q224,North,/,3,Application Start,application start,/apply/start,Yes,6,313,1.9,0,No,Plus,,No,,0.0
AV00053,89E5C84280879A7B,,,Anonymous Prospect,5/5/2024,11:57,Mobile,Edge,New,SEM,SEM_BRAND_Q224,South,/plans/compare,1,Home Page,application educate,/,Bounced/Browsed,1,125,3.8,0,No,Plus,,No,,0.0
AV00054,7E06F6BFEF8BA6D1,,,Anonymous Prospect,5/5/2024,16:44,Mobile,Chrome,Returning,SEM,SEM_PLANS_Q224,East,/,1,Home Page,application educate,/,Bounced/Browsed,1,100,2.7,0,No,Elite,,No,,0.0
AV00055,FEFC6FCF3889CDD8,C007,,Existing Customer,5/5/2024,16:45,Mobile,Safari,New,Email,EM_PLANS_Q224,East,/plans/compare,1,Home Page,application educate,/,Bounced/Browsed,2,149,2.3,0,No,Basic,,No,,0.0
AV00056,ED01AA0B70C92B04,,L0010,New Lead,5/5/2024,17:55,Mobile,Safari,New,Email,EM_BRAND_Q224,East,/plans/compare,4,Personal Details,application start,/apply/details,Yes,9,439,3.4,2,Yes,Premium,,No,,0.0
AV00057,6245A809F328AB6E,,,Anonymous Prospect,5/5/2024,18:35,Mobile,Samsung Internet,New,Display,DSP_PLUS_Q224,North,/plans/compare,1,Home Page,application educate,/,Bounced/Browsed,1,99,3.7,0,No,Plus,,No,,0.0
AV00058,946E98C44206FCFA,,,Anonymous Prospect,5/5/2024,18:36,Mobile,Safari,New,Display,DSP_PLUS_Q224,North,/,2,Product Comparison,application educate,/plans/compare,Bounced/Browsed,4,235,1.3,0,No,Plus,,No,,0.0
AV00059,905CFAA87A7F8236,,L0011,New Lead,5/5/2024,22:37,Mobile,Safari,Returning,Direct,,South,/,4,Personal Details,application start,/apply/details,Yes,10,318,1.1,1,No,Premium,,No,,0.0
AV00060,AE8A775586907590,,,Anonymous Prospect,5/6/2024,06:03,Tablet,Safari,New,SEO,,East,/,1,Home Page,application educate,/,Bounced/Browsed,4,147,1.9,0,No,Elite,,No,,0.0
AV00061,E03BB776492922F3,,,Anonymous Prospect,5/6/2024,08:21,Tablet,Chrome,Returning,Affiliate,AFF_RENEW_Q224,West,/,3,Application Start,application start,/apply/start,Yes,8,221,1.6,0,No,Basic,,No,,0.0
AV00062,B19055407C68BE96,,,Anonymous Prospect,5/6/2024,12:55,Mobile,Chrome,New,SEM,SEM_SWITCH_Q224,West,/plans/compare,3,Application Start,application start,/apply/start,Yes,6,278,5.3,0,No,Plus,,No,,0.0
AV00063,B7A59F5DC032EFC0,,,Anonymous Prospect,5/6/2024,18:23,Mobile,Safari,Returning,Paid Social,SOC_SWITCH_Q224,South,/plans/compare,1,Home Page,application educate,/,Bounced/Browsed,3,97,2.1,0,No,Plus,,No,,0.0
AV00064,523BA64CDC03C27B,,L0012,New Lead,5/6/2024,18:40,Mobile,Edge,New,Direct Mail,DM_RENEW_Q224,West,/offer,6,Plan Customization & Quote,application submit,/apply/quote,Yes,14,513,3.5,6,No,Premium,6455.75,No,,0.0
AV00065,2598E72319C8FD48,C021,,Existing Customer,5/6/2024,20:22,Mobile,Safari,New,Direct,,East,/,1,Home Page,application educate,/,Bounced/Browsed,4,88,1.7,0,No,Plus,,No,,0.0
AV00066,A013EB13CCD94332,,,Anonymous Prospect,5/7/2024,07:10,Mobile,Edge,New,SEM,SEM_PLANS_Q224,West,/,1,Home Page,application educate,/,Bounced/Browsed,1,98,4.1,0,No,Plus,,No,,0.0
AV00067,51185FB8C77AEDF9,,,Anonymous Prospect,5/7/2024,08:33,Mobile,Safari,New,Display,DSP_BASIC_Q224,South,/,1,Home Page,application educate,/,Bounced/Browsed,3,116,1.9,0,No,Basic,,No,,0.0
AV00068,772DEE474BAE1B12,,,Anonymous Prospect,5/7/2024,08:43,Mobile,Safari,New,SEM,SEM_RENEW_Q224,East,/,2,Product Comparison,application educate,/plans/compare,Bounced/Browsed,6,219,3.3,0,No,Plus,,No,,0.0
AV00069,48B4ABA578136030,,,Anonymous Prospect,5/7/2024,11:59,Desktop,Samsung Internet,New,Affiliate,AFF_SWITCH_Q224,West,/,2,Product Comparison,application educate,/plans/compare,Bounced/Browsed,5,150,1.7,0,No,Basic,,No,,0.0
AV00070,C902CBFF267814E8,,,Anonymous Prospect,5/7/2024,13:08,Mobile,Firefox,New,SEO,,North,/,1,Home Page,application educate,/,Bounced/Browsed,1,99,4.8,0,No,Premium,,No,,0.0
AV00071,8F47ED74B54D977D,,,Anonymous Prospect,5/7/2024,13:51,Mobile,Edge,Returning,Paid Social,SOC_PLUS_Q224,South,/plans/compare,1,Home Page,application educate,/,Bounced/Browsed,3,78,0.6,0,No,Plus,,No,,0.0
AV00072,41F95065C5F1A6EC,,L0013,New Lead,5/7/2024,14:50,Desktop,Chrome,New,SEO,,East,/,8,Payment & Confirmation,application complete,,No,14,470,2.7,0,No,Plus,2788.76,Yes,ORD00004,2788.76
AV00073,A82A8EF9DC304DE8,,,Anonymous Prospect,5/7/2024,16:00,Mobile,Chrome,New,SEM,SEM_SWITCH_Q224,North,/plans/compare,1,Home Page,application educate,/,Bounced/Browsed,1,101,1.6,0,No,Plus,,No,,0.0
AV00074,5FE6CCE9311CC7AD,,,Anonymous Prospect,5/7/2024,16:47,Desktop,Firefox,New,SEO,,South,/,1,Home Page,application educate,/,Bounced/Browsed,3,144,1.1,0,No,Basic,,No,,0.0
AV00075,6C16A0946C802C98,,,Anonymous Prospect,5/7/2024,18:38,Mobile,Chrome,New,SEM,SEM_BASIC_Q224,North,/,2,Product Comparison,application educate,/plans/compare,Bounced/Browsed,2,182,4.0,0,No,Basic,,No,,0.0
AV00076,168BF5C71A2AA32A,,,Anonymous Prospect,5/7/2024,19:19,Mobile,Safari,New,SEM,SEM_BRAND_Q224,East,/,1,Home Page,application educate,/,Bounced/Browsed,2,76,2.3,0,No,Basic,,No,,0.0
AV00077,651581E170E3EA97,,,Anonymous Prospect,5/7/2024,19:22,Mobile,Edge,New,SEM,SEM_BRAND_Q224,South,/plans/compare,2,Product Comparison,application educate,/plans/compare,Bounced/Browsed,4,153,3.9,0,No,Premium,,No,,0.0
AV00078,DD7792ED1C79E6F1,,,Anonymous Prospect,5/7/2024,20:10,Mobile,Samsung Internet,Returning,Direct Mail,DM_BRAND_Q224,West,/offer,2,Product Comparison,application educate,/plans/compare,Bounced/Browsed,4,121,4.1,0,No,Premium,,No,,0.0
AV00079,DA4242CF1AA8EAC1,,L0014,New Lead,5/7/2024,20:36,Desktop,Safari,New,Direct Mail,DM_PLANS_Q224,West,/offer,6,Plan Customization & Quote,application submit,/apply/quote,Yes,10,660,1.6,1,No,Plus,2679.91,No,,0.0
AV00080,51F16A72B471E006,,,Anonymous Prospect,5/7/2024,22:27,Mobile,Samsung Internet,New,SEO,,South,/plans/compare,1,Home Page,application educate,/,Bounced/Browsed,2,94,4.7,0,No,Premium,,No,,0.0
AV00081,CE2ADB4A25276E55,,L0015,New Lead,5/8/2024,06:13,Mobile,Chrome,New,Direct,,West,/,5,Identity Verification,application start,/apply/verify,Yes,10,437,2.1,3,No,Plus,,No,,0.0
AV00082,7D6232274E6B9E64,,,Anonymous Prospect,5/8/2024,06:14,Desktop,Chrome,Returning,SEM,SEM_BRAND_Q224,East,/,1,Home Page,application educate,/,Bounced/Browsed,2,109,2.8,0,No,Plus,,No,,0.0
AV00083,21C9146AB619DA5D,,L0016,New Lead,5/8/2024,06:19,Desktop,Safari,New,SEO,,West,/,4,Personal Details,application start,/apply/details,Yes,10,349,1.4,1,No,Basic,,No,,0.0
AV00084,6FC9D5165B346E97,,,Anonymous Prospect,5/8/2024,08:47,Mobile,Chrome,New,Paid Social,SOC_BRAND_Q224,North,/plans/compare,1,Home Page,application educate,/,Bounced/Browsed,3,126,3.9,0,No,Plus,,No,,0.0
AV00085,4876BB8BB2146237,,,Anonymous Prospect,5/8/2024,09:31,Tablet,Chrome,Returning,Email,EM_PLANS_Q224,North,/,1,Home Page,application educate,/,Bounced/Browsed,4,93,2.0,0,No,Basic,,No,,0.0
AV00086,DFD07B809D1E209B,,,Anonymous Prospect,5/8/2024,10:07,Desktop,Edge,New,SEM,SEM_BASIC_Q224,North,/,2,Product Comparison,application educate,/plans/compare,Bounced/Browsed,6,213,2.2,0,No,Basic,,No,,0.0
AV00087,CC47FB89DE9EEDD5,,,Anonymous Prospect,5/8/2024,12:00,Mobile,Chrome,New,Paid Social,SOC_RENEW_Q224,East,/plans/compare,1,Home Page,application educate,/,Bounced/Browsed,3,127,5.0,0,No,Basic,,No,,0.0
AV00088,6DEE626F8D0DD717,,,Anonymous Prospect,5/8/2024,12:51,Mobile,Safari,New,Paid Social,SOC_SWITCH_Q224,West,/plans/compare,1,Home Page,application educate,/,Bounced/Browsed,1,129,2.0,0,No,Plus,,No,,0.0
AV00089,7138CB638E407A03,,,Anonymous Prospect,5/8/2024,12:59,Mobile,Firefox,Returning,SEM,SEM_BASIC_Q224,South,/,2,Product Comparison,application educate,/plans/compare,Bounced/Browsed,5,148,2.2,0,No,Basic,,No,,0.0
AV00090,8D219D0046FFA3B8,,L0017,New Lead,5/8/2024,14:00,Desktop,Safari,New,Display,DSP_PREMIUM_Q224,East,/,7,Review & e-Sign,application submit,/apply/review,Yes,13,641,1.4,2,No,Premium,6457.38,No,,0.0
AV00091,A22729097EF486FF,,,Anonymous Prospect,5/8/2024,14:42,Desktop,Safari,New,Direct,,East,/,1,Home Page,application educate,/,Bounced/Browsed,3,148,2.0,0,No,Elite,,No,,0.0
AV00092,49AA0706792BCC9B,,,Anonymous Prospect,5/8/2024,19:11,Desktop,Chrome,New,Direct,,West,/,2,Product Comparison,application educate,/plans/compare,Bounced/Browsed,3,148,1.5,0,Yes,Elite,,No,,0.0
AV00093,0C6A31D44A4446CD,,L0018,New Lead,5/8/2024,20:48,Mobile,Edge,Returning,SEM,SEM_RENEW_Q224,North,/plans/compare,7,Review & e-Sign,application submit,/apply/review,Yes,14,419,3.0,1,No,Premium,4288.87,No,,0.0
AV00094,9E9D473FADD2399A,,,Anonymous Prospect,5/8/2024,22:25,Tablet,Safari,Returning,Display,DSP_BRAND_Q224,West,/,1,Home Page,application educate,/,Bounced/Browsed,3,100,2.2,0,No,Basic,,No,,0.0
AV00095,6BC5D7199E917350,,L0019,New Lead,5/8/2024,22:55,Mobile,Safari,Returning,Paid Social,SOC_BRAND_Q224,South,/plans/compare,5,Identity Verification,application start,/apply/verify,Yes,11,481,4.1,4,No,Plus,,No,,0.0
AV00096,A011E0729582D79B,,,Anonymous Prospect,5/9/2024,07:11,Mobile,Firefox,New,Direct Mail,DM_PLANS_Q224,North,/offer,2,Product Comparison,application educate,/plans/compare,Bounced/Browsed,2,129,4.5,0,No,Basic,,No,,0.0
AV00097,1DE6D6AE8FC45A5A,,,Anonymous Prospect,5/9/2024,08:15,Mobile,Chrome,Returning,Display,DSP_BASIC_Q224,North,/plans/compare,1,Home Page,application educate,/,Bounced/Browsed,3,109,5.0,0,No,Basic,,No,,0.0
AV00098,4C23DD3C215051D7,,,Anonymous Prospect,5/9/2024,10:49,Mobile,Chrome,New,Direct Mail,DM_PLUS_Q224,East,/offer,2,Product Comparison,application educate,/plans/compare,Bounced/Browsed,4,171,2.1,0,No,Plus,,No,,0.0
AV00099,30594FC023AB8494,,,Anonymous Prospect,5/9/2024,11:29,Mobile,Chrome,New,Affiliate,AFF_ELITE_Q224,South,/,1,Home Page,application educate,/,Bounced/Browsed,2,135,2.5,0,No,Elite,,No,,0.0
AV00100,2107B1EF2A25F3B5,,,Anonymous Prospect,5/9/2024,13:46,Mobile,Chrome,New,Display,DSP_RENEW_Q224,West,/plans/compare,1,Home Page,application educate,/,Bounced/Browsed,2,145,1.6,0,No,Premium,,No,,0.0
AV00101,942003E131BD3516,,,Anonymous Prospect,5/9/2024,14:28,Mobile,Safari,New,Email,EM_PLUS_Q224,West,/,1,Home Page,application educate,/,Bounced/Browsed,4,70,2.8,0,No,Plus,,No,,0.0
AV00102,72276DEAC058F1FB,,,Anonymous Prospect,5/9/2024,14:30,Desktop,Chrome,New,SEM,SEM_PREMIUM_Q224,North,/plans/compare,1,Home Page,application educate,/,Bounced/Browsed,1,120,2.7,0,No,Premium,,No,,0.0
AV00103,E328BF819E7EB663,,,Anonymous Prospect,5/9/2024,16:01,Mobile,Edge,New,SEO,,South,/,2,Product Comparison,application educate,/plans/compare,Bounced/Browsed,3,108,3.0,0,No,Plus,,No,,0.0
AV00104,F1B0EC96D55201D3,,,Anonymous Prospect,5/9/2024,16:30,Mobile,Edge,New,SEM,SEM_SWITCH_Q224,North,/,2,Product Comparison,application educate,/plans/compare,Bounced/Browsed,3,154,2.7,0,No,Plus,,No,,0.0
AV00105,1206BEBDAC9AE443,,,Anonymous Prospect,5/9/2024,17:12,Desktop,Safari,New,Paid Social,SOC_SWITCH_Q224,North,/,1,Home Page,application educate,/,Bounced/Browsed,2,147,2.3,0,No,Plus,,No,,0.0
AV00106,8114581E575205C7,,,Anonymous Prospect,5/9/2024,17:15,Mobile,Edge,New,SEO,,East,/,2,Product Comparison,application educate,/plans/compare,Bounced/Browsed,5,155,1.9,0,No,Basic,,No,,0.0
AV00107,384CBCCBCAFCE217,,,Anonymous Prospect,5/9/2024,17:59,Desktop,Firefox,New,Direct,,North,/,1,Home Page,application educate,/,Bounced/Browsed,2,137,0.8,0,No,Basic,,No,,0.0
AV00108,C586D1DEC8FF5E61,,,Anonymous Prospect,5/9/2024,18:46,Desktop,Safari,Returning,SEM,SEM_BRAND_Q224,North,/,2,Product Comparison,application educate,/plans/compare,Bounced/Browsed,3,223,1.2,0,No,Plus,,No,,0.0
AV00109,D2B25C1BD8075D05,,,Anonymous Prospect,5/9/2024,18:49,Tablet,Chrome,New,Paid Social,SOC_SWITCH_Q224,North,/plans/compare,2,Product Comparison,application educate,/plans/compare,Bounced/Browsed,5,111,2.7,0,No,Premium,,No,,0.0
AV00110,75E3F8FF50F26C33,,L0020,New Lead,5/9/2024,20:33,Mobile,Chrome,New,Display,DSP_PREMIUM_Q224,West,/,4,Personal Details,application start,/apply/details,Yes,7,433,4.5,1,No,Premium,,No,,0.0
AV00111,E746E59CB7230DDF,,,Anonymous Prospect,5/9/2024,21:14,Desktop,Safari,Returning,Email,EM_PLANS_Q224,West,/plans/compare,2,Product Comparison,application educate,/plans/compare,Bounced/Browsed,3,154,1.6,0,No,Basic,,No,,0.0
AV00112,23373E52B1F7F81F,,,Anonymous Prospect,5/9/2024,22:30,Desktop,Safari,New,SEM,SEM_ELITE_Q224,West,/,1,Home Page,application educate,/,Bounced/Browsed,4,122,1.2,0,No,Elite,,No,,0.0
AV00113,49DF8C29AC4D80D3,,L0021,New Lead,5/10/2024,07:09,Mobile,Chrome,New,Affiliate,AFF_BRAND_Q224,West,/,5,Identity Verification,application start,/apply/verify,Yes,10,301,2.0,1,Yes,Plus,,No,,0.0
AV00114,00B1109F4D5EC904,,,Anonymous Prospect,5/10/2024,09:02,Mobile,Chrome,New,Direct,,West,/,1,Home Page,application educate,/,Bounced/Browsed,1,91,2.7,0,No,Elite,,No,,0.0
AV00115,C197431754F47546,,,Anonymous Prospect,5/10/2024,09:39,Desktop,Safari,Returning,SEO,,West,/,2,Product Comparison,application educate,/plans/compare,Bounced/Browsed,4,224,2.1,0,No,Basic,,No,,0.0
AV00116,29AAE80164AC6311,,,Anonymous Prospect,5/10/2024,11:15,Mobile,Samsung Internet,New,Direct,,East,/,1,Home Page,application educate,/,Bounced/Browsed,2,102,2.8,0,No,Basic,,No,,0.0
AV00117,D4D62A13877AC18D,,,Anonymous Prospect,5/10/2024,11:49,Mobile,Chrome,New,SEO,,North,/,2,Product Comparison,application educate,/plans/compare,Bounced/Browsed,4,221,4.3,0,No,Plus,,No,,0.0
AV00118,EA12D8FA98D68850,,,Anonymous Prospect,5/10/2024,12:49,Desktop,Chrome,New,SEO,,North,/,2,Product Comparison,application educate,/plans/compare,Bounced/Browsed,4,181,2.1,0,No,Elite,,No,,0.0
AV00119,594C7FFD77C5AE70,,L0022,New Lead,5/10/2024,13:33,Mobile,Safari,New,Email,EM_BRAND_Q224,West,/,5,Identity Verification,application start,/apply/verify,Yes,11,517,4.5,4,No,Elite,,No,,0.0
AV00120,E24111017E4AEDE0,,L0023,New Lead,5/10/2024,18:07,Desktop,Edge,New,Direct Mail,DM_BRAND_Q224,North,/offer,4,Personal Details,application start,/apply/details,Yes,9,264,0.9,1,No,Basic,,No,,0.0
AV00121,68CAB03E38BC9B77,,,Anonymous Prospect,5/10/2024,18:22,Mobile,Chrome,New,Email,EM_SWITCH_Q224,North,/plans/compare,1,Home Page,application educate,/,Bounced/Browsed,3,135,3.9,0,No,Basic,,No,,0.0
AV00122,2A6FA38505B48E44,,L0024,New Lead,5/10/2024,18:43,Mobile,Safari,Returning,SEM,SEM_RENEW_Q224,South,/plans/compare,5,Identity Verification,application start,/apply/verify,Yes,6,280,2.0,0,No,Premium,,No,,0.0
AV00123,F1353DC6D8D00129,,,Anonymous Prospect,5/10/2024,19:11,Mobile,Edge,New,SEM,SEM_SWITCH_Q224,North,/,1,Home Page,application educate,/,Bounced/Browsed,3,109,3.4,0,No,Plus,,No,,0.0
AV00124,FA4B351E5B4B0AD1,,,Anonymous Prospect,5/10/2024,21:03,Mobile,Chrome,New,SEO,,South,/,2,Product Comparison,application educate,/plans/compare,Bounced/Browsed,4,179,4.1,0,No,Plus,,No,,0.0
AV00125,DB61CBDC518481E0,,,Anonymous Prospect,5/10/2024,21:58,Mobile,Samsung Internet,New,Paid Social,SOC_RENEW_Q224,West,/,1,Home Page,application educate,/,Bounced/Browsed,4,110,2.1,0,No,Basic,,No,,0.0
AV00126,4B247A39472AF303,,,Anonymous Prospect,5/11/2024,06:26,Desktop,Chrome,New,Paid Social,SOC_RENEW_Q224,West,/plans/compare,2,Product Comparison,application educate,/plans/compare,Bounced/Browsed,2,219,2.0,0,No,Basic,,No,,0.0
AV00127,F52B8D897BD99C5A,,,Anonymous Prospect,5/11/2024,08:07,Mobile,Safari,Returning,Affiliate,AFF_BRAND_Q224,West,/,1,Home Page,application educate,/,Bounced/Browsed,4,140,2.9,0,No,Basic,,No,,0.0
AV00128,D8DC27A713AB1498,,,Anonymous Prospect,5/11/2024,09:27,Mobile,Edge,New,Display,DSP_PREMIUM_Q224,West,/,1,Home Page,application educate,/,Bounced/Browsed,1,135,1.9,0,No,Premium,,No,,0.0
AV00129,628B752943058124,,,Anonymous Prospect,5/11/2024,10:07,Desktop,Chrome,New,SEM,SEM_RENEW_Q224,East,/,2,Product Comparison,application educate,/plans/compare,Bounced/Browsed,6,124,2.5,0,No,Premium,,No,,0.0
AV00130,30BE432E2D676D29,,,Anonymous Prospect,5/11/2024,13:39,Mobile,Chrome,Returning,Direct,,North,/,2,Product Comparison,application educate,/plans/compare,Bounced/Browsed,5,228,4.6,0,No,Plus,,No,,0.0
AV00131,166932CA01EE4303,,,Anonymous Prospect,5/11/2024,14:26,Mobile,Safari,New,Direct,,South,/,2,Product Comparison,application educate,/plans/compare,Bounced/Browsed,6,189,4.6,0,No,Basic,,No,,0.0
AV00132,56330B85BADE3C28,,,Anonymous Prospect,5/11/2024,15:08,Desktop,Safari,New,Direct,,North,/,2,Product Comparison,application educate,/plans/compare,Bounced/Browsed,3,204,1.5,0,No,Plus,,No,,0.0
AV00133,110A33037F8FD628,,,Anonymous Prospect,5/11/2024,15:27,Mobile,Chrome,New,SEM,SEM_PLANS_Q224,South,/,2,Product Comparison,application educate,/plans/compare,Bounced/Browsed,4,235,2.5,0,No,Premium,,No,,0.0
AV00134,63D2FE0BF4C42AE4,,L0025,New Lead,5/11/2024,16:15,Mobile,Chrome,Returning,Direct Mail,DM_RENEW_Q224,South,/offer,5,Identity Verification,application start,/apply/verify,Yes,10,526,4.4,4,No,Premium,,No,,0.0
AV00135,0A96F6AD3DACF9D1,,,Anonymous Prospect,5/11/2024,16:33,Mobile,Safari,New,Display,DSP_PLANS_Q224,North,/,1,Home Page,application educate,/,Bounced/Browsed,3,118,4.7,0,No,Plus,,No,,0.0
AV00136,2DA5BACF2DF0E54D,,,Anonymous Prospect,5/11/2024,17:44,Mobile,Safari,New,Email,EM_PREMIUM_Q224,North,/plans/compare,1,Home Page,application educate,/,Bounced/Browsed,3,65,2.0,0,No,Premium,,No,,0.0
AV00137,F953FAFD613652D3,,,Anonymous Prospect,5/11/2024,18:15,Mobile,Chrome,New,Display,DSP_SWITCH_Q224,South,/,1,Home Page,application educate,/,Bounced/Browsed,3,80,2.9,0,No,Plus,,No,,0.0
AV00138,7AC09428C9925DA6,,,Anonymous Prospect,5/11/2024,19:08,Mobile,Samsung Internet,New,Paid Social,SOC_BRAND_Q224,East,/plans/compare,1,Home Page,application educate,/,Bounced/Browsed,1,117,5.0,0,No,Basic,,No,,0.0
AV00139,0D773572F327E1EA,,,Anonymous Prospect,5/11/2024,19:35,Desktop,Chrome,New,Display,DSP_SWITCH_Q224,West,/plans/compare,1,Home Page,application educate,/,Bounced/Browsed,3,136,3.1,0,No,Premium,,No,,0.0
AV00140,51E1074A8125DBB8,,,Anonymous Prospect,5/11/2024,20:25,Mobile,Firefox,New,SEM,SEM_RENEW_Q224,South,/plans/compare,2,Product Comparison,application educate,/plans/compare,Bounced/Browsed,4,197,2.9,0,No,Elite,,No,,0.0
AV00141,C6B12A6F617CA726,,,Anonymous Prospect,5/11/2024,21:20,Desktop,Chrome,New,Affiliate,AFF_PLANS_Q224,North,/,1,Home Page,application educate,/,Bounced/Browsed,1,140,2.6,0,No,Plus,,No,,0.0
AV00142,70F914B31F29D211,,,Anonymous Prospect,5/11/2024,22:19,Mobile,Chrome,New,Affiliate,AFF_SWITCH_Q224,West,/plans/compare,1,Home Page,application educate,/,Bounced/Browsed,2,123,5.1,0,No,Plus,,No,,0.0
AV00143,078B3D3DA17A1F4D,,,Anonymous Prospect,5/11/2024,22:57,Mobile,Chrome,New,Paid Social,SOC_BRAND_Q224,North,/plans/compare,1,Home Page,application educate,/,Bounced/Browsed,2,107,3.1,0,Yes,Plus,,No,,0.0
AV00144,25FB800641F15702,,,Anonymous Prospect,5/12/2024,06:31,Mobile,Chrome,New,SEO,,South,/plans/compare,2,Product Comparison,application educate,/plans/compare,Bounced/Browsed,5,212,2.7,0,No,Premium,,No,,0.0
AV00145,5D3B2A64618E8409,,,Anonymous Prospect,5/12/2024,08:12,Desktop,Safari,New,Display,DSP_RENEW_Q224,South,/plans/compare,2,Product Comparison,application educate,/plans/compare,Bounced/Browsed,3,147,1.4,0,No,Premium,,No,,0.0
AV00146,AD6F8B0956B6B3B0,,,Anonymous Prospect,5/12/2024,09:08,Mobile,Firefox,Returning,Display,DSP_SWITCH_Q224,South,/plans/compare,1,Home Page,application educate,/,Bounced/Browsed,2,131,2.2,0,No,Basic,,No,,0.0
AV00147,2F06A64A08BADA2D,,,Anonymous Prospect,5/12/2024,09:29,Mobile,Edge,New,Paid Social,SOC_RENEW_Q224,East,/plans/compare,1,Home Page,application educate,/,Bounced/Browsed,3,116,5.3,0,No,Elite,,No,,0.0
AV00148,B09FE6A9C4979D57,,,Anonymous Prospect,5/12/2024,10:11,Tablet,Safari,New,Display,DSP_PLUS_Q224,North,/plans/compare,1,Home Page,application educate,/,Bounced/Browsed,2,106,1.4,0,Yes,Plus,,No,,0.0
AV00149,494958E61C9D68D7,,,Anonymous Prospect,5/12/2024,10:26,Mobile,Safari,New,Paid Social,SOC_RENEW_Q224,South,/,1,Home Page,application educate,/,Bounced/Browsed,3,71,6.3,0,No,Elite,,No,,0.0
AV00150,91162D26B6244023,,,Anonymous Prospect,5/12/2024,18:49,Desktop,Chrome,New,Paid Social,SOC_RENEW_Q224,East,/plans/compare,2,Product Comparison,application educate,/plans/compare,Bounced/Browsed,3,158,2.9,0,No,Plus,,No,,0.0
AV00151,13661065F880BCBC,,L0026,New Lead,5/12/2024,20:03,Mobile,Edge,New,Email,EM_RENEW_Q224,East,/plans/compare,8,Payment & Confirmation,application complete,,No,17,681,2.5,0,No,Plus,3426.35,Yes,ORD00005,3426.35
AV00152,98183EA5B3ACA0A4,,,Anonymous Prospect,5/12/2024,20:43,Mobile,Chrome,New,SEM,SEM_PLUS_Q224,North,/,1,Home Page,application educate,/,Bounced/Browsed,3,94,1.8,0,Yes,Plus,,No,,0.0
AV00153,52FD9C578083E47F,,L0027,New Lead,5/12/2024,21:27,Desktop,Firefox,New,Paid Social,SOC_BRAND_Q224,North,/plans/compare,8,Payment & Confirmation,application complete,,No,16,703,0.7,1,No,Elite,6945.16,Yes,ORD00006,6945.16
AV00154,314996A6C6D300DD,,,Anonymous Prospect,5/12/2024,22:13,Desktop,Chrome,New,Paid Social,SOC_RENEW_Q224,West,/,1,Home Page,application educate,/,Bounced/Browsed,3,94,2.6,0,No,Premium,,No,,0.0
AV00155,42EC6F9B6C01F7BF,,,Anonymous Prospect,5/13/2024,10:02,Tablet,Edge,New,Direct,,East,/,1,Home Page,application educate,/,Bounced/Browsed,3,117,2.1,0,No,Basic,,No,,0.0
AV00156,66D420DD33DB8255,,,Anonymous Prospect,5/13/2024,12:58,Desktop,Safari,New,Direct Mail,DM_PLANS_Q224,North,/offer,2,Product Comparison,application educate,/plans/compare,Bounced/Browsed,5,188,1.4,0,No,Elite,,No,,0.0
AV00157,F6C1F86C55874CCC,,,Anonymous Prospect,5/13/2024,13:05,Desktop,Chrome,New,SEM,SEM_RENEW_Q224,West,/plans/compare,2,Product Comparison,application educate,/plans/compare,Bounced/Browsed,4,178,2.6,0,Yes,Plus,,No,,0.0
AV00158,80EBB3D6D440BBD6,,,Anonymous Prospect,5/13/2024,15:32,Mobile,Safari,New,Email,EM_BRAND_Q224,West,/plans/compare,1,Home Page,application educate,/,Bounced/Browsed,1,109,5.1,0,No,Basic,,No,,0.0
AV00159,4F7E54CD08CCF1FD,,,Anonymous Prospect,5/13/2024,16:15,Mobile,Chrome,New,Direct,,East,/,1,Home Page,application educate,/,Bounced/Browsed,2,72,3.3,0,No,Premium,,No,,0.0
AV00160,33F5CBB52516E5CD,,,Anonymous Prospect,5/13/2024,16:17,Mobile,Chrome,Returning,SEO,,East,/,3,Application Start,application start,/apply/start,Yes,5,275,2.5,0,No,Elite,,No,,0.0
AV00161,728E4A3CE2CA4881,,,Anonymous Prospect,5/13/2024,16:38,Desktop,Firefox,Returning,SEM,SEM_BRAND_Q224,West,/plans/compare,2,Product Comparison,application educate,/plans/compare,Bounced/Browsed,5,143,1.5,0,No,Premium,,No,,0.0
AV00162,B037DCF51389FCA6,,L0028,New Lead,5/13/2024,17:22,Desktop,Firefox,Returning,Email,EM_BRAND_Q224,West,/,8,Payment & Confirmation,application complete,,No,14,913,3.4,0,No,Plus,3612.37,Yes,ORD00007,3612.37
AV00163,9EE4D36EA2693C08,,,Anonymous Prospect,5/13/2024,19:33,Mobile,Chrome,New,Display,DSP_PLANS_Q224,West,/,1,Home Page,application educate,/,Bounced/Browsed,4,100,1.7,0,No,Basic,,No,,0.0
AV00164,E9B4ABFEF504CD84,,,Anonymous Prospect,5/14/2024,07:06,Mobile,Edge,New,SEO,,West,/plans/compare,1,Home Page,application educate,/,Bounced/Browsed,1,115,4.9,0,No,Plus,,No,,0.0
AV00165,1B1EEB36E73529A0,,,Anonymous Prospect,5/14/2024,07:22,Tablet,Edge,New,SEM,SEM_PLANS_Q224,East,/,2,Product Comparison,application educate,/plans/compare,Bounced/Browsed,4,168,2.3,0,Yes,Basic,,No,,0.0
AV00166,7B5242981F12C1A9,,,Anonymous Prospect,5/14/2024,08:04,Desktop,Safari,New,Display,DSP_SWITCH_Q224,West,/,1,Home Page,application educate,/,Bounced/Browsed,2,113,2.3,0,No,Plus,,No,,0.0
AV00167,DC07FDDED70B6B0E,,,Anonymous Prospect,5/14/2024,09:08,Mobile,Safari,New,Display,DSP_SWITCH_Q224,West,/,1,Home Page,application educate,/,Bounced/Browsed,3,119,2.5,0,No,Plus,,No,,0.0
AV00168,66E630DBC8CC1CCA,,,Anonymous Prospect,5/14/2024,10:41,Mobile,Chrome,New,Direct,,South,/,2,Product Comparison,application educate,/plans/compare,Bounced/Browsed,4,219,4.3,0,No,Plus,,No,,0.0
AV00169,F08561C3EBC26843,C074,,Existing Customer,5/14/2024,12:13,Mobile,Chrome,New,Email,EM_RENEW_Q224,North,/plans/compare,8,Payment & Confirmation,application complete,,No,17,442,4.6,0,No,Plus,4065.68,Yes,ORD00008,4065.68
AV00170,A31FEEBC5497C46F,,,Anonymous Prospect,5/14/2024,13:53,Desktop,Chrome,New,SEO,,East,/,1,Home Page,application educate,/,Bounced/Browsed,2,130,2.7,0,Yes,Basic,,No,,0.0
AV00171,755DC17FC24889B6,,L0029,New Lead,5/14/2024,14:15,Mobile,Chrome,Returning,Email,EM_PLANS_Q224,South,/,5,Identity Verification,application start,/apply/verify,Yes,8,423,5.4,4,Yes,Basic,,No,,0.0
AV00172,531AE23F4264B425,,,Anonymous Prospect,5/14/2024,14:57,Mobile,Safari,New,SEO,,North,/plans/compare,1,Home Page,application educate,/,Bounced/Browsed,2,133,3.5,0,No,Basic,,No,,0.0
AV00173,C9CFD09A41D65842,,,Anonymous Prospect,5/14/2024,18:57,Desktop,Chrome,Returning,SEO,,South,/,1,Home Page,application educate,/,Bounced/Browsed,3,97,2.3,0,No,Plus,,No,,0.0
AV00174,9DDD2EFA6C72CAB2,,,Anonymous Prospect,5/14/2024,19:12,Mobile,Chrome,Returning,SEO,,North,/,1,Home Page,application educate,/,Bounced/Browsed,3,89,3.3,0,No,Premium,,No,,0.0
AV00175,C1DE91B3CF843FC3,,,Anonymous Prospect,5/14/2024,19:25,Mobile,Safari,New,SEM,SEM_PLUS_Q224,East,/,1,Home Page,application educate,/,Bounced/Browsed,1,96,4.9,0,No,Plus,,No,,0.0
AV00176,C3188D460884F1DF,,,Anonymous Prospect,5/14/2024,21:01,Mobile,Chrome,New,SEO,,North,/,1,Home Page,application educate,/,Bounced/Browsed,2,128,2.6,0,No,Basic,,No,,0.0
AV00177,9033B1580BE9B40E,,,Anonymous Prospect,5/14/2024,22:00,Tablet,Samsung Internet,Returning,SEO,,North,/,3,Application Start,application start,/apply/start,Yes,4,321,1.8,0,No,Premium,,No,,0.0
AV00178,7E87B9B114602078,,,Anonymous Prospect,5/14/2024,22:37,Desktop,Chrome,New,Display,DSP_SWITCH_Q224,East,/,1,Home Page,application educate,/,Bounced/Browsed,1,114,1.8,0,No,Basic,,No,,0.0
AV00179,322510B74081DDBC,,,Anonymous Prospect,5/15/2024,06:30,Mobile,Chrome,Returning,Direct,,West,/,2,Product Comparison,application educate,/plans/compare,Bounced/Browsed,3,237,3.9,0,No,Premium,,No,,0.0
AV00180,A5446B2DEA0B8CE4,,,Anonymous Prospect,5/15/2024,06:57,Mobile,Firefox,New,Paid Social,SOC_RENEW_Q224,North,/,2,Product Comparison,application educate,/plans/compare,Bounced/Browsed,5,188,3.5,0,No,Plus,,No,,0.0
AV00181,8741E3A1AB97B44C,,L0030,New Lead,5/15/2024,08:11,Desktop,Edge,Returning,SEO,,East,/,5,Identity Verification,application start,/apply/verify,Yes,10,498,2.7,2,No,Basic,,No,,0.0
AV00182,190705E360DE8592,,,Anonymous Prospect,5/15/2024,10:06,Mobile,Firefox,Returning,Display,DSP_PREMIUM_Q224,North,/plans/compare,3,Application Start,application start,/apply/start,Yes,5,207,1.5,0,No,Premium,,No,,0.0
AV00183,37AA05B4A4ED3809,,L0031,New Lead,5/15/2024,10:28,Mobile,Firefox,New,Affiliate,AFF_SWITCH_Q224,South,/,5,Identity Verification,application start,/apply/verify,Yes,13,387,4.7,1,No,Plus,,No,,0.0
AV00184,F43E102EE1A18EF0,,,Anonymous Prospect,5/15/2024,12:55,Desktop,Firefox,Returning,SEO,,West,/plans/compare,1,Home Page,application educate,/,Bounced/Browsed,2,98,2.9,0,No,Premium,,No,,0.0
AV00185,CF5419A12DA8ACB6,,,Anonymous Prospect,5/15/2024,13:12,Desktop,Safari,New,Direct Mail,DM_RENEW_Q224,North,/offer,1,Home Page,application educate,/,Bounced/Browsed,4,127,1.6,0,No,Premium,,No,,0.0
AV00186,66CD27C3676903B3,,,Anonymous Prospect,5/15/2024,13:38,Mobile,Chrome,New,Direct Mail,DM_RENEW_Q224,North,/offer,1,Home Page,application educate,/,Bounced/Browsed,3,64,3.9,0,No,Basic,,No,,0.0
AV00187,03A18DCB27ED9E7E,,,Anonymous Prospect,5/15/2024,13:44,Desktop,Edge,New,SEM,SEM_PLANS_Q224,South,/plans/compare,1,Home Page,application educate,/,Bounced/Browsed,1,116,2.4,0,No,Basic,,No,,0.0
AV00188,A0632765EAE75D07,,,Anonymous Prospect,5/15/2024,15:02,Mobile,Safari,Returning,Paid Social,SOC_RENEW_Q224,West,/plans/compare,2,Product Comparison,application educate,/plans/compare,Bounced/Browsed,4,216,3.5,0,No,Elite,,No,,0.0
AV00189,CA485951896CF784,,,Anonymous Prospect,5/15/2024,16:41,Desktop,Chrome,Returning,SEM,SEM_BRAND_Q224,West,/,2,Product Comparison,application educate,/plans/compare,Bounced/Browsed,4,208,2.9,0,No,Plus,,No,,0.0
AV00190,8B32D438F552BF48,,,Anonymous Prospect,5/15/2024,17:27,Desktop,Safari,Returning,Display,DSP_PREMIUM_Q224,East,/plans/compare,1,Home Page,application educate,/,Bounced/Browsed,1,124,2.5,0,No,Premium,,No,,0.0
AV00191,4C34F88C0E6FF3A4,,L0032,New Lead,5/15/2024,18:30,Mobile,Chrome,New,SEM,SEM_SWITCH_Q224,North,/,5,Identity Verification,application start,/apply/verify,Yes,12,460,2.4,5,No,Plus,,No,,0.0
AV00192,3913CC5587D04E69,,,Anonymous Prospect,5/15/2024,18:33,Desktop,Chrome,New,Direct Mail,DM_RENEW_Q224,South,/offer,1,Home Page,application educate,/,Bounced/Browsed,3,160,1.4,0,No,Basic,,No,,0.0
AV00193,36378D3B0C7680F8,C068,,Existing Customer,5/15/2024,20:26,Desktop,Chrome,New,Direct Mail,DM_RENEW_Q224,South,/offer,6,Plan Customization & Quote,application submit,/apply/quote,Yes,11,670,1.3,3,No,Plus,3499.02,No,,0.0
AV00194,5427D60F6D4BA231,,,Anonymous Prospect,5/15/2024,21:53,Mobile,Safari,New,Direct,,West,/,2,Product Comparison,application educate,/plans/compare,Bounced/Browsed,2,173,5.9,0,Yes,Plus,,No,,0.0
AV00195,F04421B8C29AD23A,,,Anonymous Prospect,5/16/2024,07:55,Tablet,Edge,Returning,SEO,,East,/,2,Product Comparison,application educate,/plans/compare,Bounced/Browsed,4,268,1.9,0,No,Plus,,No,,0.0
AV00196,662ACAC35CAB2C9D,C073,,Existing Customer,5/16/2024,12:58,Mobile,Edge,New,Direct,,North,/,5,Identity Verification,application start,/apply/verify,Yes,11,332,1.5,3,Yes,Plus,,No,,0.0
AV00197,2A9F75C76842258D,,,Anonymous Prospect,5/16/2024,14:56,Desktop,Samsung Internet,Returning,Display,DSP_BASIC_Q224,East,/plans/compare,2,Product Comparison,application educate,/plans/compare,Bounced/Browsed,4,230,1.3,0,No,Basic,,No,,0.0
AV00198,FFA705C2BA59F01D,,,Anonymous Prospect,5/16/2024,15:21,Mobile,Chrome,New,SEM,SEM_BRAND_Q224,North,/,2,Product Comparison,application educate,/plans/compare,Bounced/Browsed,5,234,2.6,0,No,Basic,,No,,0.0
AV00199,800C2650F8577129,,,Anonymous Prospect,5/16/2024,16:24,Mobile,Edge,New,Email,EM_PLANS_Q224,West,/plans/compare,1,Home Page,application educate,/,Bounced/Browsed,2,145,5.9,0,No,Plus,,No,,0.0
AV00200,8501F6E0C139161E,,L0033,New Lead,5/16/2024,17:41,Tablet,Samsung Internet,New,Direct Mail,DM_PREMIUM_Q224,East,/offer,7,Review & e-Sign,application submit,/apply/review,Yes,12,803,2.1,0,No,Premium,4819.7,No,,0.0
AV00201,171A5CBCFCCC5450,,,Anonymous Prospect,5/16/2024,19:03,Tablet,Chrome,Returning,SEM,SEM_SWITCH_Q224,East,/plans/compare,2,Product Comparison,application educate,/plans/compare,Bounced/Browsed,4,215,2.5,0,No,Elite,,No,,0.0
AV00202,03B13C8FB13D59F6,,,Anonymous Prospect,5/16/2024,19:41,Mobile,Safari,New,Paid Social,SOC_RENEW_Q224,South,/,1,Home Page,application educate,/,Bounced/Browsed,2,156,6.4,0,No,Basic,,No,,0.0
AV00203,63EB360BD09C20D7,,,Anonymous Prospect,5/16/2024,19:59,Mobile,Chrome,New,SEM,SEM_PLANS_Q224,West,/,1,Home Page,application educate,/,Bounced/Browsed,2,134,5.1,0,No,Basic,,No,,0.0
AV00204,049A1270F5CC53B1,,,Anonymous Prospect,5/16/2024,21:40,Mobile,Safari,New,Paid Social,SOC_RENEW_Q224,South,/,1,Home Page,application educate,/,Bounced/Browsed,3,91,1.0,0,No,Elite,,No,,0.0
AV00205,801CE2D2B6EC3894,,,Anonymous Prospect,5/16/2024,22:30,Mobile,Chrome,New,Affiliate,AFF_BRAND_Q224,South,/,1,Home Page,application educate,/,Bounced/Browsed,1,135,0.7,0,No,Basic,,No,,0.0
AV00206,3876411D865D8F56,,,Anonymous Prospect,5/17/2024,06:23,Mobile,Safari,New,SEO,,East,/plans/compare,1,Home Page,application educate,/,Bounced/Browsed,3,141,5.0,0,No,Basic,,No,,0.0
AV00207,27EECC89EB590D4E,,,Anonymous Prospect,5/17/2024,06:52,Mobile,Edge,New,Email,EM_BRAND_Q224,South,/,2,Product Comparison,application educate,/plans/compare,Bounced/Browsed,4,241,5.0,0,No,Basic,,No,,0.0
AV00208,18EA056152C4EC28,,,Anonymous Prospect,5/17/2024,07:47,Desktop,Chrome,New,SEO,,North,/,2,Product Comparison,application educate,/plans/compare,Bounced/Browsed,3,233,2.0,0,No,Basic,,No,,0.0
AV00209,14244F87FA456446,,,Anonymous Prospect,5/17/2024,10:32,Mobile,Edge,Returning,SEM,SEM_RENEW_Q224,East,/plans/compare,2,Product Comparison,application educate,/plans/compare,Bounced/Browsed,5,192,1.7,0,No,Basic,,No,,0.0
AV00210,946CEF3C9550C43D,,,Anonymous Prospect,5/17/2024,10:34,Desktop,Edge,New,SEM,SEM_PREMIUM_Q224,North,/,1,Home Page,application educate,/,Bounced/Browsed,2,151,2.6,0,No,Premium,,No,,0.0
AV00211,6479F60CC2A5C252,,L0034,New Lead,5/17/2024,12:16,Mobile,Edge,New,SEO,,East,/,5,Identity Verification,application start,/apply/verify,Yes,7,389,2.8,7,No,Premium,,No,,0.0
AV00212,8AC2FE1BF27B769B,,,Anonymous Prospect,5/17/2024,12:33,Mobile,Chrome,New,Display,DSP_BASIC_Q224,East,/,2,Product Comparison,application educate,/plans/compare,Bounced/Browsed,4,152,4.1,0,No,Basic,,No,,0.0
AV00213,63DB1669379C1B11,,,Anonymous Prospect,5/17/2024,13:33,Mobile,Chrome,New,Paid Social,SOC_RENEW_Q224,South,/plans/compare,1,Home Page,application educate,/,Bounced/Browsed,3,152,1.5,0,No,Basic,,No,,0.0
AV00214,227D2D69694A6953,C002,,Existing Customer,5/17/2024,13:58,Mobile,Safari,New,Email,EM_BASIC_Q224,East,/,7,Review & e-Sign,application submit,/apply/review,Yes,11,666,2.3,0,No,Basic,1736.98,No,,0.0
AV00215,D2E0D54DA4D11E06,,,Anonymous Prospect,5/17/2024,14:34,Mobile,Samsung Internet,New,SEO,,South,/plans/compare,1,Home Page,application educate,/,Bounced/Browsed,3,119,1.3,0,No,Premium,,No,,0.0
AV00216,F83F578C06B9A151,,,Anonymous Prospect,5/17/2024,14:39,Mobile,Samsung Internet,New,SEM,SEM_ELITE_Q224,North,/,2,Product Comparison,application educate,/plans/compare,Bounced/Browsed,6,145,2.2,0,No,Elite,,No,,0.0
AV00217,DF8C7AA2CE6E79F8,,,Anonymous Prospect,5/17/2024,14:44,Desktop,Safari,New,Email,EM_SWITCH_Q224,North,/plans/compare,1,Home Page,application educate,/,Bounced/Browsed,2,96,2.4,0,No,Premium,,No,,0.0
AV00218,4F327AAB1E4DEDE1,,,Anonymous Prospect,5/17/2024,14:46,Mobile,Edge,New,Affiliate,AFF_PLUS_Q224,North,/plans/compare,3,Application Start,application start,/apply/start,Yes,6,171,2.0,0,Yes,Plus,,No,,0.0
AV00219,CC85F99E99FD9A47,,L0035,New Lead,5/17/2024,15:42,Desktop,Firefox,New,Affiliate,AFF_BRAND_Q224,West,/,4,Personal Details,application start,/apply/details,Yes,9,248,1.7,2,No,Basic,,No,,0.0
AV00220,7B7DE605BAF844C2,,,Anonymous Prospect,5/17/2024,16:55,Desktop,Edge,Returning,Paid Social,SOC_SWITCH_Q224,East,/,1,Home Page,application educate,/,Bounced/Browsed,3,119,1.7,0,No,Premium,,No,,0.0
AV00221,5EF3F441012A86EC,,,Anonymous Prospect,5/17/2024,18:12,Desktop,Chrome,New,SEM,SEM_RENEW_Q224,South,/,2,Product Comparison,application educate,/plans/compare,Bounced/Browsed,5,138,2.2,0,No,Plus,,No,,0.0
AV00222,EFFA09B7CE1FF943,,,Anonymous Prospect,5/17/2024,19:09,Mobile,Safari,New,Paid Social,SOC_SWITCH_Q224,South,/,2,Product Comparison,application educate,/plans/compare,Bounced/Browsed,5,251,3.6,0,No,Plus,,No,,0.0
AV00223,D97F118AE72957E8,,,Anonymous Prospect,5/17/2024,21:07,Mobile,Chrome,New,Paid Social,SOC_PLUS_Q224,East,/plans/compare,1,Home Page,application educate,/,Bounced/Browsed,4,118,2.3,0,No,Plus,,No,,0.0
AV00224,7BC01C993313AC30,,,Anonymous Prospect,5/17/2024,21:14,Desktop,Chrome,New,Paid Social,SOC_RENEW_Q224,East,/,1,Home Page,application educate,/,Bounced/Browsed,1,96,1.8,0,No,Premium,,No,,0.0
AV00225,77D0198ECB8482F0,,L0036,New Lead,5/17/2024,21:44,Desktop,Chrome,Returning,SEO,,West,/,8,Payment & Confirmation,application complete,,No,16,617,2.7,0,No,Plus,3463.33,Yes,ORD00009,3463.33
AV00226,A13A0FFCC5AA5CBF,,L0037,New Lead,5/17/2024,22:50,Mobile,Edge,New,SEM,SEM_SWITCH_Q224,North,/plans/compare,5,Identity Verification,application start,/apply/verify,Yes,6,588,4.8,5,No,Plus,,No,,0.0
AV00227,514024E1577B6B1E,,,Anonymous Prospect,5/18/2024,08:48,Desktop,Edge,New,SEM,SEM_PREMIUM_Q224,West,/,2,Product Comparison,application educate,/plans/compare,Bounced/Browsed,5,145,2.6,0,No,Premium,,No,,0.0
AV00228,AF3EEBCE58106A5F,,,Anonymous Prospect,5/18/2024,08:52,Mobile,Safari,Returning,SEO,,South,/plans/compare,1,Home Page,application educate,/,Bounced/Browsed,2,84,2.4,0,No,Basic,,No,,0.0
AV00229,6ADB48101DE804D0,,,Anonymous Prospect,5/18/2024,10:48,Mobile,Chrome,Returning,SEO,,North,/plans/compare,1,Home Page,application educate,/,Bounced/Browsed,2,124,1.7,0,No,Premium,,No,,0.0
AV00230,EF76D51852925ACA,,,Anonymous Prospect,5/18/2024,10:54,Mobile,Safari,New,Paid Social,SOC_SWITCH_Q224,North,/plans/compare,1,Home Page,application educate,/,Bounced/Browsed,4,126,1.0,0,No,Plus,,No,,0.0
AV00231,03B6874A63691741,C067,,Existing Customer,5/18/2024,12:08,Desktop,Chrome,New,Email,EM_SWITCH_Q224,West,/,8,Payment & Confirmation,application complete,,No,13,722,1.2,1,No,Premium,4354.98,Yes,ORD00010,4354.98
AV00232,D6426C9B4C885E7A,,L0038,New Lead,5/18/2024,12:13,Desktop,Safari,New,SEO,,North,/plans/compare,6,Plan Customization & Quote,application submit,/apply/quote,Yes,11,658,0.6,3,Yes,Premium,6250.39,No,,0.0
AV00233,881FBE3064FCD60D,,,Anonymous Prospect,5/18/2024,17:18,Tablet,Safari,Returning,SEO,,East,/,1,Home Page,application educate,/,Bounced/Browsed,3,148,3.1,0,No,Premium,,No,,0.0
AV00234,DA193313E5C7D477,,,Anonymous Prospect,5/18/2024,19:06,Mobile,Chrome,Returning,Direct,,South,/,2,Product Comparison,application educate,/plans/compare,Bounced/Browsed,5,123,1.5,0,No,Elite,,No,,0.0
AV00235,611DBCA6CFAA9816,,,Anonymous Prospect,5/18/2024,19:16,Tablet,Safari,New,SEO,,North,/plans/compare,1,Home Page,application educate,/,Bounced/Browsed,3,79,3.5,0,No,Premium,,No,,0.0
AV00236,168F481CDDE2EE31,,,Anonymous Prospect,5/18/2024,19:21,Desktop,Chrome,New,Paid Social,SOC_PLANS_Q224,East,/,1,Home Page,application educate,/,Bounced/Browsed,2,155,1.2,0,No,Elite,,No,,0.0
AV00237,7BBF069BFA415C68,,,Anonymous Prospect,5/18/2024,20:44,Desktop,Edge,New,SEM,SEM_SWITCH_Q224,West,/,3,Application Start,application start,/apply/start,Yes,6,245,2.0,0,Yes,Plus,,No,,0.0
AV00238,791813D36F639B97,,,Anonymous Prospect,5/18/2024,20:45,Desktop,Safari,Returning,SEM,SEM_SWITCH_Q224,West,/plans/compare,3,Application Start,application start,/apply/start,Yes,4,365,1.8,0,No,Plus,,No,,0.0
AV00239,F45C1E44A94C6CAE,,,Anonymous Prospect,5/18/2024,21:34,Desktop,Chrome,New,Paid Social,SOC_BASIC_Q224,North,/,2,Product Comparison,application educate,/plans/compare,Bounced/Browsed,5,255,1.5,0,No,Basic,,No,,0.0
AV00240,AB19393F632F6495,,L0039,New Lead,5/18/2024,22:01,Desktop,Chrome,Returning,Email,EM_RENEW_Q224,South,/,8,Payment & Confirmation,application complete,,No,19,715,2.4,0,No,Premium,4247.69,Yes,ORD00011,4247.69
AV00241,12AF9FA6278FFD90,,,Anonymous Prospect,5/18/2024,22:11,Desktop,Edge,New,Display,DSP_SWITCH_Q224,West,/,1,Home Page,application educate,/,Bounced/Browsed,3,130,3.0,0,No,Premium,,No,,0.0
AV00242,F87E37DD9B96CC67,,,Anonymous Prospect,5/18/2024,22:58,Mobile,Chrome,New,Display,DSP_SWITCH_Q224,East,/,1,Home Page,application educate,/,Bounced/Browsed,2,102,4.5,0,No,Premium,,No,,0.0
AV00243,C836988AD62EC5FA,,,Anonymous Prospect,5/19/2024,07:08,Mobile,Chrome,New,Direct Mail,DM_PREMIUM_Q224,North,/offer,1,Home Page,application educate,/,Bounced/Browsed,3,92,0.8,0,No,Premium,,No,,0.0
AV00244,C66A916EE1E56237,,,Anonymous Prospect,5/19/2024,08:27,Desktop,Safari,New,SEO,,East,/plans/compare,1,Home Page,application educate,/,Bounced/Browsed,3,91,2.2,0,No,Premium,,No,,0.0
AV00245,FB77C5B0017A071A,,,Anonymous Prospect,5/19/2024,08:27,Mobile,Chrome,New,Paid Social,SOC_PLUS_Q224,South,/,1,Home Page,application educate,/,Bounced/Browsed,2,133,0.6,0,No,Plus,,No,,0.0
AV00246,CEA888D576923D34,,,Anonymous Prospect,5/19/2024,09:25,Mobile,Safari,Returning,Display,DSP_BRAND_Q224,North,/plans/compare,1,Home Page,application educate,/,Bounced/Browsed,2,94,2.3,0,No,Basic,,No,,0.0
AV00247,5CEE0D456A57ABAD,,L0040,New Lead,5/19/2024,09:32,Desktop,Chrome,New,Email,EM_BRAND_Q224,West,/,6,Plan Customization & Quote,application submit,/apply/quote,Yes,12,578,2.8,1,Yes,Plus,2550.47,No,,0.0
AV00248,CF3118ADAEA952FC,,,Anonymous Prospect,5/19/2024,12:23,Tablet,Chrome,New,Paid Social,SOC_BRAND_Q224,South,/,1,Home Page,application educate,/,Bounced/Browsed,2,80,1.6,0,No,Plus,,No,,0.0
AV00249,9566ED1939410AB3,,,Anonymous Prospect,5/19/2024,12:33,Mobile,Chrome,New,Email,EM_RENEW_Q224,West,/,2,Product Comparison,application educate,/plans/compare,Bounced/Browsed,5,263,3.4,0,No,Premium,,No,,0.0
AV00250,CF8D82BB18A872E5,,,Anonymous Prospect,5/19/2024,12:48,Desktop,Safari,New,Paid Social,SOC_PREMIUM_Q224,North,/,1,Home Page,application educate,/,Bounced/Browsed,3,124,2.8,0,No,Premium,,No,,0.0
AV00251,91016134EE827E2A,,,Anonymous Prospect,5/19/2024,12:50,Desktop,Safari,New,Direct,,South,/,3,Application Start,application start,/apply/start,Yes,7,377,1.0,0,No,Premium,,No,,0.0
AV00252,076E0F0A4C92D8C5,,L0041,New Lead,5/19/2024,13:00,Tablet,Chrome,New,SEM,SEM_PREMIUM_Q224,South,/plans/compare,6,Plan Customization & Quote,application submit,/apply/quote,Yes,8,507,0.9,1,No,Premium,5008.41,No,,0.0
AV00253,C3AEF49F94F0B211,,,Anonymous Prospect,5/19/2024,15:52,Mobile,Safari,Returning,SEM,SEM_BASIC_Q224,North,/plans/compare,1,Home Page,application educate,/,Bounced/Browsed,3,79,3.2,0,No,Basic,,No,,0.0
AV00254,CA925F9772C0DEF1,,,Anonymous Prospect,5/19/2024,17:28,Desktop,Safari,New,Direct,,North,/,1,Home Page,application educate,/,Bounced/Browsed,1,115,2.1,0,No,Basic,,No,,0.0
AV00255,8826D916CDFB21C6,C001,,Existing Customer,5/19/2024,17:51,Mobile,Chrome,New,Direct,,South,/,1,Home Page,application educate,/,Bounced/Browsed,1,142,4.0,0,No,Premium,,No,,0.0
AV00256,E842B5E3A0B57CA1,,,Anonymous Prospect,5/19/2024,17:54,Mobile,Safari,Returning,SEO,,North,/,1,Home Page,application educate,/,Bounced/Browsed,2,111,2.6,0,No,Plus,,No,,0.0
AV00257,3CCBE908334C3485,,,Anonymous Prospect,5/19/2024,20:56,Desktop,Safari,New,SEO,,East,/plans/compare,1,Home Page,application educate,/,Bounced/Browsed,4,76,1.4,0,No,Elite,,No,,0.0
AV00258,3DE489847E18F9D7,,,Anonymous Prospect,5/19/2024,21:54,Desktop,Safari,New,Email,EM_SWITCH_Q224,East,/,1,Home Page,application educate,/,Bounced/Browsed,3,93,0.6,0,No,Plus,,No,,0.0
AV00259,5E59055606BB4B02,,,Anonymous Prospect,5/19/2024,21:58,Desktop,Chrome,New,Direct Mail,DM_PLANS_Q224,West,/offer,2,Product Comparison,application educate,/plans/compare,Bounced/Browsed,5,147,2.0,0,No,Basic,,No,,0.0
AV00260,A6A586917F87E46C,,L0042,New Lead,5/20/2024,06:54,Mobile,Safari,New,SEM,SEM_BASIC_Q224,West,/,4,Personal Details,application start,/apply/details,Yes,9,280,5.9,3,No,Basic,,No,,0.0
AV00261,D30CCD3DF54A67D5,,,Anonymous Prospect,5/20/2024,07:14,Desktop,Chrome,New,SEO,,East,/plans/compare,1,Home Page,application educate,/,Bounced/Browsed,2,91,4.2,0,No,Basic,,No,,0.0
AV00262,169AF4D84A158513,,L0043,New Lead,5/20/2024,07:17,Mobile,Safari,New,Paid Social,SOC_PREMIUM_Q224,East,/plans/compare,8,Payment & Confirmation,application complete,,No,17,819,4.3,1,No,Premium,6375.23,Yes,ORD00012,6375.23
AV00263,E27FF3834B84C831,,,Anonymous Prospect,5/20/2024,08:09,Mobile,Chrome,New,Display,DSP_RENEW_Q224,South,/plans/compare,2,Product Comparison,application educate,/plans/compare,Bounced/Browsed,5,185,2.9,0,No,Premium,,No,,0.0
AV00264,81D9EA9C3B1DBC1C,,,Anonymous Prospect,5/20/2024,08:53,Mobile,Chrome,New,Email,EM_PLANS_Q224,South,/plans/compare,2,Product Comparison,application educate,/plans/compare,Bounced/Browsed,3,231,5.2,0,No,Basic,,No,,0.0
AV00265,E1217837BBCC8B35,,,Anonymous Prospect,5/20/2024,10:39,Mobile,Edge,New,SEO,,East,/,1,Home Page,application educate,/,Bounced/Browsed,1,128,5.4,0,No,Elite,,No,,0.0
AV00266,A3A67CA062EAC926,,,Anonymous Prospect,5/20/2024,10:40,Mobile,Chrome,New,Paid Social,SOC_RENEW_Q224,North,/,2,Product Comparison,application educate,/plans/compare,Bounced/Browsed,4,118,2.5,0,No,Premium,,No,,0.0
AV00267,27A166D120BBB9AE,,,Anonymous Prospect,5/20/2024,11:46,Desktop,Chrome,New,Paid Social,SOC_BRAND_Q224,North,/plans/compare,1,Home Page,application educate,/,Bounced/Browsed,1,92,0.8,0,No,Plus,,No,,0.0
AV00268,D6F33D5830DD2530,,,Anonymous Prospect,5/20/2024,12:21,Desktop,Chrome,New,Direct,,West,/,1,Home Page,application educate,/,Bounced/Browsed,1,117,3.8,0,No,Plus,,No,,0.0
AV00269,C2878FFE3B0B0656,,L0044,New Lead,5/20/2024,14:16,Desktop,Chrome,Returning,SEM,SEM_PLUS_Q224,South,/,6,Plan Customization & Quote,application submit,/apply/quote,Yes,12,655,2.6,1,No,Plus,3626.85,No,,0.0
AV00270,5392234C1EA1722C,,,Anonymous Prospect,5/20/2024,16:22,Desktop,Firefox,Returning,Affiliate,AFF_RENEW_Q224,East,/plans/compare,1,Home Page,application educate,/,Bounced/Browsed,1,128,3.0,0,No,Elite,,No,,0.0
AV00271,9B31E8459D84E08C,,L0045,New Lead,5/20/2024,16:52,Desktop,Chrome,Returning,SEO,,South,/plans/compare,8,Payment & Confirmation,application complete,,No,17,773,1.3,0,No,Premium,4358.73,Yes,ORD00013,4358.73
AV00272,CBFD6BE96B7180E6,,,Anonymous Prospect,5/20/2024,19:41,Tablet,Safari,New,SEM,SEM_BRAND_Q224,South,/,2,Product Comparison,application educate,/plans/compare,Bounced/Browsed,4,238,1.0,0,No,Plus,,No,,0.0
AV00273,BE53D4F41DA1CEE7,,,Anonymous Prospect,5/20/2024,20:26,Desktop,Safari,New,SEM,SEM_PREMIUM_Q224,South,/,2,Product Comparison,application educate,/plans/compare,Bounced/Browsed,6,224,2.0,0,No,Premium,,No,,0.0
AV00274,BD59740046DAF3EC,,L0046,New Lead,5/20/2024,21:51,Mobile,Chrome,New,Direct,,East,/,5,Identity Verification,application start,/apply/verify,Yes,12,335,2.8,2,No,Plus,,No,,0.0
AV00275,965388F5F013BBC7,,L0047,New Lead,5/21/2024,06:06,Mobile,Chrome,New,SEO,,South,/,5,Identity Verification,application start,/apply/verify,Yes,9,298,2.3,2,No,Plus,,No,,0.0
AV00276,8801875C6AB2A53C,,L0048,New Lead,5/21/2024,06:21,Desktop,Firefox,New,Paid Social,SOC_PLANS_Q224,South,/,4,Personal Details,application start,/apply/details,Yes,10,295,2.5,1,Yes,Plus,,No,,0.0
AV00277,E6ABA9A333002BBB,,,Anonymous Prospect,5/21/2024,06:51,Mobile,Chrome,Returning,SEO,,North,/,1,Home Page,application educate,/,Bounced/Browsed,2,132,1.1,0,No,Plus,,No,,0.0
AV00278,062C866487168AF1,,,Anonymous Prospect,5/21/2024,09:00,Desktop,Safari,New,SEM,SEM_RENEW_Q224,West,/,1,Home Page,application educate,/,Bounced/Browsed,1,145,1.9,0,No,Basic,,No,,0.0
AV00279,25DFBCCDF5767C22,,,Anonymous Prospect,5/21/2024,09:04,Tablet,Edge,Returning,Paid Social,SOC_RENEW_Q224,North,/,1,Home Page,application educate,/,Bounced/Browsed,1,95,2.3,0,No,Plus,,No,,0.0
AV00280,FFB4E19AD72F9049,,,Anonymous Prospect,5/21/2024,09:12,Mobile,Chrome,New,SEO,,East,/plans/compare,1,Home Page,application educate,/,Bounced/Browsed,3,105,2.1,0,No,Basic,,No,,0.0
AV00281,9E917C87D26160DA,,,Anonymous Prospect,5/21/2024,09:19,Desktop,Edge,New,Display,DSP_RENEW_Q224,South,/,1,Home Page,application educate,/,Bounced/Browsed,2,72,2.3,0,Yes,Plus,,No,,0.0
AV00282,6A041D950654AF6E,,,Anonymous Prospect,5/21/2024,10:27,Tablet,Edge,New,Display,DSP_RENEW_Q224,West,/,1,Home Page,application educate,/,Bounced/Browsed,3,116,2.7,0,No,Premium,,No,,0.0
AV00283,B187E5FCA0118FB1,,,Anonymous Prospect,5/21/2024,11:55,Desktop,Safari,New,Direct,,South,/,1,Home Page,application educate,/,Bounced/Browsed,2,96,2.1,0,No,Premium,,No,,0.0
AV00284,8358E5358255493D,,L0049,New Lead,5/21/2024,12:07,Mobile,Safari,Returning,SEM,SEM_PREMIUM_Q224,East,/,5,Identity Verification,application start,/apply/verify,Yes,10,458,0.9,1,No,Premium,,No,,0.0
AV00285,10D0686AA10FEA3A,,,Anonymous Prospect,5/21/2024,12:52,Mobile,Chrome,New,Display,DSP_PLANS_Q224,North,/plans/compare,1,Home Page,application educate,/,Bounced/Browsed,4,132,1.7,0,No,Basic,,No,,0.0
AV00286,CFE41299512942DA,,,Anonymous Prospect,5/21/2024,14:00,Desktop,Safari,New,Email,EM_RENEW_Q224,South,/,2,Product Comparison,application educate,/plans/compare,Bounced/Browsed,4,144,2.1,0,No,Basic,,No,,0.0
AV00287,893617243C324568,,,Anonymous Prospect,5/21/2024,15:39,Mobile,Chrome,New,SEM,SEM_RENEW_Q224,South,/,1,Home Page,application educate,/,Bounced/Browsed,3,106,1.7,0,No,Elite,,No,,0.0
AV00288,88C347A0B0409234,,,Anonymous Prospect,5/21/2024,16:15,Mobile,Chrome,New,SEO,,East,/plans/compare,1,Home Page,application educate,/,Bounced/Browsed,2,113,5.0,0,No,Plus,,No,,0.0
AV00289,111A171A158F9736,,,Anonymous Prospect,5/21/2024,18:03,Desktop,Chrome,New,Direct,,South,/,1,Home Page,application educate,/,Bounced/Browsed,3,95,1.6,0,No,Premium,,No,,0.0
AV00290,201D6098FD6D9655,,L0050,New Lead,5/21/2024,18:46,Desktop,Safari,New,Email,EM_PLUS_Q224,North,/,6,Plan Customization & Quote,application submit,/apply/quote,Yes,10,638,1.5,2,No,Plus,3033.43,No,,0.0
AV00291,582DD773EFDDFE80,,L0051,New Lead,5/21/2024,20:06,Mobile,Chrome,New,SEO,,South,/,7,Review & e-Sign,application submit,/apply/review,Yes,10,387,1.8,1,No,Plus,3669.32,No,,0.0
AV00292,7F6FF6226663F68E,,L0052,New Lead,5/21/2024,20:40,Desktop,Safari,New,SEM,SEM_BASIC_Q224,West,/,8,Payment & Confirmation,application complete,,No,12,620,2.6,2,No,Basic,1322.34,Yes,ORD00014,1322.34
AV00293,0DF551C4ADFEABC3,C027,,Existing Customer,5/21/2024,21:45,Desktop,Chrome,New,SEM,SEM_PLANS_Q224,South,/,1,Home Page,application educate,/,Bounced/Browsed,2,98,3.1,0,No,Premium,,No,,0.0
AV00294,0720425EF5C360EB,,,Anonymous Prospect,5/22/2024,06:14,Desktop,Safari,Returning,Paid Social,SOC_PLANS_Q224,South,/plans/compare,1,Home Page,application educate,/,Bounced/Browsed,1,104,1.9,0,No,Basic,,No,,0.0
AV00295,19C0083A15FF2100,C082,,Existing Customer,5/22/2024,06:35,Desktop,Safari,New,Direct,,North,/,2,Product Comparison,application educate,/plans/compare,Bounced/Browsed,4,152,1.5,0,No,Basic,,No,,0.0
AV00296,C915D0A239F3CA63,,,Anonymous Prospect,5/22/2024,08:20,Mobile,Safari,Returning,Affiliate,AFF_RENEW_Q224,West,/plans/compare,3,Application Start,application start,/apply/start,Yes,6,341,2.4,0,No,Basic,,No,,0.0
AV00297,413800B116789688,,,Anonymous Prospect,5/22/2024,10:28,Desktop,Safari,New,Display,DSP_RENEW_Q224,South,/,1,Home Page,application educate,/,Bounced/Browsed,2,108,2.2,0,No,Basic,,No,,0.0
AV00298,2105D3CDAB597C16,,,Anonymous Prospect,5/22/2024,10:39,Mobile,Firefox,New,SEM,SEM_RENEW_Q224,East,/plans/compare,2,Product Comparison,application educate,/plans/compare,Bounced/Browsed,4,216,3.6,0,No,Premium,,No,,0.0
AV00299,13D0C691ED7C9F21,,L0053,New Lead,5/22/2024,10:42,Mobile,Chrome,Returning,Direct,,East,/,7,Review & e-Sign,application submit,/apply/review,Yes,14,783,3.7,2,No,Premium,5279.25,No,,0.0
AV00300,BD6DDF042C0542AB,,,Anonymous Prospect,5/22/2024,11:27,Desktop,Chrome,New,Display,DSP_PLUS_Q224,West,/plans/compare,1,Home Page,application educate,/,Bounced/Browsed,2,101,1.7,0,No,Plus,,No,,0.0
AV00301,632D54A61A4AC6AD,,,Anonymous Prospect,5/22/2024,11:57,Desktop,Safari,New,SEO,,North,/plans/compare,2,Product Comparison,application educate,/plans/compare,Bounced/Browsed,4,146,1.9,0,No,Plus,,No,,0.0
AV00302,B53BD85084DD259C,,,Anonymous Prospect,5/22/2024,12:58,Mobile,Edge,New,Email,EM_RENEW_Q224,South,/plans/compare,2,Product Comparison,application educate,/plans/compare,Bounced/Browsed,6,159,5.0,0,No,Premium,,No,,0.0
AV00303,E68E346CC1080159,,,Anonymous Prospect,5/22/2024,13:54,Desktop,Safari,New,Paid Social,SOC_PLANS_Q224,West,/,1,Home Page,application educate,/,Bounced/Browsed,3,120,2.2,0,No,Elite,,No,,0.0
AV00304,BE06EC05EBFD8C2D,,L0054,New Lead,5/22/2024,16:29,Mobile,Safari,New,Display,DSP_BRAND_Q224,North,/,4,Personal Details,application start,/apply/details,Yes,7,402,2.6,0,No,Premium,,No,,0.0
AV00305,3BDB167849D0D085,,,Anonymous Prospect,5/22/2024,16:52,Mobile,Chrome,New,Affiliate,AFF_BRAND_Q224,West,/plans/compare,1,Home Page,application educate,/,Bounced/Browsed,2,134,1.7,0,No,Plus,,No,,0.0
AV00306,B942125298B999D6,,,Anonymous Prospect,5/22/2024,17:15,Mobile,Safari,New,Paid Social,SOC_PREMIUM_Q224,West,/,2,Product Comparison,application educate,/plans/compare,Bounced/Browsed,5,149,1.7,0,No,Premium,,No,,0.0
AV00307,0AB0744CD80315BB,,,Anonymous Prospect,5/22/2024,18:35,Mobile,Firefox,New,Paid Social,SOC_BRAND_Q224,South,/,1,Home Page,application educate,/,Bounced/Browsed,2,84,1.9,0,No,Elite,,No,,0.0
AV00308,15C3B4C8992BC003,,L0055,New Lead,5/22/2024,20:31,Desktop,Safari,New,SEM,SEM_RENEW_Q224,East,/plans/compare,8,Payment & Confirmation,application complete,,No,17,809,1.7,0,No,Premium,5883.68,Yes,ORD00015,5883.68
AV00309,4FDB2C63450D670B,,,Anonymous Prospect,5/22/2024,22:29,Mobile,Chrome,New,SEO,,North,/plans/compare,1,Home Page,application educate,/,Bounced/Browsed,2,118,2.5,0,No,Plus,,No,,0.0
AV00310,3F6D5C836F956AF3,,L0056,New Lead,5/23/2024,06:38,Mobile,Safari,Returning,Direct,,South,/,5,Identity Verification,application start,/apply/verify,Yes,7,519,5.0,3,No,Basic,,No,,0.0
AV00311,CFD61DF0FE780ABC,,,Anonymous Prospect,5/23/2024,08:05,Desktop,Safari,New,SEM,SEM_RENEW_Q224,West,/,2,Product Comparison,application educate,/plans/compare,Bounced/Browsed,4,198,1.7,0,No,Basic,,No,,0.0
AV00312,9E113A9D8ED2EB81,,,Anonymous Prospect,5/23/2024,08:11,Mobile,Chrome,New,Direct,,East,/,1,Home Page,application educate,/,Bounced/Browsed,2,84,2.6,0,No,Plus,,No,,0.0
AV00313,BCF37359CB2746C9,,,Anonymous Prospect,5/23/2024,10:39,Mobile,Safari,New,Paid Social,SOC_PLUS_Q224,West,/plans/compare,1,Home Page,application educate,/,Bounced/Browsed,2,112,4.4,0,No,Plus,,No,,0.0
AV00314,778BC523DCC32C9D,,,Anonymous Prospect,5/23/2024,10:40,Desktop,Safari,New,Display,DSP_PLUS_Q224,West,/,2,Product Comparison,application educate,/plans/compare,Bounced/Browsed,3,189,2.9,0,No,Plus,,No,,0.0
AV00315,91D37BA67268827B,,,Anonymous Prospect,5/23/2024,11:10,Desktop,Safari,New,Direct,,East,/,3,Application Start,application start,/apply/start,Yes,6,315,2.7,0,No,Premium,,No,,0.0
AV00316,0419F96452EC8E89,,,Anonymous Prospect,5/23/2024,11:21,Mobile,Chrome,Returning,SEO,,South,/,2,Product Comparison,application educate,/plans/compare,Bounced/Browsed,5,175,2.7,0,No,Basic,,No,,0.0
AV00317,1CFD206FF410D3F8,,,Anonymous Prospect,5/23/2024,11:30,Mobile,Chrome,New,Direct,,West,/,1,Home Page,application educate,/,Bounced/Browsed,2,148,2.6,0,No,Basic,,No,,0.0
AV00318,2F7C9A4A36FCAB30,,,Anonymous Prospect,5/23/2024,12:36,Desktop,Edge,Returning,SEO,,West,/plans/compare,1,Home Page,application educate,/,Bounced/Browsed,3,105,2.6,0,No,Plus,,No,,0.0
AV00319,E3E4CD29A8E94415,,L0057,New Lead,5/23/2024,12:56,Desktop,Safari,New,SEO,,West,/,8,Payment & Confirmation,application complete,,No,20,441,2.2,0,No,Premium,4489.55,Yes,ORD00016,4489.55
AV00320,292F79B83BA52B84,,,Anonymous Prospect,5/23/2024,14:59,Mobile,Edge,New,SEO,,East,/plans/compare,2,Product Comparison,application educate,/plans/compare,Bounced/Browsed,3,156,5.4,0,No,Basic,,No,,0.0
AV00321,4DB4396530CC1011,,,Anonymous Prospect,5/23/2024,15:09,Mobile,Chrome,Returning,SEO,,East,/,2,Product Comparison,application educate,/plans/compare,Bounced/Browsed,2,265,4.2,0,No,Plus,,No,,0.0
AV00322,240EF6B6BE2FBF6D,,L0058,New Lead,5/23/2024,16:09,Desktop,Safari,New,Email,EM_BRAND_Q224,East,/,7,Review & e-Sign,application submit,/apply/review,Yes,15,551,1.6,0,No,Plus,2559.14,No,,0.0
AV00323,44EB65982FFED4CE,,L0059,New Lead,5/23/2024,16:42,Mobile,Safari,New,Paid Social,SOC_BRAND_Q224,East,/plans/compare,8,Payment & Confirmation,application complete,,No,18,568,4.0,0,No,Elite,9062.38,Yes,ORD00017,9062.38
AV00324,9C4F4E42B02C6B2A,,,Anonymous Prospect,5/23/2024,16:52,Mobile,Chrome,Returning,Direct Mail,DM_BRAND_Q224,North,/offer,2,Product Comparison,application educate,/plans/compare,Bounced/Browsed,4,183,1.9,0,No,Plus,,No,,0.0
AV00325,C333A60F81B1846D,,,Anonymous Prospect,5/23/2024,17:03,Desktop,Chrome,New,SEM,SEM_RENEW_Q224,North,/,1,Home Page,application educate,/,Bounced/Browsed,3,65,1.4,0,No,Premium,,No,,0.0
AV00326,E30EAC155DE31A14,,,Anonymous Prospect,5/23/2024,18:05,Mobile,Safari,New,Paid Social,SOC_PREMIUM_Q224,South,/,1,Home Page,application educate,/,Bounced/Browsed,2,145,4.9,0,No,Premium,,No,,0.0
AV00327,2C06FFC8C58DDC1B,,,Anonymous Prospect,5/23/2024,18:12,Desktop,Safari,New,Display,DSP_ELITE_Q224,North,/plans/compare,1,Home Page,application educate,/,Bounced/Browsed,2,118,2.2,0,No,Elite,,No,,0.0
AV00328,053B09245ADED333,,L0060,New Lead,5/23/2024,18:50,Mobile,Firefox,New,Paid Social,SOC_RENEW_Q224,East,/plans/compare,7,Review & e-Sign,application submit,/apply/review,Yes,15,462,3.0,0,No,Basic,2226.57,No,,0.0
AV00329,CCB49EC0411831EF,,,Anonymous Prospect,5/23/2024,19:18,Mobile,Safari,New,SEM,SEM_PREMIUM_Q224,South,/,2,Product Comparison,application educate,/plans/compare,Bounced/Browsed,6,184,6.3,0,No,Premium,,No,,0.0
AV00330,80FA248CF9D57361,,L0061,New Lead,5/23/2024,19:45,Tablet,Safari,New,Affiliate,AFF_PLUS_Q224,West,/plans/compare,8,Payment & Confirmation,application complete,,No,12,510,2.0,0,No,Plus,2554.14,Yes,ORD00018,2554.14
AV00331,52714668A85B391F,C087,,Existing Customer,5/23/2024,19:56,Tablet,Safari,New,SEM,SEM_PLANS_Q224,East,/,2,Product Comparison,application educate,/plans/compare,Bounced/Browsed,6,235,2.5,0,No,Plus,,No,,0.0
AV00332,FFB609FEBE9E750D,C089,,Existing Customer,5/23/2024,21:42,Mobile,Edge,New,Affiliate,AFF_RENEW_Q224,North,/,2,Product Comparison,application educate,/plans/compare,Bounced/Browsed,4,202,0.7,0,No,Plus,,No,,0.0
AV00333,6299871810A2F8A7,,L0062,New Lead,5/23/2024,22:50,Desktop,Safari,New,SEM,SEM_PLANS_Q224,South,/plans/compare,8,Payment & Confirmation,application complete,,No,15,727,2.2,0,No,Basic,1407.28,Yes,ORD00019,1407.28
AV00334,D926DBC73C755904,,,Anonymous Prospect,5/24/2024,06:11,Desktop,Safari,Returning,Affiliate,AFF_PLANS_Q224,East,/,2,Product Comparison,application educate,/plans/compare,Bounced/Browsed,4,235,1.7,0,No,Basic,,No,,0.0
AV00335,92F9B02F28BF252E,,,Anonymous Prospect,5/24/2024,08:38,Desktop,Chrome,New,SEM,SEM_PLANS_Q224,North,/,2,Product Comparison,application educate,/plans/compare,Bounced/Browsed,3,175,4.2,0,No,Premium,,No,,0.0
AV00336,D2746248599F6B0C,,,Anonymous Prospect,5/24/2024,09:10,Desktop,Chrome,New,Direct,,East,/,2,Product Comparison,application educate,/plans/compare,Bounced/Browsed,4,225,1.7,0,No,Basic,,No,,0.0
AV00337,D8EE4FD32CF6E60C,,,Anonymous Prospect,5/24/2024,10:34,Desktop,Safari,Returning,Paid Social,SOC_BRAND_Q224,North,/,2,Product Comparison,application educate,/plans/compare,Bounced/Browsed,5,205,2.3,0,No,Plus,,No,,0.0
AV00338,A3FF01EAD06B9F9E,,,Anonymous Prospect,5/24/2024,10:57,Desktop,Safari,New,SEM,SEM_SWITCH_Q224,West,/plans/compare,3,Application Start,application start,/apply/start,Yes,8,228,0.7,0,No,Plus,,No,,0.0
AV00339,55A7AB6BA40AD21D,,,Anonymous Prospect,5/24/2024,11:55,Tablet,Safari,New,Paid Social,SOC_BRAND_Q224,North,/,1,Home Page,application educate,/,Bounced/Browsed,2,125,2.4,0,No,Basic,,No,,0.0
AV00340,1272D6BF5621A80B,,,Anonymous Prospect,5/24/2024,13:15,Desktop,Safari,New,SEM,SEM_RENEW_Q224,West,/,2,Product Comparison,application educate,/plans/compare,Bounced/Browsed,4,198,2.2,0,No,Premium,,No,,0.0
AV00341,1EF9AA15A3BF6D5E,,,Anonymous Prospect,5/24/2024,13:43,Mobile,Safari,New,SEO,,West,/,1,Home Page,application educate,/,Bounced/Browsed,3,109,2.6,0,No,Basic,,No,,0.0
AV00342,511CE0B51CA61A7E,,,Anonymous Prospect,5/24/2024,14:11,Desktop,Chrome,New,Email,EM_RENEW_Q224,West,/,1,Home Page,application educate,/,Bounced/Browsed,3,114,2.2,0,No,Premium,,No,,0.0
AV00343,E9FA578CE5E8EAB8,,,Anonymous Prospect,5/24/2024,15:07,Mobile,Safari,New,SEM,SEM_RENEW_Q224,East,/plans/compare,2,Product Comparison,application educate,/plans/compare,Bounced/Browsed,4,248,2.3,0,No,Basic,,No,,0.0
AV00344,9C3F90E7F1A28B82,,,Anonymous Prospect,5/24/2024,15:34,Desktop,Firefox,Returning,Affiliate,AFF_RENEW_Q224,West,/plans/compare,3,Application Start,application start,/apply/start,Yes,6,202,3.1,0,No,Plus,,No,,0.0
AV00345,5349BE97D9596164,,,Anonymous Prospect,5/24/2024,15:38,Desktop,Samsung Internet,New,Paid Social,SOC_RENEW_Q224,West,/plans/compare,1,Home Page,application educate,/,Bounced/Browsed,1,100,1.2,0,No,Basic,,No,,0.0
AV00346,917676546A989057,,,Anonymous Prospect,5/24/2024,15:41,Mobile,Safari,New,Display,DSP_BRAND_Q224,East,/,1,Home Page,application educate,/,Bounced/Browsed,3,111,5.4,0,No,Premium,,No,,0.0
AV00347,E7FDF2A53C8F7AFC,,,Anonymous Prospect,5/24/2024,18:55,Mobile,Firefox,New,SEO,,North,/plans/compare,2,Product Comparison,application educate,/plans/compare,Bounced/Browsed,6,133,1.2,0,No,Premium,,No,,0.0
AV00348,A9EB4D841EA2A75B,,,Anonymous Prospect,5/24/2024,19:10,Mobile,Safari,New,Email,EM_BASIC_Q224,South,/,2,Product Comparison,application educate,/plans/compare,Bounced/Browsed,2,188,4.0,0,No,Basic,,No,,0.0
AV00349,284961FAE98E6F9B,,,Anonymous Prospect,5/24/2024,19:34,Desktop,Safari,New,Paid Social,SOC_SWITCH_Q224,West,/,2,Product Comparison,application educate,/plans/compare,Bounced/Browsed,5,190,2.4,0,No,Basic,,No,,0.0
AV00350,0EE55685D65081D7,,,Anonymous Prospect,5/24/2024,19:35,Mobile,Safari,New,SEM,SEM_BRAND_Q224,South,/,1,Home Page,application educate,/,Bounced/Browsed,2,85,1.7,0,No,Basic,,No,,0.0
AV00351,CFC56AC8CFD4F141,,,Anonymous Prospect,5/24/2024,20:18,Tablet,Chrome,Returning,SEM,SEM_BRAND_Q224,East,/,2,Product Comparison,application educate,/plans/compare,Bounced/Browsed,4,238,1.8,0,No,Plus,,No,,0.0
AV00352,410E7269DE8DC6D1,,L0063,New Lead,5/24/2024,21:55,Mobile,Safari,New,SEM,SEM_PREMIUM_Q224,East,/plans/compare,7,Review & e-Sign,application submit,/apply/review,Yes,16,763,5.3,2,Yes,Premium,5385.85,No,,0.0
AV00353,A51AAA928A9C34D6,,L0064,New Lead,5/25/2024,07:07,Mobile,Safari,New,SEO,,North,/,5,Identity Verification,application start,/apply/verify,Yes,10,273,1.4,2,No,Plus,,No,,0.0
AV00354,ADD69BD82F0BB8B2,C036,,Existing Customer,5/25/2024,08:07,Mobile,Safari,New,Display,DSP_PLUS_Q224,South,/plans/compare,1,Home Page,application educate,/,Bounced/Browsed,1,114,3.6,0,No,Plus,,No,,0.0
AV00355,7B05AD4E6A7AE9EA,,,Anonymous Prospect,5/25/2024,11:05,Mobile,Safari,New,SEO,,West,/,1,Home Page,application educate,/,Bounced/Browsed,2,75,4.6,0,No,Basic,,No,,0.0
AV00356,58BC9D83513582C2,,,Anonymous Prospect,5/25/2024,11:21,Desktop,Chrome,New,Direct Mail,DM_RENEW_Q224,West,/offer,2,Product Comparison,application educate,/plans/compare,Bounced/Browsed,3,203,2.5,0,No,Basic,,No,,0.0
AV00357,3220CE926DE2E9B7,,L0065,New Lead,5/25/2024,15:20,Desktop,Safari,New,Direct,,West,/,8,Payment & Confirmation,application complete,,No,18,739,1.7,0,No,Plus,2684.1,Yes,ORD00020,2684.1
AV00358,6176DB2E82F648EF,,,Anonymous Prospect,5/25/2024,18:04,Mobile,Chrome,New,Affiliate,AFF_PLUS_Q224,East,/plans/compare,1,Home Page,application educate,/,Bounced/Browsed,2,89,2.0,0,No,Plus,,No,,0.0
AV00359,DFC3FEDF3C35D4FD,,,Anonymous Prospect,5/25/2024,18:35,Mobile,Chrome,New,SEM,SEM_PLUS_Q224,North,/plans/compare,1,Home Page,application educate,/,Bounced/Browsed,3,148,1.4,0,No,Plus,,No,,0.0
AV00360,79C453FE76445466,,,Anonymous Prospect,5/25/2024,18:54,Desktop,Safari,New,Paid Social,SOC_BRAND_Q224,South,/plans/compare,1,Home Page,application educate,/,Bounced/Browsed,4,77,2.1,0,No,Basic,,No,,0.0
AV00361,33F72FA5696CCD46,,L0066,New Lead,5/25/2024,19:52,Mobile,Edge,Returning,SEM,SEM_PREMIUM_Q224,North,/,4,Personal Details,application start,/apply/details,Yes,8,235,3.8,1,No,Premium,,No,,0.0
AV00362,D9ED41FECA339C41,,,Anonymous Prospect,5/25/2024,21:05,Desktop,Safari,Returning,Email,EM_PLUS_Q224,East,/plans/compare,2,Product Comparison,application educate,/plans/compare,Bounced/Browsed,4,139,1.9,0,No,Plus,,No,,0.0
AV00363,40FD3CC07E7899B0,,,Anonymous Prospect,5/25/2024,21:18,Desktop,Chrome,New,Affiliate,AFF_SWITCH_Q224,North,/,1,Home Page,application educate,/,Bounced/Browsed,3,92,1.6,0,No,Basic,,No,,0.0
AV00364,A8B9F1275E8A77D4,,,Anonymous Prospect,5/26/2024,06:15,Mobile,Safari,New,SEO,,North,/plans/compare,1,Home Page,application educate,/,Bounced/Browsed,1,112,4.8,0,No,Basic,,No,,0.0
AV00365,F0CCE769F07DC745,,,Anonymous Prospect,5/26/2024,06:54,Mobile,Chrome,Returning,Paid Social,SOC_PLANS_Q224,East,/,1,Home Page,application educate,/,Bounced/Browsed,4,115,2.4,0,No,Plus,,No,,0.0
AV00366,DE777E424290D079,,,Anonymous Prospect,5/26/2024,07:34,Mobile,Samsung Internet,Returning,SEM,SEM_BRAND_Q224,West,/,1,Home Page,application educate,/,Bounced/Browsed,2,144,1.5,0,No,Premium,,No,,0.0
AV00367,B37CAECA158E57C6,,,Anonymous Prospect,5/26/2024,07:56,Desktop,Samsung Internet,Returning,SEO,,West,/,1,Home Page,application educate,/,Bounced/Browsed,1,105,1.1,0,No,Basic,,No,,0.0
AV00368,334231FB46A08738,,,Anonymous Prospect,5/26/2024,08:26,Desktop,Safari,New,Paid Social,SOC_BRAND_Q224,West,/,1,Home Page,application educate,/,Bounced/Browsed,1,153,3.2,0,No,Plus,,No,,0.0
AV00369,D9E44B28E5364F41,,,Anonymous Prospect,5/26/2024,08:53,Mobile,Chrome,New,SEO,,South,/,1,Home Page,application educate,/,Bounced/Browsed,2,150,3.5,0,No,Premium,,No,,0.0
AV00370,B5B072B6DCD3BF8E,,L0067,New Lead,5/26/2024,09:40,Mobile,Edge,Returning,Direct,,West,/,8,Payment & Confirmation,application complete,,No,18,639,0.6,2,No,Basic,2236.83,Yes,ORD00021,2236.83
AV00371,EAE22BC0159D717E,,,Anonymous Prospect,5/26/2024,10:22,Tablet,Chrome,New,SEO,,East,/,2,Product Comparison,application educate,/plans/compare,Bounced/Browsed,6,263,1.5,0,No,Basic,,No,,0.0
AV00372,87CAD106F19359AE,,,Anonymous Prospect,5/26/2024,12:25,Mobile,Chrome,New,SEO,,East,/plans/compare,1,Home Page,application educate,/,Bounced/Browsed,1,89,5.2,0,No,Plus,,No,,0.0
AV00373,A12860133C9FBCA9,,,Anonymous Prospect,5/26/2024,12:45,Desktop,Edge,New,SEM,SEM_BRAND_Q224,West,/plans/compare,2,Product Comparison,application educate,/plans/compare,Bounced/Browsed,3,203,4.2,0,No,Plus,,No,,0.0
AV00374,988B9B017519905F,,L0068,New Lead,5/26/2024,12:56,Tablet,Samsung Internet,New,Affiliate,AFF_RENEW_Q224,South,/plans/compare,4,Personal Details,application start,/apply/details,Yes,10,408,3.0,1,No,Basic,,No,,0.0
AV00375,18F7DD336BC7FC9E,,,Anonymous Prospect,5/26/2024,13:26,Desktop,Safari,New,Direct,,South,/,2,Product Comparison,application educate,/plans/compare,Bounced/Browsed,4,232,1.8,0,No,Plus,,No,,0.0
AV00376,1983C26A3DEE1D67,,,Anonymous Prospect,5/26/2024,13:40,Desktop,Safari,New,Direct Mail,DM_SWITCH_Q224,East,/offer,1,Home Page,application educate,/,Bounced/Browsed,1,117,2.2,0,No,Premium,,No,,0.0
AV00377,DB73498423148C88,,,Anonymous Prospect,5/26/2024,13:45,Mobile,Safari,New,SEO,,East,/,2,Product Comparison,application educate,/plans/compare,Bounced/Browsed,2,140,2.1,0,No,Premium,,No,,0.0
AV00378,78BA6492311DB251,,L0069,New Lead,5/26/2024,16:00,Desktop,Chrome,New,Email,EM_RENEW_Q224,West,/plans/compare,7,Review & e-Sign,application submit,/apply/review,Yes,10,789,1.5,2,No,Premium,5321.22,No,,0.0
AV00379,419C2ACAD46DBC45,,,Anonymous Prospect,5/26/2024,17:26,Mobile,Firefox,Returning,Email,EM_BRAND_Q224,South,/plans/compare,2,Product Comparison,application educate,/plans/compare,Bounced/Browsed,2,264,3.7,0,No,Elite,,No,,0.0
AV00380,C5E37B6D10C52B3F,,,Anonymous Prospect,5/26/2024,19:52,Desktop,Edge,New,Paid Social,SOC_SWITCH_Q224,North,/,1,Home Page,application educate,/,Bounced/Browsed,2,101,0.7,0,Yes,Basic,,No,,0.0
AV00381,747179ABF071F288,,L0070,New Lead,5/26/2024,21:27,Mobile,Chrome,New,Paid Social,SOC_PLANS_Q224,East,/plans/compare,4,Personal Details,application start,/apply/details,Yes,9,364,3.5,2,Yes,Basic,,No,,0.0
AV00382,F1072E02B6813BFE,,,Anonymous Prospect,5/26/2024,21:42,Desktop,Safari,New,SEM,SEM_SWITCH_Q224,West,/,2,Product Comparison,application educate,/plans/compare,Bounced/Browsed,4,233,1.3,0,No,Basic,,No,,0.0
AV00383,567E1B732A342749,,,Anonymous Prospect,5/26/2024,22:02,Mobile,Safari,New,Direct,,West,/,2,Product Comparison,application educate,/plans/compare,Bounced/Browsed,5,184,5.4,0,No,Premium,,No,,0.0
AV00384,CF76CF90F93BD716,,,Anonymous Prospect,5/27/2024,07:23,Mobile,Chrome,Returning,SEM,SEM_SWITCH_Q224,West,/,2,Product Comparison,application educate,/plans/compare,Bounced/Browsed,4,228,4.1,0,No,Premium,,No,,0.0
AV00385,1ED6C232AA070C69,,L0071,New Lead,5/27/2024,07:26,Mobile,Chrome,New,SEM,SEM_PLANS_Q224,East,/,7,Review & e-Sign,application submit,/apply/review,Yes,14,414,4.4,1,No,Premium,5653.88,No,,0.0
AV00386,4FA2E6F5313019E9,,,Anonymous Prospect,5/27/2024,07:49,Mobile,Safari,Returning,SEO,,North,/,1,Home Page,application educate,/,Bounced/Browsed,3,132,4.2,0,No,Premium,,No,,0.0
AV00387,F61A5E454093BCD9,C028,,Existing Customer,5/27/2024,08:04,Desktop,Safari,New,SEM,SEM_PLUS_Q224,North,/plans/compare,1,Home Page,application educate,/,Bounced/Browsed,1,96,1.2,0,No,Plus,,No,,0.0
AV00388,9827F848FDE039ED,,,Anonymous Prospect,5/27/2024,08:35,Desktop,Chrome,New,SEO,,South,/,1,Home Page,application educate,/,Bounced/Browsed,1,97,1.1,0,No,Plus,,No,,0.0
AV00389,3317FE8D6DBD033E,,L0072,New Lead,5/27/2024,08:40,Mobile,Chrome,Returning,SEM,SEM_BRAND_Q224,South,/plans/compare,5,Identity Verification,application start,/apply/verify,Yes,9,364,5.2,4,No,Basic,,No,,0.0
AV00390,9B27753BD3FD16D3,,,Anonymous Prospect,5/27/2024,09:32,Desktop,Chrome,New,Direct Mail,DM_RENEW_Q224,South,/offer,1,Home Page,application educate,/,Bounced/Browsed,2,122,2.5,0,No,Elite,,No,,0.0
AV00391,32DDFAF92F829BCD,,,Anonymous Prospect,5/27/2024,10:57,Mobile,Chrome,New,SEM,SEM_ELITE_Q224,South,/,2,Product Comparison,application educate,/plans/compare,Bounced/Browsed,4,195,3.7,0,No,Elite,,No,,0.0
AV00392,244F0DFCC7DC4BD2,C055,,Existing Customer,5/27/2024,11:03,Desktop,Firefox,New,Email,EM_ELITE_Q224,South,/plans/compare,2,Product Comparison,application educate,/plans/compare,Bounced/Browsed,4,122,2.5,0,No,Elite,,No,,0.0
AV00393,8322805EC2122F0A,,L0073,New Lead,5/27/2024,11:22,Mobile,Chrome,New,Direct Mail,DM_SWITCH_Q224,East,/offer,6,Plan Customization & Quote,application submit,/apply/quote,Yes,11,498,1.1,2,No,Plus,3695.43,No,,0.0
AV00394,CF7F22E3BD573CA6,,,Anonymous Prospect,5/27/2024,12:17,Mobile,Safari,New,Paid Social,SOC_BASIC_Q224,East,/,1,Home Page,application educate,/,Bounced/Browsed,1,77,2.7,0,No,Basic,,No,,0.0
AV00395,7E311F05F0271FCA,,,Anonymous Prospect,5/27/2024,12:39,Desktop,Chrome,New,Affiliate,AFF_PLUS_Q224,North,/,1,Home Page,application educate,/,Bounced/Browsed,1,154,3.6,0,No,Plus,,No,,0.0
AV00396,EB74DE1959B5997A,,,Anonymous Prospect,5/27/2024,13:43,Desktop,Chrome,New,SEM,SEM_PLUS_Q224,West,/plans/compare,2,Product Comparison,application educate,/plans/compare,Bounced/Browsed,5,241,1.3,0,No,Plus,,No,,0.0
AV00397,38C12D4F18E5FD94,,,Anonymous Prospect,5/27/2024,14:01,Desktop,Chrome,New,Paid Social,SOC_SWITCH_Q224,South,/,1,Home Page,application educate,/,Bounced/Browsed,1,102,3.2,0,No,Plus,,No,,0.0
AV00398,9E565721B347698D,,L0074,New Lead,5/27/2024,15:15,Mobile,Chrome,New,SEM,SEM_PLUS_Q224,West,/plans/compare,5,Identity Verification,application start,/apply/verify,Yes,8,403,1.0,1,No,Plus,,No,,0.0
AV00399,AC2528D7071D74CA,,,Anonymous Prospect,5/27/2024,17:41,Tablet,Chrome,New,Affiliate,AFF_PLANS_Q224,South,/,1,Home Page,application educate,/,Bounced/Browsed,2,104,3.3,0,No,Plus,,No,,0.0
AV00400,FDE4AC4BCB3E6A78,,,Anonymous Prospect,5/27/2024,20:35,Mobile,Firefox,New,Paid Social,SOC_BRAND_Q224,North,/,2,Product Comparison,application educate,/plans/compare,Bounced/Browsed,5,223,2.1,0,No,Plus,,No,,0.0
AV00401,4F87EC0E50FF64DA,,,Anonymous Prospect,5/27/2024,22:33,Desktop,Safari,Returning,Email,EM_RENEW_Q224,North,/plans/compare,2,Product Comparison,application educate,/plans/compare,Bounced/Browsed,4,188,1.7,0,No,Basic,,No,,0.0
AV00402,F08CA6F11D0DED12,,,Anonymous Prospect,5/28/2024,08:43,Desktop,Safari,New,Direct,,North,/,1,Home Page,application educate,/,Bounced/Browsed,3,86,1.0,0,No,Basic,,No,,0.0
AV00403,8375A420F853E3EA,,,Anonymous Prospect,5/28/2024,09:06,Mobile,Edge,New,Direct,,West,/,2,Product Comparison,application educate,/plans/compare,Bounced/Browsed,4,257,1.5,0,Yes,Basic,,No,,0.0
AV00404,42C1A58A15CFC708,,,Anonymous Prospect,5/28/2024,09:07,Desktop,Safari,New,Direct,,South,/,2,Product Comparison,application educate,/plans/compare,Bounced/Browsed,3,170,2.7,0,No,Basic,,No,,0.0
AV00405,6A53A3D4241201D0,,,Anonymous Prospect,5/28/2024,09:46,Mobile,Chrome,New,Email,EM_SWITCH_Q224,North,/,2,Product Comparison,application educate,/plans/compare,Bounced/Browsed,4,204,1.8,0,No,Premium,,No,,0.0
AV00406,E93886CCE57C02CB,,,Anonymous Prospect,5/28/2024,11:06,Mobile,Chrome,New,Email,EM_PLANS_Q224,West,/,1,Home Page,application educate,/,Bounced/Browsed,3,146,5.1,0,No,Basic,,No,,0.0
AV00407,209D05B05B0F3042,,,Anonymous Prospect,5/28/2024,12:53,Mobile,Chrome,Returning,Paid Social,SOC_RENEW_Q224,East,/plans/compare,1,Home Page,application educate,/,Bounced/Browsed,3,127,1.6,0,No,Elite,,No,,0.0
AV00408,7AA34492E6B832DC,,,Anonymous Prospect,5/28/2024,14:58,Desktop,Safari,New,Paid Social,SOC_PLANS_Q224,West,/,1,Home Page,application educate,/,Bounced/Browsed,3,110,1.8,0,No,Basic,,No,,0.0
AV00409,8CDB87680F1E0D87,C040,,Existing Customer,5/28/2024,15:03,Mobile,Chrome,New,SEO,,West,/,1,Home Page,application educate,/,Bounced/Browsed,3,141,5.1,0,No,Premium,,No,,0.0
AV00410,15C878217DD65C6A,,,Anonymous Prospect,5/28/2024,15:15,Desktop,Chrome,New,SEM,SEM_SWITCH_Q224,East,/,2,Product Comparison,application educate,/plans/compare,Bounced/Browsed,4,239,1.5,0,No,Basic,,No,,0.0
AV00411,5E4277835E653A49,C093,,Existing Customer,5/28/2024,18:02,Tablet,Safari,New,Direct,,North,/,2,Product Comparison,application educate,/plans/compare,Bounced/Browsed,5,270,2.5,0,No,Elite,,No,,0.0
AV00412,B7D2CBE2DDAB54BD,,,Anonymous Prospect,5/28/2024,18:16,Desktop,Safari,New,SEO,,East,/plans/compare,2,Product Comparison,application educate,/plans/compare,Bounced/Browsed,4,221,3.4,0,No,Basic,,No,,0.0
AV00413,92A4D9D6853B451F,,L0075,New Lead,5/28/2024,19:09,Mobile,Edge,New,SEM,SEM_PLANS_Q224,South,/,4,Personal Details,application start,/apply/details,Yes,10,477,1.1,3,No,Basic,,No,,0.0
AV00414,35E2B7D10676C68E,,,Anonymous Prospect,5/29/2024,08:57,Desktop,Chrome,New,SEM,SEM_RENEW_Q224,West,/,2,Product Comparison,application educate,/plans/compare,Bounced/Browsed,6,133,1.6,0,No,Basic,,No,,0.0
AV00415,40E6529E8637016A,,,Anonymous Prospect,5/29/2024,12:49,Mobile,Edge,New,Display,DSP_PLANS_Q224,East,/plans/compare,1,Home Page,application educate,/,Bounced/Browsed,3,82,3.1,0,No,Elite,,No,,0.0
AV00416,3D1445B465711800,,,Anonymous Prospect,5/29/2024,14:23,Desktop,Chrome,Returning,SEM,SEM_SWITCH_Q224,East,/,1,Home Page,application educate,/,Bounced/Browsed,1,67,1.5,0,No,Basic,,No,,0.0
AV00417,590AC4D5F4200473,,,Anonymous Prospect,5/29/2024,17:58,Mobile,Safari,New,Email,EM_BASIC_Q224,South,/,1,Home Page,application educate,/,Bounced/Browsed,2,115,1.9,0,No,Basic,,No,,0.0
AV00418,264B6FC53D6DF6C8,,,Anonymous Prospect,5/29/2024,19:49,Desktop,Firefox,New,SEO,,North,/plans/compare,1,Home Page,application educate,/,Bounced/Browsed,4,130,3.2,0,No,Premium,,No,,0.0
AV00419,F684E61039094ADC,,,Anonymous Prospect,5/29/2024,20:36,Desktop,Safari,Returning,Direct,,West,/,2,Product Comparison,application educate,/plans/compare,Bounced/Browsed,4,190,1.3,0,No,Basic,,No,,0.0
AV00420,EE6B942FA15F77C5,,,Anonymous Prospect,5/29/2024,21:15,Mobile,Chrome,New,SEO,,North,/plans/compare,2,Product Comparison,application educate,/plans/compare,Bounced/Browsed,5,138,4.1,0,No,Plus,,No,,0.0
AV00421,F00DE5EF54E86009,,L0076,New Lead,5/29/2024,21:24,Tablet,Chrome,New,Affiliate,AFF_RENEW_Q224,West,/,4,Personal Details,application start,/apply/details,Yes,7,275,2.0,0,No,Elite,,No,,0.0
AV00422,D9D5E60B7223E597,,,Anonymous Prospect,5/29/2024,22:05,Mobile,Chrome,New,SEO,,South,/,2,Product Comparison,application educate,/plans/compare,Bounced/Browsed,3,144,3.8,0,No,Plus,,No,,0.0
AV00423,352320C250D02802,,,Anonymous Prospect,5/29/2024,22:12,Desktop,Chrome,New,Display,DSP_RENEW_Q224,South,/,2,Product Comparison,application educate,/plans/compare,Bounced/Browsed,4,193,2.7,0,No,Plus,,No,,0.0
AV00424,CB1835F6A11C9F7B,,,Anonymous Prospect,5/30/2024,07:56,Desktop,Chrome,New,SEO,,East,/plans/compare,1,Home Page,application educate,/,Bounced/Browsed,2,108,1.8,0,No,Plus,,No,,0.0
AV00425,F2E4DCEE8F7F2E96,,,Anonymous Prospect,5/30/2024,09:04,Desktop,Safari,New,SEO,,West,/,1,Home Page,application educate,/,Bounced/Browsed,3,112,2.7,0,No,Plus,,No,,0.0
AV00426,10567645FACED7ED,,L0077,New Lead,5/30/2024,09:10,Mobile,Safari,New,SEM,SEM_SWITCH_Q224,South,/,4,Personal Details,application start,/apply/details,Yes,10,465,4.6,2,No,Basic,,No,,0.0
AV00427,C3F65CE2032101F7,,,Anonymous Prospect,5/30/2024,12:16,Mobile,Safari,Returning,Affiliate,AFF_SWITCH_Q224,North,/plans/compare,1,Home Page,application educate,/,Bounced/Browsed,4,77,1.4,0,No,Plus,,No,,0.0
AV00428,0151F95DA1A317BE,,,Anonymous Prospect,5/30/2024,13:59,Mobile,Chrome,Returning,Affiliate,AFF_BRAND_Q224,West,/,2,Product Comparison,application educate,/plans/compare,Bounced/Browsed,2,223,3.2,0,No,Basic,,No,,0.0
AV00429,FF389402B76A7363,,,Anonymous Prospect,5/30/2024,14:06,Mobile,Samsung Internet,New,Paid Social,SOC_SWITCH_Q224,South,/plans/compare,1,Home Page,application educate,/,Bounced/Browsed,1,117,1.7,0,No,Premium,,No,,0.0
AV00430,24E9833386731517,,L0078,New Lead,5/30/2024,15:52,Mobile,Chrome,New,Affiliate,AFF_BASIC_Q224,West,/plans/compare,8,Payment & Confirmation,application complete,,No,17,695,2.1,1,No,Basic,2323.48,Yes,ORD00022,2323.48
AV00431,826752EFA1B94179,,,Anonymous Prospect,5/30/2024,15:53,Mobile,Chrome,New,SEO,,East,/plans/compare,2,Product Comparison,application educate,/plans/compare,Bounced/Browsed,4,176,1.7,0,No,Basic,,No,,0.0
AV00432,795CC993D8C1222E,,,Anonymous Prospect,5/30/2024,17:53,Tablet,Chrome,New,Direct,,North,/,2,Product Comparison,application educate,/plans/compare,Bounced/Browsed,4,207,3.5,0,Yes,Basic,,No,,0.0
AV00433,FF4D1A3FDF83EA86,,,Anonymous Prospect,5/30/2024,18:11,Mobile,Safari,New,SEO,,West,/,1,Home Page,application educate,/,Bounced/Browsed,1,118,1.9,0,No,Basic,,No,,0.0
AV00434,71A8D97DE9D4D9DA,,,Anonymous Prospect,5/30/2024,18:14,Tablet,Chrome,New,SEM,SEM_PLANS_Q224,South,/,2,Product Comparison,application educate,/plans/compare,Bounced/Browsed,2,224,2.7,0,No,Premium,,No,,0.0
AV00435,005E5137B0AFBCFE,,,Anonymous Prospect,5/30/2024,18:52,Desktop,Chrome,New,SEM,SEM_SWITCH_Q224,North,/,1,Home Page,application educate,/,Bounced/Browsed,3,82,2.0,0,No,Basic,,No,,0.0
AV00436,491DC255BB202B64,,,Anonymous Prospect,5/30/2024,20:59,Mobile,Safari,New,Direct,,East,/,1,Home Page,application educate,/,Bounced/Browsed,3,136,3.2,0,No,Elite,,No,,0.0
AV00437,662ACAC35CAB2C9D,C073,,Existing Customer,5/30/2024,22:00,Mobile,Safari,Returning,Direct,,North,/,5,Identity Verification,application start,/apply/verify,Yes,9,543,1.4,2,No,Basic,,No,,0.0
AV00438,F29AF23420777E00,,,Anonymous Prospect,5/31/2024,06:20,Mobile,Chrome,New,Paid Social,SOC_RENEW_Q224,South,/,1,Home Page,application educate,/,Bounced/Browsed,2,157,2.0,0,No,Elite,,No,,0.0
AV00439,E4DA4B29E7A110D3,,,Anonymous Prospect,5/31/2024,07:22,Mobile,Edge,New,Email,EM_PLUS_Q224,South,/plans/compare,3,Application Start,application start,/apply/start,Yes,6,330,4.2,0,No,Plus,,No,,0.0
AV00440,CFAA57FFFA248B35,,,Anonymous Prospect,5/31/2024,10:32,Mobile,Edge,New,Affiliate,AFF_SWITCH_Q224,South,/plans/compare,2,Product Comparison,application educate,/plans/compare,Bounced/Browsed,4,176,4.7,0,No,Plus,,No,,0.0
AV00441,865F810DE6DF535E,,,Anonymous Prospect,5/31/2024,11:07,Desktop,Safari,New,Display,DSP_PLUS_Q224,North,/,1,Home Page,application educate,/,Bounced/Browsed,1,106,1.5,0,No,Plus,,No,,0.0
AV00442,525282541CD69E98,,,Anonymous Prospect,5/31/2024,11:54,Mobile,Safari,New,SEO,,South,/,1,Home Page,application educate,/,Bounced/Browsed,3,90,2.1,0,No,Premium,,No,,0.0
AV00443,8131FD434A8CB762,,,Anonymous Prospect,5/31/2024,13:26,Mobile,Chrome,New,Email,EM_BASIC_Q224,East,/,1,Home Page,application educate,/,Bounced/Browsed,3,109,1.3,0,No,Basic,,No,,0.0
AV00444,E013A9947AC70E73,,,Anonymous Prospect,5/31/2024,13:50,Mobile,Safari,New,Direct Mail,DM_BRAND_Q224,South,/offer,1,Home Page,application educate,/,Bounced/Browsed,3,120,3.3,0,No,Premium,,No,,0.0
AV00445,0C22F86A676192F9,,,Anonymous Prospect,5/31/2024,14:09,Mobile,Safari,Returning,SEO,,East,/plans/compare,1,Home Page,application educate,/,Bounced/Browsed,3,114,4.3,0,No,Basic,,No,,0.0
AV00446,991008812A3DD255,,,Anonymous Prospect,5/31/2024,14:44,Desktop,Chrome,New,SEM,SEM_PLANS_Q224,South,/,2,Product Comparison,application educate,/plans/compare,Bounced/Browsed,4,231,3.0,0,No,Plus,,No,,0.0
AV00447,7CE09EBF7200997E,,L0079,New Lead,5/31/2024,14:57,Mobile,Chrome,New,SEM,SEM_SWITCH_Q224,North,/,4,Personal Details,application start,/apply/details,Yes,7,289,4.9,3,No,Plus,,No,,0.0
AV00448,0175C0FB9CD19FED,,,Anonymous Prospect,5/31/2024,16:45,Tablet,Chrome,New,Email,EM_BASIC_Q224,West,/,1,Home Page,application educate,/,Bounced/Browsed,2,84,1.5,0,No,Basic,,No,,0.0
AV00449,A8348861E4CC22B3,,,Anonymous Prospect,5/31/2024,17:15,Mobile,Safari,New,SEO,,South,/,1,Home Page,application educate,/,Bounced/Browsed,1,118,5.4,0,No,Basic,,No,,0.0
AV00450,B662CEE9E58EA64E,,,Anonymous Prospect,5/31/2024,17:45,Mobile,Safari,New,Paid Social,SOC_PLANS_Q224,South,/,1,Home Page,application educate,/,Bounced/Browsed,2,114,2.1,0,No,Plus,,No,,0.0
AV00451,8FD9F35143B0D908,,,Anonymous Prospect,5/31/2024,18:46,Desktop,Safari,Returning,Display,DSP_PLANS_Q224,East,/,1,Home Page,application educate,/,Bounced/Browsed,2,103,2.5,0,No,Plus,,No,,0.0
AV00452,41370672FBD42B45,,,Anonymous Prospect,5/31/2024,19:26,Mobile,Chrome,New,SEO,,East,/,1,Home Page,application educate,/,Bounced/Browsed,2,138,1.9,0,No,Premium,,No,,0.0
AV00453,A8661B92254C376A,,L0080,New Lead,5/31/2024,20:26,Desktop,Safari,Returning,SEO,,East,/,4,Personal Details,application start,/apply/details,Yes,8,399,1.6,1,No,Premium,,No,,0.0
AV00454,D94D250AEBC894B8,,L0081,New Lead,5/31/2024,21:42,Desktop,Safari,Returning,SEM,SEM_RENEW_Q224,West,/,6,Plan Customization & Quote,application submit,/apply/quote,Yes,11,471,1.6,1,No,Basic,1603.78,No,,0.0
AV00455,D89AE8B84C5A6574,,L0082,New Lead,6/1/2024,06:29,Mobile,Safari,New,Direct,,North,/,8,Payment & Confirmation,application complete,,No,14,688,4.4,2,No,Basic,1649.42,Yes,ORD00023,1649.42
AV00456,84B7BED604D9B809,,,Anonymous Prospect,6/1/2024,06:45,Mobile,Safari,Returning,SEO,,South,/plans/compare,2,Product Comparison,application educate,/plans/compare,Bounced/Browsed,5,158,4.5,0,No,Premium,,No,,0.0
AV00457,F0F178284F0713A5,,,Anonymous Prospect,6/1/2024,07:00,Desktop,Chrome,New,SEM,SEM_PREMIUM_Q224,West,/plans/compare,1,Home Page,application educate,/,Bounced/Browsed,2,125,2.4,0,No,Premium,,No,,0.0
AV00458,FB71FD8B43C62ECA,,,Anonymous Prospect,6/1/2024,09:16,Mobile,Safari,Returning,Paid Social,SOC_SWITCH_Q224,East,/,2,Product Comparison,application educate,/plans/compare,Bounced/Browsed,3,188,4.0,0,No,Premium,,No,,0.0
AV00459,667EAC3C90FED7A7,,,Anonymous Prospect,6/1/2024,09:17,Mobile,Chrome,Returning,Affiliate,AFF_RENEW_Q224,North,/,1,Home Page,application educate,/,Bounced/Browsed,2,133,5.1,0,No,Basic,,No,,0.0
AV00460,27A7699505C6F14C,,L0083,New Lead,6/1/2024,11:55,Mobile,Chrome,New,SEM,SEM_PLANS_Q224,East,/plans/compare,5,Identity Verification,application start,/apply/verify,Yes,9,537,3.3,2,No,Premium,,No,,0.0
AV00461,A4191518E7234CA8,C069,,Existing Customer,6/1/2024,12:06,Mobile,Safari,New,SEO,,West,/plans/compare,1,Home Page,application educate,/,Bounced/Browsed,4,144,3.1,0,No,Premium,,No,,0.0
AV00462,749E5B789A24112E,,L0084,New Lead,6/1/2024,12:38,Mobile,Safari,New,SEM,SEM_RENEW_Q224,South,/,4,Personal Details,application start,/apply/details,Yes,7,238,4.7,1,No,Basic,,No,,0.0
AV00463,DDE4A71B79E73058,,,Anonymous Prospect,6/1/2024,12:40,Mobile,Chrome,New,Email,EM_RENEW_Q224,North,/,2,Product Comparison,application educate,/plans/compare,Bounced/Browsed,6,185,0.6,0,Yes,Premium,,No,,0.0
AV00464,50C375353091F791,,L0085,New Lead,6/1/2024,13:08,Mobile,Safari,New,Affiliate,AFF_PLUS_Q224,East,/plans/compare,8,Payment & Confirmation,application complete,,No,13,713,5.4,2,No,Plus,2906.07,Yes,ORD00024,2906.07
AV00465,AFD30886CE4F67E7,,L0086,New Lead,6/1/2024,14:06,Mobile,Chrome,New,Direct Mail,DM_RENEW_Q224,South,/offer,5,Identity Verification,application start,/apply/verify,Yes,11,550,3.3,4,No,Plus,,No,,0.0
AV00466,FE3B3F10D7F4DA5B,,,Anonymous Prospect,6/1/2024,14:11,Tablet,Safari,New,Paid Social,SOC_BRAND_Q224,South,/,1,Home Page,application educate,/,Bounced/Browsed,2,84,3.0,0,No,Premium,,No,,0.0
AV00467,41D7FBC1EA0074A3,,,Anonymous Prospect,6/1/2024,14:18,Desktop,Edge,New,SEO,,West,/plans/compare,1,Home Page,application educate,/,Bounced/Browsed,1,92,1.6,0,No,Basic,,No,,0.0
AV00468,9F6BD18390827C27,,,Anonymous Prospect,6/1/2024,15:53,Mobile,Safari,New,Paid Social,SOC_SWITCH_Q224,South,/,1,Home Page,application educate,/,Bounced/Browsed,2,102,4.0,0,No,Plus,,No,,0.0
AV00469,04A6B0319F06E40F,,,Anonymous Prospect,6/1/2024,17:38,Desktop,Chrome,Returning,SEO,,South,/plans/compare,1,Home Page,application educate,/,Bounced/Browsed,3,126,1.6,0,No,Basic,,No,,0.0
AV00470,B090AAFDF7979E14,,,Anonymous Prospect,6/1/2024,20:41,Mobile,Firefox,New,SEO,,South,/plans/compare,2,Product Comparison,application educate,/plans/compare,Bounced/Browsed,3,139,2.3,0,No,Basic,,No,,0.0
AV00471,374E244E8353E4D6,,L0087,New Lead,6/1/2024,21:47,Desktop,Safari,Returning,SEM,SEM_SWITCH_Q224,West,/plans/compare,8,Payment & Confirmation,application complete,,No,15,845,1.7,0,No,Premium,5027.08,Yes,ORD00025,5027.08
AV00472,EE1408B59E9F2376,,,Anonymous Prospect,6/2/2024,07:47,Mobile,Safari,Returning,SEO,,South,/,1,Home Page,application educate,/,Bounced/Browsed,1,144,3.7,0,No,Plus,,No,,0.0
AV00473,8000D2EE72DE3530,C062,,Existing Customer,6/2/2024,07:52,Desktop,Safari,New,SEO,,West,/plans/compare,1,Home Page,application educate,/,Bounced/Browsed,1,137,0.8,0,No,Plus,,No,,0.0
AV00474,C41A32016F538873,,L0088,New Lead,6/2/2024,08:42,Desktop,Safari,New,SEO,,South,/,8,Payment & Confirmation,application complete,,No,19,396,1.8,1,No,Basic,1354.65,Yes,ORD00026,1354.65
AV00475,264249839B9EF00D,,,Anonymous Prospect,6/2/2024,10:22,Mobile,Safari,New,Paid Social,SOC_PLANS_Q224,South,/plans/compare,1,Home Page,application educate,/,Bounced/Browsed,2,136,4.6,0,No,Basic,,No,,0.0
AV00476,59B5EFAC308B43A8,,L0089,New Lead,6/2/2024,12:18,Mobile,Safari,New,Direct,,West,/,4,Personal Details,application start,/apply/details,Yes,5,293,3.8,0,No,Plus,,No,,0.0
AV00477,748142E08F994178,,,Anonymous Prospect,6/2/2024,12:39,Mobile,Safari,New,Email,EM_BRAND_Q224,East,/,2,Product Comparison,application educate,/plans/compare,Bounced/Browsed,5,238,2.7,0,No,Basic,,No,,0.0
AV00478,6AE0F5287C34AD7F,,,Anonymous Prospect,6/2/2024,13:34,Mobile,Chrome,New,SEM,SEM_RENEW_Q224,East,/,2,Product Comparison,application educate,/plans/compare,Bounced/Browsed,4,217,1.7,0,No,Premium,,No,,0.0
AV00479,D32AF6025DD8DF20,,,Anonymous Prospect,6/2/2024,15:15,Mobile,Safari,New,SEM,SEM_PLANS_Q224,West,/,3,Application Start,application start,/apply/start,Yes,7,248,5.3,0,No,Plus,,No,,0.0
AV00480,D076A83FDDDE6595,,L0090,New Lead,6/2/2024,16:41,Desktop,Chrome,Returning,Affiliate,AFF_PLANS_Q224,West,/,4,Personal Details,application start,/apply/details,Yes,5,227,2.0,1,No,Premium,,No,,0.0
AV00481,25E8F60A9CE45935,,,Anonymous Prospect,6/2/2024,18:08,Desktop,Samsung Internet,New,Direct,,West,/,1,Home Page,application educate,/,Bounced/Browsed,1,87,1.9,0,No,Premium,,No,,0.0
AV00482,DB8628E97F0B7AB2,,L0091,New Lead,6/2/2024,19:20,Desktop,Samsung Internet,New,SEM,SEM_ELITE_Q224,North,/,4,Personal Details,application start,/apply/details,Yes,8,405,1.6,1,No,Elite,,No,,0.0
AV00483,5C81C0CBE1919A16,,,Anonymous Prospect,6/2/2024,20:01,Mobile,Chrome,New,SEM,SEM_PLANS_Q224,West,/plans/compare,1,Home Page,application educate,/,Bounced/Browsed,2,142,5.3,0,No,Premium,,No,,0.0
AV00484,F13F5CDDF9B35CA8,,,Anonymous Prospect,6/3/2024,06:33,Desktop,Safari,Returning,SEM,SEM_RENEW_Q224,North,/,1,Home Page,application educate,/,Bounced/Browsed,1,82,2.1,0,No,Plus,,No,,0.0
AV00485,F66A201C9FE7E7F7,,,Anonymous Prospect,6/3/2024,07:16,Mobile,Chrome,Returning,SEO,,North,/,2,Product Comparison,application educate,/plans/compare,Bounced/Browsed,4,145,5.0,0,No,Basic,,No,,0.0
AV00486,CC26A1515219CA8B,,,Anonymous Prospect,6/3/2024,09:25,Desktop,Chrome,New,Display,DSP_SWITCH_Q224,North,/,1,Home Page,application educate,/,Bounced/Browsed,3,125,2.4,0,No,Basic,,No,,0.0
AV00487,C1B2CCAC64406AA8,,,Anonymous Prospect,6/3/2024,09:44,Mobile,Edge,Returning,Paid Social,SOC_PLANS_Q224,East,/plans/compare,1,Home Page,application educate,/,Bounced/Browsed,2,132,1.7,0,No,Basic,,No,,0.0
AV00488,B5555B46A61896C3,,,Anonymous Prospect,6/3/2024,09:46,Desktop,Chrome,New,SEO,,North,/,1,Home Page,application educate,/,Bounced/Browsed,1,105,2.0,0,No,Plus,,No,,0.0
AV00489,3523BEE2AE27852B,,L0092,New Lead,6/3/2024,10:26,Tablet,Chrome,New,Direct,,North,/,5,Identity Verification,application start,/apply/verify,Yes,13,347,2.1,0,No,Elite,,No,,0.0
AV00490,AE9F60F222F449EE,,,Anonymous Prospect,6/3/2024,11:24,Desktop,Chrome,New,Paid Social,SOC_BRAND_Q224,North,/,1,Home Page,application educate,/,Bounced/Browsed,2,105,2.4,0,No,Plus,,No,,0.0
AV00491,8146877C5A61F8C1,,L0093,New Lead,6/3/2024,11:45,Desktop,Chrome,New,SEM,SEM_PLANS_Q224,West,/,5,Identity Verification,application start,/apply/verify,Yes,12,374,1.1,1,No,Plus,,No,,0.0
AV00492,30A7713A349CE6CF,,,Anonymous Prospect,6/3/2024,11:48,Mobile,Chrome,New,Direct,,West,/,2,Product Comparison,application educate,/plans/compare,Bounced/Browsed,4,232,3.5,0,No,Basic,,No,,0.0
AV00493,11D4F3380DF76C66,,,Anonymous Prospect,6/3/2024,12:39,Desktop,Safari,Returning,SEM,SEM_BASIC_Q224,East,/,1,Home Page,application educate,/,Bounced/Browsed,3,94,2.2,0,No,Basic,,No,,0.0
AV00494,1AEA949359758D7A,,,Anonymous Prospect,6/3/2024,12:54,Mobile,Safari,New,SEO,,East,/,2,Product Comparison,application educate,/plans/compare,Bounced/Browsed,2,169,4.0,0,No,Premium,,No,,0.0
AV00495,2C6F6846309B1FCE,C045,,Existing Customer,6/3/2024,14:49,Desktop,Safari,Returning,Direct,,East,/,8,Payment & Confirmation,application complete,,No,17,458,2.3,1,No,Plus,2593.48,Yes,ORD00027,2593.48
AV00496,7280E09E48326802,,,Anonymous Prospect,6/3/2024,14:57,Mobile,Chrome,New,SEM,SEM_RENEW_Q224,East,/,1,Home Page,application educate,/,Bounced/Browsed,3,114,3.1,0,No,Premium,,No,,0.0
AV00497,6A34FA8316C28C49,,,Anonymous Prospect,6/3/2024,16:47,Tablet,Safari,Returning,SEO,,North,/,1,Home Page,application educate,/,Bounced/Browsed,1,151,3.3,0,No,Plus,,No,,0.0
AV00498,23770F20F3C119F2,,,Anonymous Prospect,6/3/2024,19:44,Desktop,Chrome,Returning,Paid Social,SOC_RENEW_Q224,South,/plans/compare,2,Product Comparison,application educate,/plans/compare,Bounced/Browsed,4,166,2.1,0,No,Plus,,No,,0.0
AV00499,4FC5538C63BE0EEC,,,Anonymous Prospect,6/3/2024,21:42,Desktop,Safari,New,Paid Social,SOC_SWITCH_Q224,East,/,2,Product Comparison,application educate,/plans/compare,Bounced/Browsed,5,142,1.1,0,No,Elite,,No,,0.0
AV00500,4997046F1CB2B825,,,Anonymous Prospect,6/3/2024,22:55,Desktop,Chrome,New,Affiliate,AFF_PLANS_Q224,North,/,1,Home Page,application educate,/,Bounced/Browsed,3,151,1.2,0,No,Elite,,No,,0.0
AV00501,926C01F05A8123FB,,,Anonymous Prospect,6/4/2024,06:12,Mobile,Safari,New,SEM,SEM_PLUS_Q224,West,/,2,Product Comparison,application educate,/plans/compare,Bounced/Browsed,5,148,1.0,0,No,Plus,,No,,0.0
AV00502,147BD275C40B99D3,,,Anonymous Prospect,6/4/2024,06:54,Desktop,Samsung Internet,New,SEM,SEM_RENEW_Q224,North,/plans/compare,2,Product Comparison,application educate,/plans/compare,Bounced/Browsed,4,198,1.1,0,No,Basic,,No,,0.0
AV00503,6E0AC6BEC9CE32DE,,,Anonymous Prospect,6/4/2024,09:09,Desktop,Chrome,Returning,SEM,SEM_RENEW_Q224,South,/,2,Product Comparison,application educate,/plans/compare,Bounced/Browsed,4,198,2.6,0,No,Basic,,No,,0.0
AV00504,C5293FE542FC1B97,,,Anonymous Prospect,6/4/2024,09:41,Mobile,Chrome,Returning,Direct,,North,/,1,Home Page,application educate,/,Bounced/Browsed,3,119,2.1,0,No,Premium,,No,,0.0
AV00505,2BAE86FFC14514B2,,,Anonymous Prospect,6/4/2024,10:15,Desktop,Safari,Returning,SEO,,South,/,2,Product Comparison,application educate,/plans/compare,Bounced/Browsed,3,218,1.8,0,No,Premium,,No,,0.0
AV00506,6660F6A7EE48E61C,,,Anonymous Prospect,6/4/2024,10:41,Desktop,Chrome,New,SEO,,West,/,1,Home Page,application educate,/,Bounced/Browsed,2,99,2.9,0,No,Plus,,No,,0.0
AV00507,E6C071AE0489E9C5,,,Anonymous Prospect,6/4/2024,11:25,Tablet,Edge,New,Display,DSP_PLANS_Q224,North,/,1,Home Page,application educate,/,Bounced/Browsed,2,138,1.6,0,No,Plus,,No,,0.0
AV00508,56037EFB3CBFD657,,,Anonymous Prospect,6/4/2024,11:46,Desktop,Edge,New,SEM,SEM_PLUS_Q224,South,/,2,Product Comparison,application educate,/plans/compare,Bounced/Browsed,5,163,2.3,0,No,Plus,,No,,0.0
AV00509,25C858BCC1FEDB8E,,,Anonymous Prospect,6/4/2024,14:56,Mobile,Safari,New,Paid Social,SOC_RENEW_Q224,South,/plans/compare,1,Home Page,application educate,/,Bounced/Browsed,2,146,5.1,0,No,Basic,,No,,0.0
AV00510,D11FDE43F15075C4,,,Anonymous Prospect,6/4/2024,15:15,Desktop,Chrome,New,Display,DSP_BASIC_Q224,South,/,1,Home Page,application educate,/,Bounced/Browsed,3,89,2.8,0,No,Basic,,No,,0.0
AV00511,0BEFA123C187451E,,,Anonymous Prospect,6/4/2024,15:25,Desktop,Safari,New,SEO,,North,/,1,Home Page,application educate,/,Bounced/Browsed,2,114,3.0,0,No,Basic,,No,,0.0
AV00512,4C95E666561573D0,,,Anonymous Prospect,6/4/2024,16:50,Mobile,Firefox,New,Direct Mail,DM_BASIC_Q224,East,/offer,2,Product Comparison,application educate,/plans/compare,Bounced/Browsed,6,131,2.8,0,No,Basic,,No,,0.0
AV00513,F2DF3EE139C3D430,,,Anonymous Prospect,6/4/2024,17:11,Mobile,Chrome,New,Paid Social,SOC_PLANS_Q224,South,/,2,Product Comparison,application educate,/plans/compare,Bounced/Browsed,6,166,4.4,0,No,Basic,,No,,0.0
AV00514,2B544B09739E1503,,,Anonymous Prospect,6/4/2024,18:20,Mobile,Safari,New,Direct,,North,/,1,Home Page,application educate,/,Bounced/Browsed,3,116,6.8,0,No,Plus,,No,,0.0
AV00515,FD4641067F92E0B0,,,Anonymous Prospect,6/4/2024,20:14,Desktop,Safari,New,SEM,SEM_SWITCH_Q224,South,/,1,Home Page,application educate,/,Bounced/Browsed,2,116,2.1,0,No,Plus,,No,,0.0
AV00516,663E6DD02750C28A,,,Anonymous Prospect,6/4/2024,21:46,Mobile,Chrome,Returning,SEO,,North,/,2,Product Comparison,application educate,/plans/compare,Bounced/Browsed,5,151,4.2,0,No,Basic,,No,,0.0
AV00517,FCE164E4D8D88A09,,,Anonymous Prospect,6/5/2024,06:58,Desktop,Chrome,Returning,SEO,,East,/,2,Product Comparison,application educate,/plans/compare,Bounced/Browsed,3,204,2.6,0,No,Premium,,No,,0.0
AV00518,E7B2F4EEC7BCFEE1,,,Anonymous Prospect,6/5/2024,08:53,Mobile,Safari,New,Paid Social,SOC_SWITCH_Q224,South,/,1,Home Page,application educate,/,Bounced/Browsed,3,102,4.1,0,No,Basic,,No,,0.0
AV00519,4BC8A978CDEF7DDC,,,Anonymous Prospect,6/5/2024,09:31,Tablet,Chrome,New,Direct,,West,/,2,Product Comparison,application educate,/plans/compare,Bounced/Browsed,5,258,1.6,0,No,Elite,,No,,0.0
AV00520,617F809DE7D1C5CB,,,Anonymous Prospect,6/5/2024,09:34,Tablet,Edge,New,SEO,,West,/,1,Home Page,application educate,/,Bounced/Browsed,2,156,1.6,0,No,Plus,,No,,0.0
AV00521,B133E162BB6E521A,,L0094,New Lead,6/5/2024,09:49,Mobile,Chrome,Returning,SEO,,South,/plans/compare,5,Identity Verification,application start,/apply/verify,Yes,7,472,3.0,3,No,Plus,,No,,0.0
AV00522,17C869F8BC3813EC,,,Anonymous Prospect,6/5/2024,09:59,Mobile,Samsung Internet,New,SEM,SEM_PREMIUM_Q224,South,/,2,Product Comparison,application educate,/plans/compare,Bounced/Browsed,4,134,4.2,0,No,Premium,,No,,0.0
AV00523,FC28E4B6D164CE4E,,,Anonymous Prospect,6/5/2024,11:08,Mobile,Safari,New,Display,DSP_RENEW_Q224,North,/,1,Home Page,application educate,/,Bounced/Browsed,4,127,4.2,0,Yes,Elite,,No,,0.0
AV00524,159BF46824DF4DA8,C080,,Existing Customer,6/5/2024,12:13,Tablet,Chrome,Returning,Direct,,North,/,2,Product Comparison,application educate,/plans/compare,Bounced/Browsed,4,208,2.1,0,No,Basic,,No,,0.0
AV00525,AA9C93F63A5804AB,,,Anonymous Prospect,6/5/2024,12:28,Desktop,Samsung Internet,New,Affiliate,AFF_PLANS_Q224,North,/,1,Home Page,application educate,/,Bounced/Browsed,1,126,2.4,0,No,Premium,,No,,0.0
AV00526,371CBD38E4F973C7,,,Anonymous Prospect,6/5/2024,14:34,Desktop,Safari,New,Direct Mail,DM_SWITCH_Q224,East,/offer,1,Home Page,application educate,/,Bounced/Browsed,2,142,1.6,0,No,Premium,,No,,0.0
AV00527,1114B3BF76134B6B,C014,,Existing Customer,6/5/2024,16:07,Desktop,Safari,New,SEM,SEM_PLANS_Q224,East,/,1,Home Page,application educate,/,Bounced/Browsed,2,120,1.6,0,No,Basic,,No,,0.0
AV00528,5EAB1A1FC378D44B,,,Anonymous Prospect,6/5/2024,16:54,Desktop,Firefox,New,Paid Social,SOC_RENEW_Q224,West,/plans/compare,1,Home Page,application educate,/,Bounced/Browsed,2,141,1.2,0,No,Plus,,No,,0.0
AV00529,7ED52301586CB9AD,,,Anonymous Prospect,6/5/2024,19:02,Desktop,Chrome,New,SEM,SEM_SWITCH_Q224,North,/plans/compare,2,Product Comparison,application educate,/plans/compare,Bounced/Browsed,3,183,3.9,0,No,Basic,,No,,0.0
AV00530,5E8ACCBE2B36A5F5,,,Anonymous Prospect,6/5/2024,20:00,Desktop,Chrome,Returning,Email,EM_RENEW_Q224,South,/plans/compare,1,Home Page,application educate,/,Bounced/Browsed,3,73,2.5,0,No,Plus,,No,,0.0
AV00531,C8EBF46622EE3B43,,,Anonymous Prospect,6/6/2024,06:07,Mobile,Chrome,Returning,Email,EM_BASIC_Q224,South,/,2,Product Comparison,application educate,/plans/compare,Bounced/Browsed,4,163,1.7,0,No,Basic,,No,,0.0
AV00532,5370466B148D579B,,L0095,New Lead,6/6/2024,06:56,Tablet,Chrome,Returning,SEO,,West,/,8,Payment & Confirmation,application complete,,No,16,803,2.6,1,No,Basic,2012.84,Yes,ORD00028,2012.84
AV00533,D04B6879C1D83674,,,Anonymous Prospect,6/6/2024,07:35,Mobile,Firefox,New,SEM,SEM_BRAND_Q224,East,/,1,Home Page,application educate,/,Bounced/Browsed,2,112,2.3,0,No,Plus,,No,,0.0
AV00534,DC8B7AEEBF9BBE6A,,L0096,New Lead,6/6/2024,09:42,Mobile,Chrome,New,Direct,,East,/,4,Personal Details,application start,/apply/details,Yes,7,475,2.9,2,No,Premium,,No,,0.0
AV00535,7BEBE1C6A09E684B,,L0097,New Lead,6/6/2024,09:50,Desktop,Chrome,New,SEM,SEM_BRAND_Q224,North,/,8,Payment & Confirmation,application complete,,No,20,518,1.6,2,No,Premium,5438.13,Yes,ORD00029,5438.13
AV00536,56537169566A2A7A,,,Anonymous Prospect,6/6/2024,10:35,Desktop,Edge,New,SEM,SEM_PLANS_Q224,North,/plans/compare,2,Product Comparison,application educate,/plans/compare,Bounced/Browsed,5,184,2.9,0,No,Plus,,No,,0.0
AV00537,A7BFCC9ECED6E13C,,L0098,New Lead,6/6/2024,11:14,Mobile,Chrome,New,SEM,SEM_SWITCH_Q224,West,/plans/compare,5,Identity Verification,application start,/apply/verify,Yes,10,483,2.8,5,Yes,Basic,,No,,0.0
AV00538,ACA6B72C55D44221,,,Anonymous Prospect,6/6/2024,12:05,Mobile,Chrome,New,Direct,,West,/,2,Product Comparison,application educate,/plans/compare,Bounced/Browsed,3,201,3.8,0,No,Plus,,No,,0.0
AV00539,A749C3CF866D7DC9,,,Anonymous Prospect,6/6/2024,12:42,Mobile,Chrome,Returning,SEO,,South,/,1,Home Page,application educate,/,Bounced/Browsed,2,132,4.2,0,No,Plus,,No,,0.0
AV00540,2092811AF2B96BD8,,,Anonymous Prospect,6/6/2024,12:44,Desktop,Samsung Internet,New,Paid Social,SOC_RENEW_Q224,South,/,1,Home Page,application educate,/,Bounced/Browsed,3,116,2.8,0,No,Plus,,No,,0.0
AV00541,113F1194F8A47595,,L0099,New Lead,6/6/2024,13:32,Mobile,Chrome,Returning,Direct,,South,/,8,Payment & Confirmation,application complete,,No,18,437,4.1,4,No,Premium,6795.69,Yes,ORD00030,6795.69
AV00542,1677698F6BBDFB69,,,Anonymous Prospect,6/6/2024,17:18,Tablet,Safari,Returning,SEM,SEM_PREMIUM_Q224,East,/,1,Home Page,application educate,/,Bounced/Browsed,3,78,2.9,0,No,Premium,,No,,0.0
AV00543,F7A251F346D4CCA1,,,Anonymous Prospect,6/6/2024,17:28,Mobile,Safari,New,SEM,SEM_PLUS_Q224,West,/,2,Product Comparison,application educate,/plans/compare,Bounced/Browsed,4,206,2.5,0,No,Plus,,No,,0.0
AV00544,0A305CEB470B39A9,,,Anonymous Prospect,6/6/2024,17:39,Desktop,Edge,New,Display,DSP_SWITCH_Q224,North,/plans/compare,1,Home Page,application educate,/,Bounced/Browsed,1,129,1.9,0,No,Basic,,No,,0.0
AV00545,1126DEAA5A102223,,,Anonymous Prospect,6/6/2024,18:35,Mobile,Safari,New,Paid Social,SOC_BRAND_Q224,North,/plans/compare,2,Product Comparison,application educate,/plans/compare,Bounced/Browsed,2,179,4.2,0,No,Plus,,No,,0.0
AV00546,AF62F9DF29D3E307,,L0100,New Lead,6/6/2024,20:48,Desktop,Chrome,New,SEM,SEM_PLUS_Q224,East,/,4,Personal Details,application start,/apply/details,Yes,7,369,1.9,0,No,Plus,,No,,0.0
AV00547,61285E07A6891C3C,,,Anonymous Prospect,6/6/2024,21:16,Mobile,Chrome,New,Paid Social,SOC_BRAND_Q224,West,/,1,Home Page,application educate,/,Bounced/Browsed,2,114,4.5,0,No,Elite,,No,,0.0
AV00548,D7EECA5832A482B1,,L0101,New Lead,6/7/2024,06:05,Desktop,Chrome,Returning,SEM,SEM_PLUS_Q224,South,/,6,Plan Customization & Quote,application submit,/apply/quote,Yes,16,430,2.1,1,Yes,Plus,2442.38,No,,0.0
AV00549,0579F09BED73B8EE,,,Anonymous Prospect,6/7/2024,07:07,Tablet,Chrome,New,SEM,SEM_PLANS_Q224,South,/plans/compare,2,Product Comparison,application educate,/plans/compare,Bounced/Browsed,6,219,1.5,0,No,Plus,,No,,0.0
AV00550,97A1AB24F0C3B47F,,,Anonymous Prospect,6/7/2024,08:37,Desktop,Safari,Returning,Email,EM_RENEW_Q224,North,/,2,Product Comparison,application educate,/plans/compare,Bounced/Browsed,2,256,2.0,0,No,Elite,,No,,0.0
AV00551,49DE10F5A1FF80EE,,,Anonymous Prospect,6/7/2024,09:01,Desktop,Safari,New,SEM,SEM_BASIC_Q224,North,/,1,Home Page,application educate,/,Bounced/Browsed,3,94,1.4,0,No,Basic,,No,,0.0
AV00552,160C99DADF89E034,,,Anonymous Prospect,6/7/2024,09:29,Mobile,Chrome,New,SEM,SEM_BRAND_Q224,South,/plans/compare,2,Product Comparison,application educate,/plans/compare,Bounced/Browsed,4,228,4.5,0,No,Elite,,No,,0.0
AV00553,35CB1E3744B5A2F2,,,Anonymous Prospect,6/7/2024,11:50,Desktop,Chrome,New,Direct,,South,/,2,Product Comparison,application educate,/plans/compare,Bounced/Browsed,4,251,2.3,0,No,Plus,,No,,0.0
AV00554,D39AA57CD7AB64DE,,,Anonymous Prospect,6/7/2024,12:00,Desktop,Chrome,New,SEM,SEM_BRAND_Q224,West,/,1,Home Page,application educate,/,Bounced/Browsed,2,118,1.8,0,No,Plus,,No,,0.0
AV00555,B607E946EF38733C,,,Anonymous Prospect,6/7/2024,12:50,Mobile,Safari,New,SEO,,North,/plans/compare,1,Home Page,application educate,/,Bounced/Browsed,3,99,2.3,0,No,Premium,,No,,0.0
AV00556,B68F9863AC36E0BF,,,Anonymous Prospect,6/7/2024,13:50,Desktop,Safari,New,Direct,,North,/,1,Home Page,application educate,/,Bounced/Browsed,2,133,3.2,0,No,Basic,,No,,0.0
AV00557,43C1AD7430DABBB8,C008,,Existing Customer,6/7/2024,13:52,Desktop,Safari,New,Paid Social,SOC_PLUS_Q224,South,/,1,Home Page,application educate,/,Bounced/Browsed,4,97,3.2,0,No,Plus,,No,,0.0
AV00558,3375B881516FD164,,,Anonymous Prospect,6/7/2024,14:28,Desktop,Chrome,New,Display,DSP_BRAND_Q224,West,/,1,Home Page,application educate,/,Bounced/Browsed,3,131,2.2,0,No,Basic,,No,,0.0
AV00559,C9AB238534707595,,,Anonymous Prospect,6/7/2024,16:03,Mobile,Safari,New,Email,EM_BASIC_Q224,East,/,2,Product Comparison,application educate,/plans/compare,Bounced/Browsed,5,168,3.1,0,No,Basic,,No,,0.0
AV00560,825C7DEC10166E3B,,,Anonymous Prospect,6/7/2024,17:16,Mobile,Chrome,Returning,Paid Social,SOC_BASIC_Q224,North,/,1,Home Page,application educate,/,Bounced/Browsed,2,93,5.4,0,No,Basic,,No,,0.0
AV00561,C4A657EF7E33097B,,,Anonymous Prospect,6/7/2024,17:20,Mobile,Edge,New,SEO,,South,/plans/compare,1,Home Page,application educate,/,Bounced/Browsed,2,95,4.3,0,No,Plus,,No,,0.0
AV00562,79FC1B4C953B91FC,,,Anonymous Prospect,6/7/2024,18:04,Tablet,Safari,New,Paid Social,SOC_RENEW_Q224,North,/,1,Home Page,application educate,/,Bounced/Browsed,1,140,2.8,0,No,Basic,,No,,0.0
AV00563,EE1BA369D13B9272,,,Anonymous Prospect,6/7/2024,21:11,Desktop,Chrome,Returning,Direct,,East,/,2,Product Comparison,application educate,/plans/compare,Bounced/Browsed,4,224,1.9,0,No,Elite,,No,,0.0
AV00564,E076226DACE97D1F,,,Anonymous Prospect,6/8/2024,08:14,Mobile,Edge,New,Email,EM_SWITCH_Q224,South,/,1,Home Page,application educate,/,Bounced/Browsed,1,143,3.2,0,No,Plus,,No,,0.0
AV00565,AD5EEAA76431FCDF,,,Anonymous Prospect,6/8/2024,09:43,Mobile,Chrome,New,SEO,,North,/plans/compare,2,Product Comparison,application educate,/plans/compare,Bounced/Browsed,4,172,1.6,0,No,Elite,,No,,0.0
AV00566,8E1F567DFF2B0B37,,,Anonymous Prospect,6/8/2024,10:25,Desktop,Safari,Returning,SEM,SEM_RENEW_Q224,North,/,1,Home Page,application educate,/,Bounced/Browsed,1,117,1.9,0,No,Basic,,No,,0.0
AV00567,A120EF3386F62820,,,Anonymous Prospect,6/8/2024,11:51,Tablet,Safari,New,Affiliate,AFF_BRAND_Q224,West,/,1,Home Page,application educate,/,Bounced/Browsed,2,95,2.0,0,No,Plus,,No,,0.0
AV00568,A15D4240E01C214C,,L0102,New Lead,6/8/2024,12:21,Desktop,Safari,Returning,SEM,SEM_PLANS_Q224,North,/,8,Payment & Confirmation,application complete,,No,16,755,2.1,0,No,Plus,3249.71,Yes,ORD00031,3249.71
AV00569,F070783878976F9E,,,Anonymous Prospect,6/8/2024,13:52,Desktop,Safari,New,Affiliate,AFF_BRAND_Q224,North,/plans/compare,1,Home Page,application educate,/,Bounced/Browsed,3,138,0.9,0,No,Premium,,No,,0.0
AV00570,2DA510423C8D4311,,,Anonymous Prospect,6/8/2024,17:39,Desktop,Firefox,Returning,SEO,,North,/plans/compare,2,Product Comparison,application educate,/plans/compare,Bounced/Browsed,3,171,2.1,0,No,Basic,,No,,0.0
AV00571,A4B40926133220E6,,,Anonymous Prospect,6/8/2024,19:13,Desktop,Chrome,New,Display,DSP_PLANS_Q224,North,/,1,Home Page,application educate,/,Bounced/Browsed,3,124,2.1,0,No,Basic,,No,,0.0
AV00572,33CFEDDD546C4B23,,,Anonymous Prospect,6/8/2024,19:30,Mobile,Safari,New,Direct Mail,DM_RENEW_Q224,East,/offer,2,Product Comparison,application educate,/plans/compare,Bounced/Browsed,5,111,2.0,0,No,Plus,,No,,0.0
AV00573,3CC424D6E33C280C,,,Anonymous Prospect,6/8/2024,21:06,Desktop,Samsung Internet,New,Display,DSP_ELITE_Q224,West,/,2,Product Comparison,application educate,/plans/compare,Bounced/Browsed,2,140,2.3,0,No,Elite,,No,,0.0
AV00574,8BAEF355348B1941,,,Anonymous Prospect,6/8/2024,21:16,Desktop,Chrome,New,Direct,,East,/,1,Home Page,application educate,/,Bounced/Browsed,1,141,1.7,0,No,Plus,,No,,0.0
AV00575,1114B3BF76134B6B,C014,,Existing Customer,6/8/2024,21:51,Mobile,Chrome,Returning,Direct Mail,DM_BRAND_Q224,East,/offer,5,Identity Verification,application start,/apply/verify,Yes,8,563,3.8,3,No,Premium,,No,,0.0
AV00576,758EC6EDF15EBBAD,,,Anonymous Prospect,6/9/2024,06:26,Mobile,Edge,New,SEM,SEM_PLANS_Q224,East,/,1,Home Page,application educate,/,Bounced/Browsed,1,111,4.0,0,No,Basic,,No,,0.0
AV00577,3F5A32E4E6AFBE1A,,L0103,New Lead,6/9/2024,07:55,Mobile,Safari,New,SEO,,East,/plans/compare,6,Plan Customization & Quote,application submit,/apply/quote,Yes,13,463,1.9,1,No,Elite,8823.29,No,,0.0
AV00578,B75F1DD70DCD271D,,,Anonymous Prospect,6/9/2024,11:04,Mobile,Chrome,New,SEO,,West,/,1,Home Page,application educate,/,Bounced/Browsed,3,124,4.5,0,No,Plus,,No,,0.0
AV00579,6700A64BD7B5B62D,,,Anonymous Prospect,6/9/2024,12:20,Mobile,Chrome,New,Paid Social,SOC_BASIC_Q224,North,/,1,Home Page,application educate,/,Bounced/Browsed,3,103,4.4,0,No,Basic,,No,,0.0
AV00580,9EFBCE18B035E7DD,,,Anonymous Prospect,6/9/2024,13:00,Mobile,Safari,New,SEM,SEM_PLANS_Q224,North,/,1,Home Page,application educate,/,Bounced/Browsed,3,124,3.8,0,No,Premium,,No,,0.0
AV00581,CFADCAE762F83E36,,,Anonymous Prospect,6/9/2024,13:55,Mobile,Safari,Returning,Paid Social,SOC_RENEW_Q224,East,/,1,Home Page,application educate,/,Bounced/Browsed,2,116,5.0,0,No,Basic,,No,,0.0
AV00582,AF3F7F59E9AD6374,,,Anonymous Prospect,6/9/2024,14:01,Desktop,Chrome,Returning,Paid Social,SOC_RENEW_Q224,East,/,1,Home Page,application educate,/,Bounced/Browsed,3,120,2.2,0,No,Premium,,No,,0.0
AV00583,ECD074A6A63097E6,,,Anonymous Prospect,6/9/2024,14:12,Mobile,Chrome,New,SEM,SEM_PREMIUM_Q224,South,/plans/compare,1,Home Page,application educate,/,Bounced/Browsed,2,82,4.6,0,No,Premium,,No,,0.0
AV00584,0B27D4326E2A8675,,,Anonymous Prospect,6/9/2024,14:35,Mobile,Chrome,New,SEM,SEM_PREMIUM_Q224,East,/,2,Product Comparison,application educate,/plans/compare,Bounced/Browsed,6,131,5.7,0,No,Premium,,No,,0.0
AV00585,09ED001054729894,,,Anonymous Prospect,6/9/2024,14:51,Mobile,Chrome,New,Direct Mail,DM_PLANS_Q224,North,/offer,2,Product Comparison,application educate,/plans/compare,Bounced/Browsed,3,219,2.2,0,No,Premium,,No,,0.0
AV00586,9573BECDA1D90572,,,Anonymous Prospect,6/9/2024,17:13,Desktop,Chrome,New,Display,DSP_BASIC_Q224,South,/plans/compare,1,Home Page,application educate,/,Bounced/Browsed,3,119,1.5,0,No,Basic,,No,,0.0
AV00587,129DD9A884A047B9,,,Anonymous Prospect,6/9/2024,17:48,Mobile,Chrome,New,SEM,SEM_BRAND_Q224,South,/plans/compare,2,Product Comparison,application educate,/plans/compare,Bounced/Browsed,5,254,3.6,0,No,Premium,,No,,0.0
AV00588,7C492616C675FA06,,,Anonymous Prospect,6/9/2024,19:31,Mobile,Safari,Returning,Affiliate,AFF_SWITCH_Q224,North,/,2,Product Comparison,application educate,/plans/compare,Bounced/Browsed,4,176,2.4,0,No,Premium,,No,,0.0
AV00589,0A732E00B6AF048B,,,Anonymous Prospect,6/9/2024,19:38,Mobile,Edge,New,Display,DSP_SWITCH_Q224,South,/,1,Home Page,application educate,/,Bounced/Browsed,4,128,5.1,0,No,Elite,,No,,0.0
AV00590,610018EE0BE15027,,L0104,New Lead,6/10/2024,08:30,Desktop,Chrome,New,Direct Mail,DM_BRAND_Q224,South,/offer,4,Personal Details,application start,/apply/details,Yes,7,343,1.6,1,No,Plus,,No,,0.0
AV00591,A9D9301AABE876CB,,,Anonymous Prospect,6/10/2024,10:22,Desktop,Chrome,Returning,SEM,SEM_SWITCH_Q224,North,/plans/compare,1,Home Page,application educate,/,Bounced/Browsed,3,80,0.6,0,Yes,Basic,,No,,0.0
AV00592,A9DE0E6268BBA0E1,,,Anonymous Prospect,6/10/2024,10:47,Desktop,Chrome,New,SEM,SEM_BRAND_Q224,West,/,2,Product Comparison,application educate,/plans/compare,Bounced/Browsed,5,198,1.8,0,No,Premium,,No,,0.0
AV00593,6CF7B2D451B503A0,,,Anonymous Prospect,6/10/2024,12:15,Desktop,Firefox,Returning,SEO,,North,/plans/compare,2,Product Comparison,application educate,/plans/compare,Bounced/Browsed,3,163,1.7,0,No,Plus,,No,,0.0
AV00594,A1BFBB034034ABEF,,L0105,New Lead,6/10/2024,12:40,Mobile,Samsung Internet,New,Display,DSP_PREMIUM_Q224,North,/plans/compare,5,Identity Verification,application start,/apply/verify,Yes,9,601,2.4,5,No,Premium,,No,,0.0
AV00595,0FA0B10C609C7314,,,Anonymous Prospect,6/10/2024,13:09,Mobile,Chrome,New,Direct,,East,/,1,Home Page,application educate,/,Bounced/Browsed,3,109,3.3,0,No,Premium,,No,,0.0
AV00596,F9834915B528F92E,,,Anonymous Prospect,6/10/2024,13:50,Desktop,Chrome,New,Direct Mail,DM_PLANS_Q224,West,/offer,1,Home Page,application educate,/,Bounced/Browsed,3,119,2.1,0,No,Premium,,No,,0.0
AV00597,29C968AF4B380826,,,Anonymous Prospect,6/10/2024,14:34,Desktop,Chrome,New,Direct,,East,/,1,Home Page,application educate,/,Bounced/Browsed,1,121,2.9,0,No,Premium,,No,,0.0
AV00598,8811845C56801B79,,,Anonymous Prospect,6/10/2024,14:42,Mobile,Firefox,New,Email,EM_PLANS_Q224,North,/,1,Home Page,application educate,/,Bounced/Browsed,2,99,6.5,0,No,Basic,,No,,0.0
AV00599,D7D15DB5A1C2FD40,,,Anonymous Prospect,6/10/2024,16:56,Desktop,Samsung Internet,Returning,Display,DSP_BRAND_Q224,West,/,2,Product Comparison,application educate,/plans/compare,Bounced/Browsed,5,249,3.1,0,Yes,Basic,,No,,0.0
AV00600,3D1FC4015E307C41,,,Anonymous Prospect,6/10/2024,19:12,Tablet,Chrome,New,SEO,,South,/plans/compare,2,Product Comparison,application educate,/plans/compare,Bounced/Browsed,4,217,1.7,0,No,Premium,,No,,0.0
AV00601,37EFEBF548683088,,L0106,New Lead,6/10/2024,20:26,Mobile,Chrome,New,Direct,,North,/,8,Payment & Confirmation,application complete,,No,14,724,3.2,3,No,Premium,6186.39,Yes,ORD00032,6186.39
AV00602,D9872B73744C0C88,,,Anonymous Prospect,6/10/2024,20:52,Mobile,Safari,Returning,Direct,,North,/,1,Home Page,application educate,/,Bounced/Browsed,2,107,1.9,0,No,Plus,,No,,0.0
AV00603,D7AE4F596456C24A,,,Anonymous Prospect,6/11/2024,06:32,Desktop,Chrome,New,SEO,,South,/plans/compare,2,Product Comparison,application educate,/plans/compare,Bounced/Browsed,5,242,2.6,0,No,Elite,,No,,0.0
AV00604,B6C6E8591ADFC536,,,Anonymous Prospect,6/11/2024,07:20,Desktop,Safari,Returning,SEO,,East,/plans/compare,1,Home Page,application educate,/,Bounced/Browsed,2,122,1.1,0,No,Basic,,No,,0.0
AV00605,6145D64A0BE979C2,,L0107,New Lead,6/11/2024,07:27,Desktop,Edge,New,SEM,SEM_RENEW_Q224,North,/,4,Personal Details,application start,/apply/details,Yes,8,401,0.6,1,No,Plus,,No,,0.0
AV00606,7A370584AC3D5075,,L0108,New Lead,6/11/2024,08:22,Desktop,Chrome,Returning,SEM,SEM_BRAND_Q224,East,/,6,Plan Customization & Quote,application submit,/apply/quote,Yes,13,404,2.8,2,No,Premium,4992.26,No,,0.0
AV00607,E232C6BB6C7E37AD,,,Anonymous Prospect,6/11/2024,09:09,Mobile,Chrome,New,SEM,SEM_PLANS_Q224,South,/,1,Home Page,application educate,/,Bounced/Browsed,4,113,4.4,0,No,Premium,,No,,0.0
AV00608,F418E3FF90A817A4,,,Anonymous Prospect,6/11/2024,12:12,Desktop,Chrome,Returning,Paid Social,SOC_ELITE_Q224,West,/,1,Home Page,application educate,/,Bounced/Browsed,3,88,2.0,0,No,Elite,,No,,0.0
AV00609,25FE2A8F4BA56C5E,,,Anonymous Prospect,6/11/2024,15:32,Mobile,Safari,New,SEM,SEM_PREMIUM_Q224,South,/,2,Product Comparison,application educate,/plans/compare,Bounced/Browsed,4,164,2.0,0,No,Premium,,No,,0.0
AV00610,A011171B75FDDA65,,,Anonymous Prospect,6/11/2024,15:57,Mobile,Safari,New,Direct,,North,/,1,Home Page,application educate,/,Bounced/Browsed,1,127,2.4,0,No,Premium,,No,,0.0
AV00611,8244CBD6260CB88A,,,Anonymous Prospect,6/11/2024,16:15,Mobile,Chrome,New,Affiliate,AFF_RENEW_Q224,West,/,1,Home Page,application educate,/,Bounced/Browsed,2,101,1.3,0,No,Plus,,No,,0.0
AV00612,E1954D3429291CBD,,,Anonymous Prospect,6/11/2024,16:23,Tablet,Edge,New,Paid Social,SOC_RENEW_Q224,North,/plans/compare,1,Home Page,application educate,/,Bounced/Browsed,4,134,1.4,0,No,Plus,,No,,0.0
AV00613,10647DF092082EC7,,,Anonymous Prospect,6/11/2024,16:41,Mobile,Chrome,New,SEO,,East,/plans/compare,1,Home Page,application educate,/,Bounced/Browsed,2,110,2.4,0,No,Plus,,No,,0.0
AV00614,5C52FCD685EEE7E0,,,Anonymous Prospect,6/11/2024,19:04,Mobile,Safari,New,Paid Social,SOC_BRAND_Q224,East,/,1,Home Page,application educate,/,Bounced/Browsed,1,115,2.0,0,No,Basic,,No,,0.0
AV00615,3432ECF6E5949EFA,,,Anonymous Prospect,6/11/2024,19:56,Mobile,Safari,New,SEM,SEM_RENEW_Q224,North,/,1,Home Page,application educate,/,Bounced/Browsed,2,141,5.6,0,No,Elite,,No,,0.0
AV00616,B0DE6D765EEB10D2,,,Anonymous Prospect,6/11/2024,20:03,Mobile,Chrome,Returning,Display,DSP_BRAND_Q224,East,/,1,Home Page,application educate,/,Bounced/Browsed,4,105,4.4,0,No,Elite,,No,,0.0
AV00617,55B78755DC7A4E2B,,,Anonymous Prospect,6/11/2024,21:27,Tablet,Chrome,New,SEO,,East,/,1,Home Page,application educate,/,Bounced/Browsed,2,63,2.0,0,No,Plus,,No,,0.0
AV00618,5E4277835E653A49,C093,,Existing Customer,6/12/2024,07:36,Mobile,Samsung Internet,Returning,Email,EM_BRAND_Q224,North,/,5,Identity Verification,application start,/apply/verify,Yes,13,412,1.7,1,No,Plus,,No,,0.0
AV00619,E94BD26FBA88BB2F,,,Anonymous Prospect,6/12/2024,11:29,Desktop,Chrome,Returning,Affiliate,AFF_RENEW_Q224,South,/plans/compare,1,Home Page,application educate,/,Bounced/Browsed,3,101,1.9,0,No,Premium,,No,,0.0
AV00620,DC50BBCCFC921E29,,,Anonymous Prospect,6/12/2024,11:39,Desktop,Safari,New,SEM,SEM_RENEW_Q224,East,/plans/compare,3,Application Start,application start,/apply/start,Yes,6,217,2.2,0,No,Elite,,No,,0.0
AV00621,5E4C9285F772788B,,,Anonymous Prospect,6/12/2024,12:03,Mobile,Safari,New,SEO,,West,/plans/compare,2,Product Comparison,application educate,/plans/compare,Bounced/Browsed,5,224,4.3,0,No,Basic,,No,,0.0
AV00622,A79C032F9D2CE7E3,,,Anonymous Prospect,6/12/2024,13:36,Desktop,Safari,Returning,SEO,,North,/plans/compare,1,Home Page,application educate,/,Bounced/Browsed,1,83,3.0,0,No,Plus,,No,,0.0
AV00623,3079DAC8F97A7AC9,,,Anonymous Prospect,6/12/2024,14:04,Desktop,Safari,New,SEM,SEM_SWITCH_Q224,North,/,1,Home Page,application educate,/,Bounced/Browsed,3,113,3.0,0,No,Plus,,No,,0.0
AV00624,B4F1D77E9764523E,,,Anonymous Prospect,6/12/2024,15:37,Mobile,Chrome,Returning,Direct Mail,DM_BRAND_Q224,South,/offer,1,Home Page,application educate,/,Bounced/Browsed,1,105,1.3,0,No,Plus,,No,,0.0
AV00625,46B1CCCDE17A8851,,L0109,New Lead,6/12/2024,15:46,Mobile,Safari,Returning,SEM,SEM_BRAND_Q224,West,/,5,Identity Verification,application start,/apply/verify,Yes,9,370,3.8,2,No,Premium,,No,,0.0
AV00626,13C86E786C6505F5,,L0110,New Lead,6/12/2024,16:07,Desktop,Edge,New,Direct,,West,/,8,Payment & Confirmation,application complete,,No,18,755,2.9,0,No,Plus,3554.85,Yes,ORD00033,3554.85
AV00627,26D33E6CB6EB291B,,,Anonymous Prospect,6/12/2024,16:11,Tablet,Chrome,New,SEO,,West,/plans/compare,1,Home Page,application educate,/,Bounced/Browsed,1,149,2.7,0,No,Basic,,No,,0.0
AV00628,D02415FE65F0ED2E,,,Anonymous Prospect,6/12/2024,17:03,Mobile,Chrome,New,Direct,,South,/,1,Home Page,application educate,/,Bounced/Browsed,3,137,1.8,0,No,Plus,,No,,0.0
AV00629,3C4550E3B328B5A1,,,Anonymous Prospect,6/12/2024,18:03,Desktop,Chrome,New,SEO,,South,/,1,Home Page,application educate,/,Bounced/Browsed,4,128,3.9,0,No,Plus,,No,,0.0
AV00630,36181632FEDC0D71,,,Anonymous Prospect,6/12/2024,19:29,Desktop,Safari,New,SEM,SEM_PLANS_Q224,West,/plans/compare,3,Application Start,application start,/apply/start,Yes,4,215,2.5,0,No,Basic,,No,,0.0
AV00631,ED4A35BB190EBD93,,,Anonymous Prospect,6/12/2024,19:43,Tablet,Chrome,Returning,SEM,SEM_PLANS_Q224,East,/,1,Home Page,application educate,/,Bounced/Browsed,2,128,1.3,0,No,Premium,,No,,0.0
AV00632,CFCF9A4FE745B13F,,,Anonymous Prospect,6/12/2024,20:04,Mobile,Safari,New,Direct,,North,/,1,Home Page,application educate,/,Bounced/Browsed,3,102,2.4,0,No,Basic,,No,,0.0
AV00633,C09269B442850C89,,L0111,New Lead,6/12/2024,20:44,Desktop,Chrome,Returning,SEO,,West,/,6,Plan Customization & Quote,application submit,/apply/quote,Yes,9,643,1.1,1,No,Premium,5187.99,No,,0.0
AV00634,AB467F8CDB66E159,,,Anonymous Prospect,6/12/2024,22:22,Desktop,Chrome,New,SEM,SEM_BRAND_Q224,South,/,2,Product Comparison,application educate,/plans/compare,Bounced/Browsed,6,197,2.5,0,No,Basic,,No,,0.0
AV00635,44846C259F89F18E,,,Anonymous Prospect,6/12/2024,22:38,Mobile,Safari,New,SEM,SEM_RENEW_Q224,South,/,2,Product Comparison,application educate,/plans/compare,Bounced/Browsed,4,125,3.5,0,Yes,Elite,,No,,0.0
AV00636,846424372D7B086C,,,Anonymous Prospect,6/12/2024,22:57,Mobile,Safari,Returning,Affiliate,AFF_PREMIUM_Q224,North,/plans/compare,1,Home Page,application educate,/,Bounced/Browsed,2,110,4.3,0,No,Premium,,No,,0.0
AV00637,9281F822FF2EE608,,,Anonymous Prospect,6/13/2024,07:15,Mobile,Safari,New,SEM,SEM_PLANS_Q224,West,/,2,Product Comparison,application educate,/plans/compare,Bounced/Browsed,5,229,4.5,0,No,Elite,,No,,0.0
AV00638,D590965C221FD0AF,,,Anonymous Prospect,6/13/2024,11:47,Desktop,Chrome,New,Display,DSP_PLUS_Q224,East,/,2,Product Comparison,application educate,/plans/compare,Bounced/Browsed,6,207,2.0,0,No,Plus,,No,,0.0
AV00639,349A9EF1E4A876BF,,,Anonymous Prospect,6/13/2024,12:01,Mobile,Safari,New,Affiliate,AFF_PLANS_Q224,North,/plans/compare,1,Home Page,application educate,/,Bounced/Browsed,3,90,3.9,0,No,Basic,,No,,0.0
AV00640,D23F2EF47934B58F,,,Anonymous Prospect,6/13/2024,12:06,Mobile,Chrome,New,Affiliate,AFF_BRAND_Q224,East,/,1,Home Page,application educate,/,Bounced/Browsed,2,101,4.5,0,No,Basic,,No,,0.0
AV00641,2170A96C2A9F45D9,,,Anonymous Prospect,6/13/2024,12:23,Desktop,Chrome,Returning,SEO,,East,/,1,Home Page,application educate,/,Bounced/Browsed,2,97,2.5,0,No,Plus,,No,,0.0
AV00642,C7922CA3ED4C7290,,L0112,New Lead,6/13/2024,15:20,Desktop,Safari,New,Email,EM_SWITCH_Q224,South,/,4,Personal Details,application start,/apply/details,Yes,9,249,3.0,1,No,Basic,,No,,0.0
AV00643,F7E378F980505667,,,Anonymous Prospect,6/13/2024,15:33,Mobile,Safari,New,Direct,,West,/,1,Home Page,application educate,/,Bounced/Browsed,3,78,4.5,0,No,Basic,,No,,0.0
AV00644,F11A94E96FA98401,,,Anonymous Prospect,6/13/2024,16:32,Mobile,Chrome,New,SEM,SEM_RENEW_Q224,South,/,1,Home Page,application educate,/,Bounced/Browsed,1,108,1.7,0,No,Premium,,No,,0.0
AV00645,F7762CD602B21360,,L0113,New Lead,6/13/2024,16:49,Mobile,Safari,Returning,Direct,,South,/,5,Identity Verification,application start,/apply/verify,Yes,13,404,2.6,1,No,Basic,,No,,0.0
AV00646,02B37062F4AF9C7E,,L0114,New Lead,6/13/2024,18:23,Tablet,Safari,Returning,Affiliate,AFF_BRAND_Q224,North,/plans/compare,4,Personal Details,application start,/apply/details,Yes,7,263,2.0,2,Yes,Plus,,No,,0.0
AV00647,E304D5CD5596C290,,,Anonymous Prospect,6/13/2024,19:06,Desktop,Safari,New,Display,DSP_RENEW_Q224,South,/,1,Home Page,application educate,/,Bounced/Browsed,1,155,1.4,0,No,Elite,,No,,0.0
AV00648,01625A884A178D97,,,Anonymous Prospect,6/13/2024,19:08,Tablet,Safari,Returning,Display,DSP_BASIC_Q224,West,/,3,Application Start,application start,/apply/start,Yes,5,312,4.4,0,No,Basic,,No,,0.0
AV00649,C255487E513C98FC,,,Anonymous Prospect,6/13/2024,21:46,Mobile,Edge,New,Email,EM_BRAND_Q224,North,/plans/compare,1,Home Page,application educate,/,Bounced/Browsed,1,148,5.3,0,No,Premium,,No,,0.0
AV00650,2C535FEFFD866852,,,Anonymous Prospect,6/13/2024,22:20,Desktop,Chrome,New,Paid Social,SOC_BRAND_Q224,South,/,1,Home Page,application educate,/,Bounced/Browsed,2,115,2.1,0,No,Plus,,No,,0.0
AV00651,876D515C21E867E5,,,Anonymous Prospect,6/14/2024,06:14,Mobile,Chrome,Returning,Display,DSP_PLUS_Q224,North,/plans/compare,1,Home Page,application educate,/,Bounced/Browsed,1,110,2.0,0,No,Plus,,No,,0.0
AV00652,0AED2AFBB3F5F1D6,,,Anonymous Prospect,6/14/2024,07:57,Desktop,Chrome,New,Direct,,North,/,2,Product Comparison,application educate,/plans/compare,Bounced/Browsed,4,149,2.0,0,No,Elite,,No,,0.0
AV00653,4869C660621C5A3D,,,Anonymous Prospect,6/14/2024,08:11,Desktop,Firefox,Returning,Direct Mail,DM_BASIC_Q224,West,/offer,3,Application Start,application start,/apply/start,Yes,5,219,1.7,0,No,Basic,,No,,0.0
AV00654,E65CD5FA8824E3FD,,L0115,New Lead,6/14/2024,11:38,Mobile,Chrome,New,SEM,SEM_PLANS_Q224,West,/plans/compare,5,Identity Verification,application start,/apply/verify,Yes,10,390,3.6,5,Yes,Premium,,No,,0.0
AV00655,C9231006F5357F09,,,Anonymous Prospect,6/14/2024,12:35,Desktop,Safari,New,Direct,,West,/,2,Product Comparison,application educate,/plans/compare,Bounced/Browsed,5,162,1.1,0,No,Plus,,No,,0.0
AV00656,36CFBE52BFA5DE24,,,Anonymous Prospect,6/14/2024,13:29,Mobile,Safari,Returning,Direct,,South,/,2,Product Comparison,application educate,/plans/compare,Bounced/Browsed,5,174,3.0,0,No,Plus,,No,,0.0
AV00657,1FD2D68A7F355E49,C072,,Existing Customer,6/14/2024,13:29,Mobile,Chrome,New,Email,EM_SWITCH_Q224,North,/,2,Product Comparison,application educate,/plans/compare,Bounced/Browsed,3,132,5.1,0,No,Basic,,No,,0.0
AV00658,4D85F5B052277141,,L0116,New Lead,6/14/2024,14:11,Desktop,Safari,Returning,SEO,,South,/,6,Plan Customization & Quote,application submit,/apply/quote,Yes,8,682,3.1,1,No,Plus,4066.26,No,,0.0
AV00659,E0102EBDF2807AB7,,,Anonymous Prospect,6/14/2024,15:40,Mobile,Safari,New,Email,EM_PLUS_Q224,East,/,2,Product Comparison,application educate,/plans/compare,Bounced/Browsed,3,249,2.0,0,No,Plus,,No,,0.0
AV00660,A335979C51B173DB,,,Anonymous Prospect,6/14/2024,16:03,Desktop,Chrome,New,Email,EM_SWITCH_Q224,West,/,2,Product Comparison,application educate,/plans/compare,Bounced/Browsed,3,173,2.4,0,No,Plus,,No,,0.0
AV00661,4127E3936C73E2F3,,L0117,New Lead,6/14/2024,16:21,Desktop,Safari,Returning,Direct,,East,/,7,Review & e-Sign,application submit,/apply/review,Yes,17,519,2.8,4,No,Premium,5005.82,No,,0.0
AV00662,17C65D57CFF1868F,,,Anonymous Prospect,6/14/2024,17:25,Desktop,Chrome,New,SEM,SEM_PLANS_Q224,West,/,1,Home Page,application educate,/,Bounced/Browsed,2,88,1.6,0,No,Basic,,No,,0.0
AV00663,07F0EC6757663A94,,L0118,New Lead,6/14/2024,17:34,Mobile,Chrome,New,Direct,,North,/,5,Identity Verification,application start,/apply/verify,Yes,10,569,2.3,4,No,Plus,,No,,0.0
AV00664,F49BE80EA81A2841,,,Anonymous Prospect,6/14/2024,18:34,Mobile,Safari,Returning,SEM,SEM_BRAND_Q224,South,/,2,Product Comparison,application educate,/plans/compare,Bounced/Browsed,5,161,5.0,0,No,Basic,,No,,0.0
AV00665,EB5EBB885033D4F6,,L0119,New Lead,6/14/2024,21:25,Mobile,Chrome,New,SEM,SEM_RENEW_Q224,West,/,5,Identity Verification,application start,/apply/verify,Yes,13,458,4.3,4,No,Plus,,No,,0.0
AV00666,0C67C18FAA61664E,,,Anonymous Prospect,6/15/2024,06:04,Mobile,Chrome,Returning,Email,EM_BASIC_Q224,West,/,1,Home Page,application educate,/,Bounced/Browsed,3,94,1.9,0,No,Basic,,No,,0.0
AV00667,A4BAD7E0E87E6719,,,Anonymous Prospect,6/15/2024,07:44,Mobile,Edge,New,Affiliate,AFF_BRAND_Q224,North,/,1,Home Page,application educate,/,Bounced/Browsed,1,117,2.4,0,No,Basic,,No,,0.0
AV00668,15C81EF0905A6FB9,,,Anonymous Prospect,6/15/2024,10:02,Mobile,Chrome,New,Email,EM_BRAND_Q224,North,/,2,Product Comparison,application educate,/plans/compare,Bounced/Browsed,5,146,2.4,0,No,Premium,,No,,0.0
AV00669,358DFC0AD8A90BE2,,,Anonymous Prospect,6/15/2024,13:24,Tablet,Chrome,New,Display,DSP_PLANS_Q224,West,/,2,Product Comparison,application educate,/plans/compare,Bounced/Browsed,5,169,2.2,0,No,Plus,,No,,0.0
AV00670,E5EBE46F3BF860DB,,,Anonymous Prospect,6/15/2024,13:46,Desktop,Chrome,Returning,SEM,SEM_BRAND_Q224,West,/plans/compare,2,Product Comparison,application educate,/plans/compare,Bounced/Browsed,3,231,2.0,0,No,Premium,,No,,0.0
AV00671,6C4BB1710AD89011,,L0120,New Lead,6/15/2024,14:18,Mobile,Samsung Internet,Returning,Direct Mail,DM_RENEW_Q224,East,/offer,6,Plan Customization & Quote,application submit,/apply/quote,Yes,9,571,2.4,0,No,Premium,4649.22,No,,0.0
AV00672,DA6FB70ADBA1AA1F,,,Anonymous Prospect,6/15/2024,14:37,Mobile,Safari,New,SEM,SEM_RENEW_Q224,South,/plans/compare,2,Product Comparison,application educate,/plans/compare,Bounced/Browsed,4,146,2.3,0,No,Basic,,No,,0.0
AV00673,707419ED6277927B,,,Anonymous Prospect,6/15/2024,14:52,Desktop,Safari,Returning,SEO,,North,/plans/compare,1,Home Page,application educate,/,Bounced/Browsed,1,73,2.1,0,No,Plus,,No,,0.0
AV00674,7F5928A3C808ABCE,,,Anonymous Prospect,6/15/2024,15:28,Tablet,Chrome,New,Paid Social,SOC_SWITCH_Q224,North,/,1,Home Page,application educate,/,Bounced/Browsed,2,104,3.6,0,Yes,Plus,,No,,0.0
AV00675,6FB4EEB06137E39C,,L0121,New Lead,6/15/2024,16:34,Mobile,Chrome,New,SEM,SEM_SWITCH_Q224,South,/,8,Payment & Confirmation,application complete,,No,18,730,1.7,1,Yes,Elite,8133.12,Yes,ORD00034,8133.12
AV00676,6B3C10C136BB1EA3,,L0122,New Lead,6/15/2024,16:58,Desktop,Chrome,Returning,SEM,SEM_RENEW_Q224,West,/plans/compare,8,Payment & Confirmation,application complete,,No,11,759,3.4,2,No,Plus,2776.57,Yes,ORD00035,2776.57
AV00677,C5C3C4FA5086A847,,,Anonymous Prospect,6/15/2024,17:21,Mobile,Chrome,New,Email,EM_SWITCH_Q224,East,/,2,Product Comparison,application educate,/plans/compare,Bounced/Browsed,3,256,4.3,0,No,Premium,,No,,0.0
AV00678,5AAAF5E38C06E11D,,L0123,New Lead,6/15/2024,19:01,Mobile,Chrome,New,Paid Social,SOC_PLANS_Q224,East,/plans/compare,4,Personal Details,application start,/apply/details,Yes,8,300,2.7,0,No,Elite,,No,,0.0
AV00679,C9757403AC5C0E09,,,Anonymous Prospect,6/15/2024,20:53,Mobile,Safari,New,SEO,,East,/,1,Home Page,application educate,/,Bounced/Browsed,4,84,5.1,0,No,Basic,,No,,0.0
AV00680,671190265E89F388,,L0124,New Lead,6/15/2024,21:44,Mobile,Safari,New,SEM,SEM_BRAND_Q224,East,/,4,Personal Details,application start,/apply/details,Yes,10,449,0.6,3,No,Premium,,No,,0.0
AV00681,BF07A76B4552253B,,,Anonymous Prospect,6/15/2024,21:54,Desktop,Safari,New,Email,EM_BRAND_Q224,West,/,2,Product Comparison,application educate,/plans/compare,Bounced/Browsed,4,110,1.2,0,No,Plus,,No,,0.0
AV00682,B2AD0313AE2ED33C,,L0125,New Lead,6/15/2024,21:55,Desktop,Chrome,New,SEM,SEM_SWITCH_Q224,South,/,5,Identity Verification,application start,/apply/verify,Yes,11,269,1.9,1,No,Plus,,No,,0.0
AV00683,693FE5D8334F76D8,,,Anonymous Prospect,6/16/2024,08:26,Desktop,Edge,Returning,Display,DSP_RENEW_Q224,East,/,1,Home Page,application educate,/,Bounced/Browsed,1,77,2.4,0,No,Elite,,No,,0.0
AV00684,4961EA8AFB41F980,,,Anonymous Prospect,6/16/2024,09:43,Mobile,Safari,New,SEM,SEM_RENEW_Q224,West,/,1,Home Page,application educate,/,Bounced/Browsed,2,132,1.8,0,No,Plus,,No,,0.0
AV00685,CC18CA140AD6D5B4,,L0126,New Lead,6/16/2024,10:09,Mobile,Chrome,New,SEM,SEM_SWITCH_Q224,East,/,5,Identity Verification,application start,/apply/verify,Yes,9,415,2.7,4,No,Basic,,No,,0.0
AV00686,D4E37DDF63D589CA,,,Anonymous Prospect,6/16/2024,10:20,Desktop,Chrome,New,SEM,SEM_BRAND_Q224,North,/,1,Home Page,application educate,/,Bounced/Browsed,2,111,2.3,0,No,Premium,,No,,0.0
AV00687,9C951F7A0B1F8C7A,,,Anonymous Prospect,6/16/2024,12:53,Mobile,Chrome,New,Display,DSP_BRAND_Q224,South,/plans/compare,1,Home Page,application educate,/,Bounced/Browsed,2,96,1.1,0,No,Basic,,No,,0.0
AV00688,2FCB343DBA39A3F1,,,Anonymous Prospect,6/16/2024,15:22,Mobile,Chrome,New,Direct Mail,DM_RENEW_Q224,South,/offer,2,Product Comparison,application educate,/plans/compare,Bounced/Browsed,3,155,2.9,0,No,Basic,,No,,0.0
AV00689,DA1D47417A048E87,,,Anonymous Prospect,6/16/2024,18:33,Desktop,Safari,New,Paid Social,SOC_PLANS_Q224,North,/plans/compare,1,Home Page,application educate,/,Bounced/Browsed,4,101,1.4,0,No,Plus,,No,,0.0
AV00690,14D7427EB20B2338,,,Anonymous Prospect,6/16/2024,21:52,Desktop,Chrome,Returning,Paid Social,SOC_SWITCH_Q224,East,/plans/compare,1,Home Page,application educate,/,Bounced/Browsed,2,145,2.5,0,No,Plus,,No,,0.0
AV00691,0426DD943F2EFCCC,,,Anonymous Prospect,6/17/2024,06:34,Mobile,Chrome,New,Email,EM_RENEW_Q224,West,/plans/compare,3,Application Start,application start,/apply/start,Yes,7,289,2.9,0,No,Plus,,No,,0.0
AV00692,335513FCA81E0AAB,,L0127,New Lead,6/17/2024,07:45,Mobile,Chrome,New,Direct,,West,/,8,Payment & Confirmation,application complete,,No,13,396,1.9,0,No,Plus,3403.06,Yes,ORD00036,3403.06
AV00693,74E831EB1119CAC4,,,Anonymous Prospect,6/17/2024,08:46,Tablet,Chrome,New,Direct,,East,/,1,Home Page,application educate,/,Bounced/Browsed,4,127,2.4,0,No,Plus,,No,,0.0
AV00694,7D8B9F28023A812B,,,Anonymous Prospect,6/17/2024,09:19,Tablet,Chrome,New,Paid Social,SOC_PLANS_Q224,South,/plans/compare,1,Home Page,application educate,/,Bounced/Browsed,3,124,1.2,0,No,Premium,,No,,0.0
AV00695,885B150A99D511B3,,,Anonymous Prospect,6/17/2024,10:06,Mobile,Chrome,Returning,SEO,,South,/plans/compare,1,Home Page,application educate,/,Bounced/Browsed,1,88,1.2,0,No,Plus,,No,,0.0
AV00696,EAD5B65D3765ACB2,,,Anonymous Prospect,6/17/2024,13:11,Desktop,Chrome,Returning,Paid Social,SOC_BRAND_Q224,East,/plans/compare,2,Product Comparison,application educate,/plans/compare,Bounced/Browsed,3,150,1.7,0,No,Basic,,No,,0.0
AV00697,9EFEFA6345A2219F,,,Anonymous Prospect,6/17/2024,13:21,Desktop,Chrome,Returning,Direct,,East,/,2,Product Comparison,application educate,/plans/compare,Bounced/Browsed,5,187,1.8,0,No,Plus,,No,,0.0
AV00698,DBF1CB00DF87324D,,,Anonymous Prospect,6/17/2024,13:23,Mobile,Safari,Returning,SEO,,South,/,2,Product Comparison,application educate,/plans/compare,Bounced/Browsed,4,212,3.7,0,No,Premium,,No,,0.0
AV00699,7E7B5167D2F07323,,,Anonymous Prospect,6/17/2024,13:26,Tablet,Safari,New,Email,EM_PLANS_Q224,North,/plans/compare,2,Product Comparison,application educate,/plans/compare,Bounced/Browsed,5,215,1.4,0,No,Elite,,No,,0.0
AV00700,308D8BACEFF770C0,,,Anonymous Prospect,6/17/2024,13:50,Tablet,Firefox,New,SEO,,West,/,1,Home Page,application educate,/,Bounced/Browsed,1,68,1.9,0,No,Premium,,No,,0.0
AV00701,249F4DA207488FE9,,,Anonymous Prospect,6/17/2024,15:46,Mobile,Chrome,Returning,SEM,SEM_BRAND_Q224,East,/plans/compare,2,Product Comparison,application educate,/plans/compare,Bounced/Browsed,4,145,5.9,0,No,Plus,,No,,0.0
AV00702,7B6EE999FBEC059A,,,Anonymous Prospect,6/17/2024,15:52,Tablet,Chrome,New,Direct,,North,/,1,Home Page,application educate,/,Bounced/Browsed,1,115,1.8,0,No,Plus,,No,,0.0
AV00703,332E9A3E898B1C4E,,L0128,New Lead,6/17/2024,17:36,Desktop,Chrome,New,Direct,,East,/,8,Payment & Confirmation,application complete,,No,14,809,1.1,0,No,Basic,1948.89,Yes,ORD00037,1948.89
AV00704,5A69FAB8E1C68F81,,,Anonymous Prospect,6/17/2024,18:16,Desktop,Chrome,Returning,Affiliate,AFF_RENEW_Q224,West,/plans/compare,1,Home Page,application educate,/,Bounced/Browsed,2,154,2.5,0,No,Plus,,No,,0.0
AV00705,3319FFD607A43843,,,Anonymous Prospect,6/17/2024,21:15,Mobile,Edge,New,SEO,,East,/,1,Home Page,application educate,/,Bounced/Browsed,3,123,5.4,0,No,Plus,,No,,0.0
AV00706,852F7CEA038BC2B4,,,Anonymous Prospect,6/17/2024,21:43,Desktop,Edge,New,SEO,,East,/plans/compare,1,Home Page,application educate,/,Bounced/Browsed,2,81,2.2,0,No,Plus,,No,,0.0
AV00707,A350893E70900888,,,Anonymous Prospect,6/18/2024,06:49,Desktop,Safari,Returning,Paid Social,SOC_SWITCH_Q224,West,/,1,Home Page,application educate,/,Bounced/Browsed,3,104,0.6,0,No,Plus,,No,,0.0
AV00708,EDE90D55A33E61B8,,,Anonymous Prospect,6/18/2024,06:49,Mobile,Chrome,New,SEO,,North,/,3,Application Start,application start,/apply/start,Yes,5,204,1.7,0,No,Basic,,No,,0.0
AV00709,278048A492268F8C,,,Anonymous Prospect,6/18/2024,08:13,Desktop,Safari,New,Direct,,North,/,2,Product Comparison,application educate,/plans/compare,Bounced/Browsed,4,128,2.1,0,No,Plus,,No,,0.0
AV00710,FE56CF2E20F8188D,,,Anonymous Prospect,6/18/2024,08:51,Mobile,Safari,New,SEM,SEM_BASIC_Q224,West,/plans/compare,3,Application Start,application start,/apply/start,Yes,6,349,4.6,0,No,Basic,,No,,0.0
AV00711,64588CF2662C3DE7,,,Anonymous Prospect,6/18/2024,10:23,Desktop,Safari,New,SEO,,South,/plans/compare,1,Home Page,application educate,/,Bounced/Browsed,4,158,3.2,0,No,Premium,,No,,0.0
AV00712,DC5396D6A96A3062,,,Anonymous Prospect,6/18/2024,10:56,Mobile,Safari,New,Paid Social,SOC_PLUS_Q224,East,/plans/compare,2,Product Comparison,application educate,/plans/compare,Bounced/Browsed,5,238,2.1,0,No,Plus,,No,,0.0
AV00713,40645315B202B36A,,,Anonymous Prospect,6/18/2024,12:11,Desktop,Chrome,New,SEO,,South,/,1,Home Page,application educate,/,Bounced/Browsed,1,79,2.1,0,No,Premium,,No,,0.0
AV00714,A5707F876C508184,,,Anonymous Prospect,6/18/2024,13:41,Tablet,Chrome,New,SEO,,West,/,2,Product Comparison,application educate,/plans/compare,Bounced/Browsed,6,200,2.0,0,No,Basic,,No,,0.0
AV00715,6C8512E7D97BC7DF,,L0129,New Lead,6/18/2024,13:47,Mobile,Safari,New,Direct,,East,/,5,Identity Verification,application start,/apply/verify,Yes,10,407,2.2,7,No,Basic,,No,,0.0
AV00716,FA153D7F8A142AF2,,,Anonymous Prospect,6/18/2024,15:03,Mobile,Chrome,New,Direct,,West,/,1,Home Page,application educate,/,Bounced/Browsed,3,134,2.4,0,No,Premium,,No,,0.0
AV00717,13FF666F098CC494,,,Anonymous Prospect,6/18/2024,16:01,Mobile,Chrome,New,SEM,SEM_PLANS_Q224,East,/,2,Product Comparison,application educate,/plans/compare,Bounced/Browsed,3,169,1.6,0,No,Premium,,No,,0.0
AV00718,8E955874B293A027,,,Anonymous Prospect,6/18/2024,16:55,Mobile,Chrome,New,Affiliate,AFF_BRAND_Q224,East,/plans/compare,2,Product Comparison,application educate,/plans/compare,Bounced/Browsed,4,160,4.1,0,No,Plus,,No,,0.0
AV00719,2ABA9018B56D5BC1,,,Anonymous Prospect,6/18/2024,18:47,Mobile,Chrome,Returning,Direct Mail,DM_PLANS_Q224,South,/offer,2,Product Comparison,application educate,/plans/compare,Bounced/Browsed,2,247,1.6,0,No,Plus,,No,,0.0
AV00720,19EF5737A4FDC606,,,Anonymous Prospect,6/18/2024,19:45,Desktop,Safari,New,SEM,SEM_RENEW_Q224,South,/plans/compare,1,Home Page,application educate,/,Bounced/Browsed,2,98,2.0,0,No,Plus,,No,,0.0
AV00721,6651C3ABC7BE2131,C099,,Existing Customer,6/18/2024,19:48,Mobile,Chrome,New,Direct,,West,/,2,Product Comparison,application educate,/plans/compare,Bounced/Browsed,5,168,4.2,0,No,Basic,,No,,0.0
AV00722,6AEF0B4A9BE181CE,,,Anonymous Prospect,6/18/2024,20:26,Desktop,Chrome,New,Paid Social,SOC_SWITCH_Q224,West,/plans/compare,2,Product Comparison,application educate,/plans/compare,Bounced/Browsed,3,230,3.5,0,No,Basic,,No,,0.0
AV00723,A912AF08F7A5E388,,,Anonymous Prospect,6/18/2024,20:53,Desktop,Chrome,New,Direct,,South,/,1,Home Page,application educate,/,Bounced/Browsed,3,119,1.9,0,No,Plus,,No,,0.0
AV00724,A9B11272EF7F8BB5,,,Anonymous Prospect,6/18/2024,21:02,Mobile,Safari,New,Paid Social,SOC_BRAND_Q224,South,/plans/compare,1,Home Page,application educate,/,Bounced/Browsed,2,113,0.8,0,No,Basic,,No,,0.0
AV00725,DD9DC9F895849D2C,C013,,Existing Customer,6/19/2024,06:18,Mobile,Chrome,New,Email,EM_PREMIUM_Q224,East,/,5,Identity Verification,application start,/apply/verify,Yes,13,272,4.3,4,No,Premium,,No,,0.0
AV00726,E0E47F2758C5C412,,,Anonymous Prospect,6/19/2024,06:25,Mobile,Edge,New,Direct,,West,/,2,Product Comparison,application educate,/plans/compare,Bounced/Browsed,5,235,3.8,0,No,Elite,,No,,0.0
AV00727,6D51535F4D083841,,,Anonymous Prospect,6/19/2024,08:47,Mobile,Samsung Internet,New,Paid Social,SOC_BASIC_Q224,West,/,1,Home Page,application educate,/,Bounced/Browsed,4,109,1.9,0,No,Basic,,No,,0.0
AV00728,C3C063EED2ED93F4,,,Anonymous Prospect,6/19/2024,09:05,Mobile,Chrome,New,Email,EM_SWITCH_Q224,South,/,1,Home Page,application educate,/,Bounced/Browsed,1,130,4.2,0,No,Premium,,No,,0.0
AV00729,D8C8F047AF8A8D5A,,L0130,New Lead,6/19/2024,09:19,Mobile,Firefox,New,SEM,SEM_PLANS_Q224,South,/,5,Identity Verification,application start,/apply/verify,Yes,10,460,3.8,2,No,Plus,,No,,0.0
AV00730,FE1925C3055C638E,,,Anonymous Prospect,6/19/2024,10:28,Mobile,Safari,New,SEM,SEM_SWITCH_Q224,South,/,1,Home Page,application educate,/,Bounced/Browsed,2,136,4.7,0,No,Plus,,No,,0.0
AV00731,CC7FE1FA6639A001,,,Anonymous Prospect,6/19/2024,11:45,Mobile,Firefox,New,Paid Social,SOC_PLANS_Q224,South,/,1,Home Page,application educate,/,Bounced/Browsed,3,138,2.5,0,No,Premium,,No,,0.0
AV00732,8A714FC46A6E9805,,,Anonymous Prospect,6/19/2024,12:02,Mobile,Chrome,New,SEO,,North,/,2,Product Comparison,application educate,/plans/compare,Bounced/Browsed,3,159,2.3,0,No,Basic,,No,,0.0
AV00733,A8D6FBA912682DC7,,,Anonymous Prospect,6/19/2024,12:09,Desktop,Chrome,New,SEM,SEM_BRAND_Q224,West,/plans/compare,2,Product Comparison,application educate,/plans/compare,Bounced/Browsed,3,259,1.6,0,No,Basic,,No,,0.0
AV00734,ED88CFFB3F7121DE,,L0131,New Lead,6/19/2024,15:00,Mobile,Safari,New,Paid Social,SOC_RENEW_Q224,South,/,6,Plan Customization & Quote,application submit,/apply/quote,Yes,13,701,2.4,0,No,Plus,2849.57,No,,0.0
AV00735,D48A4840F1D02235,,,Anonymous Prospect,6/19/2024,15:18,Tablet,Firefox,Returning,Display,DSP_SWITCH_Q224,South,/,1,Home Page,application educate,/,Bounced/Browsed,2,111,2.3,0,No,Plus,,No,,0.0
AV00736,03863FA28BC4A4FD,,L0132,New Lead,6/19/2024,17:26,Mobile,Safari,Returning,Direct,,West,/,5,Identity Verification,application start,/apply/verify,Yes,7,485,0.8,3,No,Premium,,No,,0.0
AV00737,B42D6FFDF0C31BD8,,,Anonymous Prospect,6/19/2024,21:30,Desktop,Safari,Returning,SEM,SEM_PREMIUM_Q224,South,/plans/compare,2,Product Comparison,application educate,/plans/compare,Bounced/Browsed,5,154,1.6,0,No,Premium,,No,,0.0
AV00738,8BDD40CA47AC044D,,,Anonymous Prospect,6/19/2024,22:38,Mobile,Chrome,New,Paid Social,SOC_PLUS_Q224,North,/plans/compare,1,Home Page,application educate,/,Bounced/Browsed,4,77,2.2,0,No,Plus,,No,,0.0
AV00739,CFB97A4456BA56B3,,,Anonymous Prospect,6/20/2024,06:47,Desktop,Chrome,New,Email,EM_ELITE_Q224,South,/,2,Product Comparison,application educate,/plans/compare,Bounced/Browsed,3,176,0.8,0,No,Elite,,No,,0.0
AV00740,8D872DAB136A2B31,,L0133,New Lead,6/20/2024,07:55,Desktop,Firefox,New,SEO,,North,/,8,Payment & Confirmation,application complete,,No,15,445,2.3,0,No,Premium,6601.57,Yes,ORD00038,6601.57
AV00741,CEE0484807A03447,,L0134,New Lead,6/20/2024,08:48,Tablet,Samsung Internet,New,SEO,,South,/plans/compare,8,Payment & Confirmation,application complete,,No,15,445,1.4,2,No,Basic,2327.85,Yes,ORD00039,2327.85
AV00742,9038DCEADE9BF6A2,,,Anonymous Prospect,6/20/2024,09:05,Mobile,Chrome,New,Display,DSP_PREMIUM_Q224,West,/,1,Home Page,application educate,/,Bounced/Browsed,1,114,2.8,0,Yes,Premium,,No,,0.0
AV00743,B628047BEBDB4F96,,,Anonymous Prospect,6/20/2024,09:23,Desktop,Chrome,New,Direct,,West,/,2,Product Comparison,application educate,/plans/compare,Bounced/Browsed,4,224,2.4,0,No,Elite,,No,,0.0
AV00744,D7C07E8C417A59B1,,,Anonymous Prospect,6/20/2024,10:27,Mobile,Safari,Returning,SEM,SEM_BRAND_Q224,West,/,1,Home Page,application educate,/,Bounced/Browsed,1,76,2.4,0,No,Plus,,No,,0.0
AV00745,26780BCB7B5825EC,,,Anonymous Prospect,6/20/2024,11:26,Mobile,Chrome,New,SEO,,South,/,1,Home Page,application educate,/,Bounced/Browsed,3,129,2.7,0,No,Basic,,No,,0.0
AV00746,91ABF0AFC1674862,,,Anonymous Prospect,6/20/2024,15:04,Tablet,Samsung Internet,New,SEM,SEM_SWITCH_Q224,West,/plans/compare,1,Home Page,application educate,/,Bounced/Browsed,1,110,2.8,0,No,Premium,,No,,0.0
AV00747,94D27F7F0E44DFA3,,,Anonymous Prospect,6/20/2024,15:20,Mobile,Edge,Returning,Paid Social,SOC_SWITCH_Q224,East,/,1,Home Page,application educate,/,Bounced/Browsed,1,123,4.7,0,Yes,Premium,,No,,0.0
AV00748,9BA064B9472306D7,,,Anonymous Prospect,6/20/2024,17:27,Mobile,Safari,New,Affiliate,AFF_BRAND_Q224,North,/,3,Application Start,application start,/apply/start,Yes,7,163,2.2,0,No,Plus,,No,,0.0
AV00749,8447BC00CE650247,,,Anonymous Prospect,6/20/2024,17:38,Desktop,Chrome,New,SEO,,East,/,2,Product Comparison,application educate,/plans/compare,Bounced/Browsed,3,257,2.2,0,No,Plus,,No,,0.0
AV00750,BDB5B7ABBBE7D666,,,Anonymous Prospect,6/20/2024,17:56,Desktop,Chrome,New,SEO,,East,/,2,Product Comparison,application educate,/plans/compare,Bounced/Browsed,4,259,1.6,0,No,Elite,,No,,0.0
AV00751,91A97D2E79F9A4CE,,L0135,New Lead,6/20/2024,18:25,Mobile,Edge,New,Email,EM_BRAND_Q224,West,/,6,Plan Customization & Quote,application submit,/apply/quote,Yes,13,369,4.9,0,No,Basic,1528.52,No,,0.0
AV00752,54F1270824D3374B,,,Anonymous Prospect,6/20/2024,18:42,Desktop,Chrome,New,SEM,SEM_ELITE_Q224,South,/plans/compare,1,Home Page,application educate,/,Bounced/Browsed,3,114,4.0,0,No,Elite,,No,,0.0
AV00753,D47AC16C1EC2BAA6,,,Anonymous Prospect,6/20/2024,20:01,Mobile,Safari,New,Email,EM_BRAND_Q224,North,/plans/compare,2,Product Comparison,application educate,/plans/compare,Bounced/Browsed,4,232,5.1,0,No,Premium,,No,,0.0
AV00754,9162821DB625FF65,,,Anonymous Prospect,6/20/2024,21:36,Mobile,Chrome,New,SEO,,East,/,1,Home Page,application educate,/,Bounced/Browsed,2,115,2.7,0,No,Premium,,No,,0.0
AV00755,93EFD5A6BCB4ADF7,,,Anonymous Prospect,6/20/2024,21:51,Mobile,Chrome,New,SEO,,East,/,1,Home Page,application educate,/,Bounced/Browsed,3,149,4.3,0,No,Elite,,No,,0.0
AV00756,B5A4D8AFC52D0C30,,L0136,New Lead,6/20/2024,22:11,Mobile,Edge,Returning,Email,EM_PREMIUM_Q224,East,/plans/compare,4,Personal Details,application start,/apply/details,Yes,8,417,2.7,2,No,Premium,,No,,0.0
AV00757,03541C559D3B0579,,,Anonymous Prospect,6/20/2024,22:30,Mobile,Chrome,Returning,SEM,SEM_RENEW_Q224,East,/,2,Product Comparison,application educate,/plans/compare,Bounced/Browsed,4,239,1.0,0,No,Basic,,No,,0.0
AV00758,3F91192207FBE418,,,Anonymous Prospect,6/21/2024,09:08,Desktop,Chrome,Returning,SEO,,East,/,1,Home Page,application educate,/,Bounced/Browsed,4,103,2.8,0,No,Basic,,No,,0.0
AV00759,95ACDF01CEB62607,,,Anonymous Prospect,6/21/2024,10:07,Desktop,Chrome,New,Direct Mail,DM_SWITCH_Q224,East,/offer,2,Product Comparison,application educate,/plans/compare,Bounced/Browsed,3,176,1.4,0,No,Plus,,No,,0.0
AV00760,7D0D47F1AE87E9DD,,L0137,New Lead,6/21/2024,11:02,Desktop,Safari,New,Email,EM_PLANS_Q224,West,/plans/compare,5,Identity Verification,application start,/apply/verify,Yes,12,342,1.4,1,No,Basic,,No,,0.0
AV00761,34C3D817BD6BDDAA,,,Anonymous Prospect,6/21/2024,11:50,Mobile,Chrome,Returning,Direct,,West,/,1,Home Page,application educate,/,Bounced/Browsed,4,158,2.1,0,No,Basic,,No,,0.0
AV00762,9ECDE3C2AE450E86,,,Anonymous Prospect,6/21/2024,11:52,Mobile,Samsung Internet,New,Direct,,South,/,1,Home Page,application educate,/,Bounced/Browsed,3,107,4.1,0,No,Premium,,No,,0.0
AV00763,A00F8FF3EF560BC8,,,Anonymous Prospect,6/21/2024,13:29,Desktop,Safari,Returning,Display,DSP_PLUS_Q224,North,/,2,Product Comparison,application educate,/plans/compare,Bounced/Browsed,4,163,3.0,0,No,Plus,,No,,0.0
AV00764,B655611048895413,,,Anonymous Prospect,6/21/2024,14:29,Mobile,Chrome,New,Paid Social,SOC_RENEW_Q224,South,/plans/compare,1,Home Page,application educate,/,Bounced/Browsed,3,141,2.4,0,No,Plus,,No,,0.0
AV00765,7468A0F75B25B4E4,,,Anonymous Prospect,6/21/2024,15:43,Mobile,Safari,New,SEO,,East,/plans/compare,1,Home Page,application educate,/,Bounced/Browsed,1,125,1.8,0,No,Basic,,No,,0.0
AV00766,4148830EA05BEED4,,,Anonymous Prospect,6/21/2024,18:30,Mobile,Safari,Returning,SEM,SEM_BASIC_Q224,North,/,1,Home Page,application educate,/,Bounced/Browsed,1,96,1.6,0,No,Basic,,No,,0.0
AV00767,1E101A13B943289A,,L0138,New Lead,6/21/2024,19:29,Mobile,Edge,New,Direct,,West,/,8,Payment & Confirmation,application complete,,No,12,638,1.2,1,No,Basic,2308.76,Yes,ORD00040,2308.76
AV00768,0C6386AB8A2D4B6D,,L0139,New Lead,6/21/2024,21:48,Desktop,Chrome,New,SEO,,North,/,6,Plan Customization & Quote,application submit,/apply/quote,Yes,11,353,2.5,1,No,Elite,6842.32,No,,0.0
AV00769,973D339B4057D8BE,,,Anonymous Prospect,6/21/2024,22:22,Mobile,Samsung Internet,Returning,Affiliate,AFF_SWITCH_Q224,West,/plans/compare,1,Home Page,application educate,/,Bounced/Browsed,2,126,5.2,0,No,Premium,,No,,0.0
AV00770,616602C5C47814F4,,,Anonymous Prospect,6/22/2024,06:38,Mobile,Safari,New,Paid Social,SOC_PLUS_Q224,East,/plans/compare,1,Home Page,application educate,/,Bounced/Browsed,4,106,1.9,0,No,Plus,,No,,0.0
AV00771,572A5BEF8AB28264,,,Anonymous Prospect,6/22/2024,06:39,Tablet,Chrome,New,SEO,,South,/plans/compare,2,Product Comparison,application educate,/plans/compare,Bounced/Browsed,4,157,2.2,0,No,Elite,,No,,0.0
AV00772,3229E7BDFFAB7E27,,,Anonymous Prospect,6/22/2024,09:39,Desktop,Chrome,New,SEO,,West,/,1,Home Page,application educate,/,Bounced/Browsed,2,128,2.4,0,No,Basic,,No,,0.0
AV00773,8AE68968AF459964,,,Anonymous Prospect,6/22/2024,11:16,Desktop,Safari,New,SEM,SEM_PLUS_Q224,South,/plans/compare,2,Product Comparison,application educate,/plans/compare,Bounced/Browsed,4,193,2.8,0,No,Plus,,No,,0.0
AV00774,71326F70C10CD0EA,,L0140,New Lead,6/22/2024,12:55,Mobile,Chrome,New,Direct,,East,/,4,Personal Details,application start,/apply/details,Yes,9,221,4.3,4,No,Premium,,No,,0.0
AV00775,A63DF5CAD24C4077,,L0141,New Lead,6/22/2024,14:20,Desktop,Edge,New,SEM,SEM_BRAND_Q224,South,/,4,Personal Details,application start,/apply/details,Yes,7,382,1.6,1,No,Plus,,No,,0.0
AV00776,447E7A7B5188AC73,,,Anonymous Prospect,6/22/2024,16:02,Mobile,Safari,Returning,Direct,,South,/,2,Product Comparison,application educate,/plans/compare,Bounced/Browsed,5,169,4.1,0,No,Basic,,No,,0.0
AV00777,25BEF9974B4E73FD,,,Anonymous Prospect,6/22/2024,16:14,Mobile,Edge,New,SEO,,North,/plans/compare,2,Product Comparison,application educate,/plans/compare,Bounced/Browsed,3,178,4.4,0,No,Plus,,No,,0.0
AV00778,59E807EA995789E8,,,Anonymous Prospect,6/22/2024,17:33,Mobile,Edge,New,SEO,,East,/,2,Product Comparison,application educate,/plans/compare,Bounced/Browsed,5,158,3.5,0,No,Basic,,No,,0.0
AV00779,99122344D47D60E2,,L0142,New Lead,6/22/2024,18:07,Mobile,Edge,New,SEM,SEM_PLANS_Q224,North,/,6,Plan Customization & Quote,application submit,/apply/quote,Yes,12,516,2.5,2,No,Premium,6009.8,No,,0.0
AV00780,24812CBEA86D7E2F,,,Anonymous Prospect,6/22/2024,18:11,Mobile,Chrome,New,Display,DSP_RENEW_Q224,North,/plans/compare,1,Home Page,application educate,/,Bounced/Browsed,3,74,2.5,0,No,Basic,,No,,0.0
AV00781,91C4F03D1C9FA66B,,,Anonymous Prospect,6/22/2024,18:19,Desktop,Chrome,New,SEO,,East,/,1,Home Page,application educate,/,Bounced/Browsed,2,123,2.8,0,No,Plus,,No,,0.0
AV00782,F2F02C679FCEC2BE,,,Anonymous Prospect,6/22/2024,19:05,Desktop,Chrome,New,Direct,,South,/,1,Home Page,application educate,/,Bounced/Browsed,3,110,1.1,0,No,Basic,,No,,0.0
AV00783,7069BC80DD7F06D5,C011,,Existing Customer,6/22/2024,19:09,Mobile,Chrome,New,Direct,,West,/,1,Home Page,application educate,/,Bounced/Browsed,2,128,3.8,0,No,Elite,,No,,0.0
AV00784,B1399DF56B0E697A,,,Anonymous Prospect,6/22/2024,19:52,Mobile,Safari,New,Email,EM_RENEW_Q224,East,/plans/compare,2,Product Comparison,application educate,/plans/compare,Bounced/Browsed,6,208,4.6,0,No,Premium,,No,,0.0
AV00785,27E8791EF8994CA8,,,Anonymous Prospect,6/22/2024,21:17,Mobile,Samsung Internet,New,Email,EM_RENEW_Q224,South,/plans/compare,2,Product Comparison,application educate,/plans/compare,Bounced/Browsed,4,166,4.8,0,No,Premium,,No,,0.0
AV00786,46FB8B7849F39481,,,Anonymous Prospect,6/22/2024,21:30,Desktop,Edge,Returning,Affiliate,AFF_RENEW_Q224,East,/,2,Product Comparison,application educate,/plans/compare,Bounced/Browsed,3,262,2.7,0,No,Premium,,No,,0.0
AV00787,6A5075C1EDC2D27E,,,Anonymous Prospect,6/23/2024,07:27,Desktop,Safari,New,SEO,,North,/plans/compare,1,Home Page,application educate,/,Bounced/Browsed,1,114,2.4,0,No,Premium,,No,,0.0
AV00788,1F82B59D321D2FD6,,,Anonymous Prospect,6/23/2024,10:03,Desktop,Chrome,New,SEM,SEM_RENEW_Q224,East,/,1,Home Page,application educate,/,Bounced/Browsed,1,78,2.7,0,No,Basic,,No,,0.0
AV00789,E97942CCFD6FDCD0,,L0143,New Lead,6/23/2024,11:10,Desktop,Chrome,New,Email,EM_PREMIUM_Q224,South,/,5,Identity Verification,application start,/apply/verify,Yes,11,526,2.1,1,No,Premium,,No,,0.0
AV00790,2F5E804F5A4BAD4E,,,Anonymous Prospect,6/23/2024,11:44,Mobile,Safari,New,Direct,,East,/,2,Product Comparison,application educate,/plans/compare,Bounced/Browsed,6,252,3.7,0,No,Plus,,No,,0.0
AV00791,34BFBA962000DC9A,,,Anonymous Prospect,6/23/2024,15:15,Mobile,Chrome,New,Affiliate,AFF_PLANS_Q224,East,/,2,Product Comparison,application educate,/plans/compare,Bounced/Browsed,3,258,2.8,0,No,Elite,,No,,0.0
AV00792,638E40BF94D3398B,,,Anonymous Prospect,6/23/2024,16:48,Mobile,Chrome,New,SEM,SEM_SWITCH_Q224,East,/,1,Home Page,application educate,/,Bounced/Browsed,3,81,1.9,0,No,Elite,,No,,0.0
AV00793,50CAB0E988AC3AFC,,,Anonymous Prospect,6/23/2024,17:56,Desktop,Chrome,Returning,Affiliate,AFF_PLANS_Q224,South,/plans/compare,1,Home Page,application educate,/,Bounced/Browsed,1,108,2.6,0,No,Premium,,No,,0.0
AV00794,322564D5713B6CF1,,,Anonymous Prospect,6/23/2024,19:02,Mobile,Edge,New,Display,DSP_PLANS_Q224,East,/,1,Home Page,application educate,/,Bounced/Browsed,3,132,3.2,0,No,Basic,,No,,0.0
AV00795,DA73F9D5DD18C3CF,,,Anonymous Prospect,6/24/2024,06:01,Mobile,Samsung Internet,Returning,SEM,SEM_ELITE_Q224,West,/,2,Product Comparison,application educate,/plans/compare,Bounced/Browsed,4,104,5.1,0,No,Elite,,No,,0.0
AV00796,6556FBC076AE4DBB,,L0144,New Lead,6/24/2024,07:18,Mobile,Chrome,New,Email,EM_SWITCH_Q224,North,/plans/compare,4,Personal Details,application start,/apply/details,Yes,10,392,1.0,2,No,Plus,,No,,0.0
AV00797,C54F74A6CD17294C,,,Anonymous Prospect,6/24/2024,08:44,Desktop,Chrome,New,SEM,SEM_BRAND_Q224,East,/,1,Home Page,application educate,/,Bounced/Browsed,1,138,1.2,0,No,Premium,,No,,0.0
AV00798,4F4AD444C1CFB159,,,Anonymous Prospect,6/24/2024,10:15,Mobile,Safari,Returning,SEM,SEM_SWITCH_Q224,North,/plans/compare,1,Home Page,application educate,/,Bounced/Browsed,3,97,5.7,0,No,Plus,,No,,0.0
AV00799,3FA59B1DC0ECBA58,,,Anonymous Prospect,6/24/2024,11:58,Mobile,Safari,New,Paid Social,SOC_RENEW_Q224,East,/,2,Product Comparison,application educate,/plans/compare,Bounced/Browsed,4,185,4.8,0,No,Elite,,No,,0.0
AV00800,C06AA3779FFF58D2,,,Anonymous Prospect,6/24/2024,12:20,Desktop,Chrome,Returning,Direct Mail,DM_SWITCH_Q224,North,/offer,2,Product Comparison,application educate,/plans/compare,Bounced/Browsed,5,196,3.2,0,No,Basic,,No,,0.0
AV00801,EEE63EDD9676CC7A,,,Anonymous Prospect,6/24/2024,12:32,Tablet,Safari,New,Direct Mail,DM_BRAND_Q224,North,/offer,2,Product Comparison,application educate,/plans/compare,Bounced/Browsed,5,140,2.4,0,No,Premium,,No,,0.0
AV00802,7A595E02F3DD8450,,,Anonymous Prospect,6/24/2024,12:44,Mobile,Safari,New,Email,EM_PLUS_Q224,North,/,1,Home Page,application educate,/,Bounced/Browsed,3,111,2.2,0,Yes,Plus,,No,,0.0
AV00803,B51E6AB0B485105F,,,Anonymous Prospect,6/24/2024,12:52,Tablet,Edge,New,Direct,,West,/,1,Home Page,application educate,/,Bounced/Browsed,2,94,2.1,0,No,Plus,,No,,0.0
AV00804,9F0BBBD43DE1ED99,,,Anonymous Prospect,6/24/2024,14:51,Desktop,Safari,Returning,Paid Social,SOC_PLANS_Q224,North,/plans/compare,2,Product Comparison,application educate,/plans/compare,Bounced/Browsed,5,154,1.1,0,No,Premium,,No,,0.0
AV00805,44BCB7E030E9E60A,,,Anonymous Prospect,6/24/2024,16:31,Mobile,Chrome,New,Email,EM_RENEW_Q224,East,/plans/compare,2,Product Comparison,application educate,/plans/compare,Bounced/Browsed,5,140,5.3,0,No,Premium,,No,,0.0
AV00806,CE3EBF959CCBB16F,,,Anonymous Prospect,6/24/2024,20:53,Desktop,Safari,New,Display,DSP_PREMIUM_Q224,East,/,1,Home Page,application educate,/,Bounced/Browsed,1,109,2.5,0,No,Premium,,No,,0.0
AV00807,B999BA9ABD8ED08F,,,Anonymous Prospect,6/24/2024,21:59,Desktop,Samsung Internet,New,Direct,,East,/,3,Application Start,application start,/apply/start,Yes,5,324,3.7,0,No,Premium,,No,,0.0
AV00808,44365A87082C0F24,,,Anonymous Prospect,6/24/2024,22:08,Desktop,Safari,New,SEO,,West,/,1,Home Page,application educate,/,Bounced/Browsed,1,123,2.7,0,No,Plus,,No,,0.0
AV00809,EB1DC2F77917586F,,,Anonymous Prospect,6/25/2024,06:11,Desktop,Chrome,New,Direct,,North,/,1,Home Page,application educate,/,Bounced/Browsed,4,72,2.8,0,No,Elite,,No,,0.0
AV00810,92BA00A27738DB5F,,,Anonymous Prospect,6/25/2024,07:12,Tablet,Chrome,New,Paid Social,SOC_BRAND_Q224,East,/plans/compare,1,Home Page,application educate,/,Bounced/Browsed,2,110,2.9,0,Yes,Elite,,No,,0.0
AV00811,811DD5A419C4D2B2,,,Anonymous Prospect,6/25/2024,09:41,Mobile,Chrome,New,SEO,,South,/plans/compare,2,Product Comparison,application educate,/plans/compare,Bounced/Browsed,5,214,1.7,0,No,Basic,,No,,0.0
AV00812,92B6FB65BE200059,,,Anonymous Prospect,6/25/2024,09:49,Tablet,Chrome,New,Email,EM_BRAND_Q224,South,/plans/compare,2,Product Comparison,application educate,/plans/compare,Bounced/Browsed,5,163,1.5,0,No,Basic,,No,,0.0
AV00813,2AD45F7894FF78C7,,,Anonymous Prospect,6/25/2024,10:05,Tablet,Chrome,New,SEM,SEM_SWITCH_Q224,North,/plans/compare,2,Product Comparison,application educate,/plans/compare,Bounced/Browsed,4,162,2.0,0,No,Premium,,No,,0.0
AV00814,E7CCCD067191829E,C086,,Existing Customer,6/25/2024,10:23,Desktop,Safari,New,Email,EM_BRAND_Q224,North,/,8,Payment & Confirmation,application complete,,No,16,879,2.5,1,No,Basic,2493.8,Yes,ORD00041,2493.8
AV00815,16F9057B22E5ED85,,,Anonymous Prospect,6/25/2024,11:48,Mobile,Chrome,Returning,Paid Social,SOC_PLANS_Q224,East,/plans/compare,1,Home Page,application educate,/,Bounced/Browsed,2,119,1.5,0,No,Elite,,No,,0.0
AV00816,FD0C638DDA50CFEA,,L0145,New Lead,6/25/2024,13:54,Desktop,Safari,New,Paid Social,SOC_RENEW_Q224,West,/,5,Identity Verification,application start,/apply/verify,Yes,9,465,3.1,0,No,Basic,,No,,0.0
AV00817,BB730CC9C766B204,,,Anonymous Prospect,6/25/2024,14:34,Tablet,Chrome,New,Email,EM_RENEW_Q224,West,/,2,Product Comparison,application educate,/plans/compare,Bounced/Browsed,5,175,1.6,0,No,Basic,,No,,0.0
AV00818,BC4AA51CCDB301B2,,,Anonymous Prospect,6/25/2024,14:47,Mobile,Safari,Returning,SEO,,East,/plans/compare,2,Product Comparison,application educate,/plans/compare,Bounced/Browsed,3,150,1.7,0,No,Premium,,No,,0.0
AV00819,C51FDF98A786DB19,,L0146,New Lead,6/25/2024,15:52,Mobile,Safari,New,SEM,SEM_BASIC_Q224,West,/plans/compare,7,Review & e-Sign,application submit,/apply/review,Yes,13,447,6.1,2,No,Basic,2390.28,No,,0.0
AV00820,7BC93268B36DCCC4,,,Anonymous Prospect,6/25/2024,18:48,Mobile,Chrome,New,Display,DSP_PLUS_Q224,East,/plans/compare,1,Home Page,application educate,/,Bounced/Browsed,3,117,4.4,0,No,Plus,,No,,0.0
AV00821,77F7B456FD9FD837,,,Anonymous Prospect,6/25/2024,19:02,Mobile,Safari,New,SEM,SEM_SWITCH_Q224,North,/,1,Home Page,application educate,/,Bounced/Browsed,1,100,3.2,0,No,Plus,,No,,0.0
AV00822,19B82922F974DC34,,,Anonymous Prospect,6/25/2024,19:03,Mobile,Safari,New,SEO,,West,/,1,Home Page,application educate,/,Bounced/Browsed,3,71,0.9,0,No,Elite,,No,,0.0
AV00823,3064A49D1D17DFF1,,,Anonymous Prospect,6/25/2024,21:23,Mobile,Safari,Returning,Direct Mail,DM_RENEW_Q224,North,/offer,1,Home Page,application educate,/,Bounced/Browsed,4,147,4.3,0,No,Elite,,No,,0.0
AV00824,7094BA66656C3FAE,,,Anonymous Prospect,6/25/2024,21:55,Mobile,Chrome,New,Paid Social,SOC_PLANS_Q224,East,/,2,Product Comparison,application educate,/plans/compare,Bounced/Browsed,3,131,3.4,0,No,Plus,,No,,0.0
AV00825,3BEA7FE3DFBEC78C,,,Anonymous Prospect,6/26/2024,06:35,Mobile,Chrome,New,Paid Social,SOC_SWITCH_Q224,East,/plans/compare,2,Product Comparison,application educate,/plans/compare,Bounced/Browsed,4,136,3.9,0,No,Basic,,No,,0.0
AV00826,18BD04DA2B085704,,,Anonymous Prospect,6/26/2024,06:45,Mobile,Chrome,New,SEM,SEM_SWITCH_Q224,South,/,2,Product Comparison,application educate,/plans/compare,Bounced/Browsed,6,140,2.0,0,No,Plus,,No,,0.0
AV00827,24117E4379326E5A,,,Anonymous Prospect,6/26/2024,09:26,Desktop,Edge,New,Direct Mail,DM_RENEW_Q224,East,/offer,2,Product Comparison,application educate,/plans/compare,Bounced/Browsed,4,126,3.3,0,No,Plus,,No,,0.0
AV00828,09B39DD8AAFE1564,,L0147,New Lead,6/26/2024,09:44,Desktop,Chrome,New,Email,EM_PREMIUM_Q224,West,/,6,Plan Customization & Quote,application submit,/apply/quote,Yes,10,377,2.4,1,No,Premium,5042.72,No,,0.0
AV00829,B433AB5AE77EA8D6,,L0148,New Lead,6/26/2024,11:40,Desktop,Firefox,New,Email,EM_SWITCH_Q224,North,/,8,Payment & Confirmation,application complete,,No,11,505,2.3,1,Yes,Premium,4363.77,Yes,ORD00042,4363.77
AV00830,DE652C096E852BB9,C024,,Existing Customer,6/26/2024,12:15,Mobile,Safari,New,SEO,,West,/plans/compare,1,Home Page,application educate,/,Bounced/Browsed,1,124,3.4,0,No,Plus,,No,,0.0
AV00831,E2CBA0B403253906,,,Anonymous Prospect,6/26/2024,13:20,Mobile,Chrome,New,Display,DSP_PLUS_Q224,East,/plans/compare,1,Home Page,application educate,/,Bounced/Browsed,4,64,3.1,0,No,Plus,,No,,0.0
AV00832,92FE6685FF4B0F84,,,Anonymous Prospect,6/26/2024,16:10,Mobile,Chrome,New,Display,DSP_PLANS_Q224,South,/,1,Home Page,application educate,/,Bounced/Browsed,2,86,1.5,0,No,Basic,,No,,0.0
AV00833,FEC0742F21853536,C003,,Existing Customer,6/26/2024,16:13,Mobile,Firefox,New,Direct,,West,/,2,Product Comparison,application educate,/plans/compare,Bounced/Browsed,2,204,4.1,0,No,Plus,,No,,0.0
AV00834,AEEAF083A4209375,,,Anonymous Prospect,6/26/2024,17:19,Mobile,Samsung Internet,New,SEO,,West,/plans/compare,1,Home Page,application educate,/,Bounced/Browsed,3,156,3.7,0,No,Plus,,No,,0.0
AV00835,F029BE7A1C27F81F,,,Anonymous Prospect,6/26/2024,17:53,Mobile,Chrome,New,Paid Social,SOC_RENEW_Q224,South,/,1,Home Page,application educate,/,Bounced/Browsed,3,113,4.7,0,No,Premium,,No,,0.0
AV00836,3E87D4BE24E3347F,,,Anonymous Prospect,6/26/2024,20:36,Mobile,Chrome,New,Paid Social,SOC_BRAND_Q224,South,/plans/compare,2,Product Comparison,application educate,/plans/compare,Bounced/Browsed,5,193,5.0,0,No,Basic,,No,,0.0
AV00837,246F54946E2C9A73,,,Anonymous Prospect,6/26/2024,21:44,Desktop,Chrome,Returning,SEO,,North,/plans/compare,1,Home Page,application educate,/,Bounced/Browsed,3,99,0.9,0,No,Basic,,No,,0.0
AV00838,6BAC60FD8B0AB744,,,Anonymous Prospect,6/26/2024,22:03,Mobile,Chrome,New,Direct,,North,/,1,Home Page,application educate,/,Bounced/Browsed,4,85,2.7,0,No,Basic,,No,,0.0
AV00839,87B164C86D352404,,,Anonymous Prospect,6/26/2024,22:42,Desktop,Samsung Internet,Returning,SEO,,South,/,2,Product Comparison,application educate,/plans/compare,Bounced/Browsed,3,185,2.8,0,No,Plus,,No,,0.0
AV00840,26E82DA61788DA52,,,Anonymous Prospect,6/27/2024,06:01,Mobile,Samsung Internet,Returning,SEM,SEM_SWITCH_Q224,East,/plans/compare,2,Product Comparison,application educate,/plans/compare,Bounced/Browsed,3,198,5.1,0,No,Premium,,No,,0.0
AV00841,B55F4AFA4D99674F,,,Anonymous Prospect,6/27/2024,06:16,Mobile,Chrome,New,Paid Social,SOC_BASIC_Q224,North,/,2,Product Comparison,application educate,/plans/compare,Bounced/Browsed,5,183,1.8,0,No,Basic,,No,,0.0
AV00842,B04652AA3937277F,,,Anonymous Prospect,6/27/2024,07:50,Mobile,Safari,New,SEM,SEM_PLUS_Q224,North,/,1,Home Page,application educate,/,Bounced/Browsed,1,116,1.4,0,No,Plus,,No,,0.0
AV00843,27A61F04DDB005CC,,,Anonymous Prospect,6/27/2024,07:57,Mobile,Safari,New,Display,DSP_PREMIUM_Q224,North,/plans/compare,1,Home Page,application educate,/,Bounced/Browsed,4,122,2.0,0,Yes,Premium,,No,,0.0
AV00844,C67DAF592B4F9C97,,,Anonymous Prospect,6/27/2024,11:14,Desktop,Safari,Returning,Paid Social,SOC_SWITCH_Q224,North,/,1,Home Page,application educate,/,Bounced/Browsed,1,91,2.7,0,No,Elite,,No,,0.0
AV00845,2885879794A7A365,,L0149,New Lead,6/27/2024,11:34,Mobile,Chrome,New,SEM,SEM_SWITCH_Q224,North,/,8,Payment & Confirmation,application complete,,No,13,730,3.1,1,No,Basic,1496.2,Yes,ORD00043,1496.2
AV00846,A8B305DADB683C04,,,Anonymous Prospect,6/27/2024,11:46,Mobile,Edge,New,Email,EM_SWITCH_Q224,South,/plans/compare,1,Home Page,application educate,/,Bounced/Browsed,1,133,2.7,0,No,Basic,,No,,0.0
AV00847,6389352C7FB2EDAF,,,Anonymous Prospect,6/27/2024,12:17,Desktop,Edge,New,Direct Mail,DM_BRAND_Q224,South,/offer,1,Home Page,application educate,/,Bounced/Browsed,1,129,2.5,0,No,Elite,,No,,0.0
AV00848,85B8125CAFFFCF79,,,Anonymous Prospect,6/27/2024,12:39,Mobile,Chrome,New,Direct Mail,DM_BRAND_Q224,East,/offer,1,Home Page,application educate,/,Bounced/Browsed,1,105,2.1,0,No,Plus,,No,,0.0
AV00849,7154C4B5AAF149EA,,L0150,New Lead,6/27/2024,13:26,Mobile,Edge,New,SEO,,West,/,5,Identity Verification,application start,/apply/verify,Yes,10,328,1.6,7,No,Plus,,No,,0.0
AV00850,7D36F37D0A6B529A,,,Anonymous Prospect,6/27/2024,14:54,Desktop,Chrome,New,Direct,,East,/,2,Product Comparison,application educate,/plans/compare,Bounced/Browsed,4,199,1.7,0,No,Plus,,No,,0.0
AV00851,3FBBE52E88558CE3,,,Anonymous Prospect,6/27/2024,16:32,Desktop,Samsung Internet,New,SEO,,East,/,1,Home Page,application educate,/,Bounced/Browsed,2,120,2.4,0,No,Basic,,No,,0.0
AV00852,FB3DE22F82B272F2,,,Anonymous Prospect,6/27/2024,18:57,Mobile,Safari,New,Direct,,South,/,2,Product Comparison,application educate,/plans/compare,Bounced/Browsed,4,160,1.8,0,No,Premium,,No,,0.0
AV00853,5F19CA96956BB2AC,C061,,Existing Customer,6/27/2024,19:23,Desktop,Chrome,New,SEM,SEM_BRAND_Q224,West,/,1,Home Page,application educate,/,Bounced/Browsed,1,118,2.3,0,No,Premium,,No,,0.0
AV00854,CD6ED3266BB61C81,,L0151,New Lead,6/27/2024,19:38,Mobile,Safari,New,Direct,,North,/,7,Review & e-Sign,application submit,/apply/review,Yes,14,457,1.0,2,Yes,Plus,3868.37,No,,0.0
AV00855,14CB2D15FBC8CEAB,C009,,Existing Customer,6/27/2024,22:12,Mobile,Safari,New,Email,EM_SWITCH_Q224,North,/plans/compare,1,Home Page,application educate,/,Bounced/Browsed,1,95,2.0,0,No,Basic,,No,,0.0
AV00856,902014B88515A6FB,,L0152,New Lead,6/28/2024,06:32,Mobile,Safari,Returning,Display,DSP_BRAND_Q224,West,/,8,Payment & Confirmation,application complete,,No,17,508,2.4,2,No,Elite,6906.22,Yes,ORD00044,6906.22
AV00857,FEC0742F21853536,C003,,Existing Customer,6/28/2024,08:00,Desktop,Firefox,Returning,SEO,,West,/plans/compare,1,Home Page,application educate,/,Bounced/Browsed,3,134,1.2,0,No,Basic,,No,,0.0
AV00858,1B4818D9D67E4692,,,Anonymous Prospect,6/28/2024,08:54,Mobile,Edge,New,Email,EM_PLANS_Q224,North,/plans/compare,2,Product Comparison,application educate,/plans/compare,Bounced/Browsed,4,185,5.0,0,No,Elite,,No,,0.0
AV00859,820E5BACB9E18937,,,Anonymous Prospect,6/28/2024,10:14,Mobile,Edge,New,Direct,,North,/,1,Home Page,application educate,/,Bounced/Browsed,3,101,2.7,0,No,Basic,,No,,0.0
AV00860,609117562F16AA33,,,Anonymous Prospect,6/28/2024,10:33,Mobile,Safari,New,Paid Social,SOC_PLANS_Q224,South,/,1,Home Page,application educate,/,Bounced/Browsed,2,136,2.7,0,No,Premium,,No,,0.0
AV00861,1A4841ACCF3A27BA,,,Anonymous Prospect,6/28/2024,11:39,Desktop,Chrome,Returning,Display,DSP_PLUS_Q224,South,/,2,Product Comparison,application educate,/plans/compare,Bounced/Browsed,5,255,3.1,0,No,Plus,,No,,0.0
AV00862,119F3488B29D9D98,,,Anonymous Prospect,6/28/2024,14:07,Mobile,Edge,New,SEM,SEM_RENEW_Q224,West,/,2,Product Comparison,application educate,/plans/compare,Bounced/Browsed,4,237,4.5,0,No,Basic,,No,,0.0
AV00863,D6C0CC578D95D2A0,,L0153,New Lead,6/28/2024,14:50,Desktop,Safari,New,SEO,,North,/,6,Plan Customization & Quote,application submit,/apply/quote,Yes,16,595,1.7,1,No,Plus,3295.37,No,,0.0
AV00864,8AB02A372A7BBA5F,C097,,Existing Customer,6/28/2024,15:34,Tablet,Safari,New,SEO,,South,/,2,Product Comparison,application educate,/plans/compare,Bounced/Browsed,4,233,2.2,0,No,Basic,,No,,0.0
AV00865,41FE2812FA3ABE40,,,Anonymous Prospect,6/28/2024,15:49,Desktop,Chrome,New,SEM,SEM_RENEW_Q224,South,/,2,Product Comparison,application educate,/plans/compare,Bounced/Browsed,5,228,1.4,0,No,Plus,,No,,0.0
AV00866,99BBFE7AF61E4713,,,Anonymous Prospect,6/28/2024,18:48,Desktop,Edge,New,Affiliate,AFF_BASIC_Q224,North,/,1,Home Page,application educate,/,Bounced/Browsed,3,127,2.3,0,No,Basic,,No,,0.0
AV00867,E76D647EFD477C9B,,,Anonymous Prospect,6/28/2024,18:49,Desktop,Chrome,New,SEM,SEM_RENEW_Q224,North,/,2,Product Comparison,application educate,/plans/compare,Bounced/Browsed,6,134,2.4,0,No,Elite,,No,,0.0
AV00868,94DC8EF0DD87294C,,,Anonymous Prospect,6/28/2024,20:33,Desktop,Samsung Internet,New,Display,DSP_PLANS_Q224,East,/plans/compare,1,Home Page,application educate,/,Bounced/Browsed,3,136,3.1,0,No,Elite,,No,,0.0
AV00869,3A7F449F7A123FE1,,,Anonymous Prospect,6/28/2024,20:54,Tablet,Firefox,Returning,Affiliate,AFF_BRAND_Q224,North,/plans/compare,3,Application Start,application start,/apply/start,Yes,4,166,2.6,0,No,Premium,,No,,0.0
AV00870,3123B9092D0FD469,,,Anonymous Prospect,6/28/2024,22:12,Desktop,Safari,New,Paid Social,SOC_PLANS_Q224,West,/,1,Home Page,application educate,/,Bounced/Browsed,2,87,1.8,0,No,Plus,,No,,0.0
AV00871,AD6CC9BB794A206F,,,Anonymous Prospect,6/28/2024,22:19,Mobile,Chrome,Returning,SEM,SEM_PLANS_Q224,North,/plans/compare,2,Product Comparison,application educate,/plans/compare,Bounced/Browsed,4,191,4.8,0,No,Elite,,No,,0.0
AV00872,58D37052BC0C474C,,L0154,New Lead,6/29/2024,07:02,Mobile,Chrome,Returning,Email,EM_PLUS_Q224,East,/,4,Personal Details,application start,/apply/details,Yes,9,252,2.1,0,No,Plus,,No,,0.0
AV00873,997ED0F5B21DE796,,,Anonymous Prospect,6/29/2024,09:27,Mobile,Safari,Returning,SEO,,South,/,1,Home Page,application educate,/,Bounced/Browsed,3,127,5.5,0,No,Basic,,No,,0.0
AV00874,4661AD1CE3256B16,,,Anonymous Prospect,6/29/2024,10:09,Mobile,Chrome,New,Paid Social,SOC_RENEW_Q224,South,/plans/compare,1,Home Page,application educate,/,Bounced/Browsed,1,161,3.5,0,No,Basic,,No,,0.0
AV00875,4EEF1974BA38F3D3,,,Anonymous Prospect,6/29/2024,13:19,Desktop,Edge,New,Display,DSP_BASIC_Q224,West,/,1,Home Page,application educate,/,Bounced/Browsed,1,120,2.1,0,No,Basic,,No,,0.0
AV00876,3B9231FD1CE20F05,,,Anonymous Prospect,6/29/2024,14:07,Desktop,Chrome,New,SEO,,North,/,1,Home Page,application educate,/,Bounced/Browsed,2,77,1.0,0,No,Elite,,No,,0.0
AV00877,C70E0143709C7365,,,Anonymous Prospect,6/29/2024,15:18,Desktop,Chrome,New,Display,DSP_SWITCH_Q224,North,/plans/compare,1,Home Page,application educate,/,Bounced/Browsed,3,132,1.9,0,No,Plus,,No,,0.0
AV00878,B5BD4F7E329BB1D0,,,Anonymous Prospect,6/29/2024,15:49,Desktop,Chrome,New,SEM,SEM_RENEW_Q224,West,/,3,Application Start,application start,/apply/start,Yes,5,263,2.1,0,No,Plus,,No,,0.0
AV00879,BAC6C4D604610354,,,Anonymous Prospect,6/29/2024,16:16,Mobile,Chrome,New,Email,EM_PLANS_Q224,South,/,2,Product Comparison,application educate,/plans/compare,Bounced/Browsed,3,267,2.3,0,No,Basic,,No,,0.0
AV00880,FE17BB3FB964B469,,,Anonymous Prospect,6/29/2024,17:36,Mobile,Chrome,New,Paid Social,SOC_PLANS_Q224,West,/plans/compare,2,Product Comparison,application educate,/plans/compare,Bounced/Browsed,5,241,4.4,0,No,Premium,,No,,0.0
AV00881,66F13AEDA68A8DE5,,,Anonymous Prospect,6/29/2024,18:10,Mobile,Chrome,New,SEM,SEM_RENEW_Q224,West,/,2,Product Comparison,application educate,/plans/compare,Bounced/Browsed,4,241,1.9,0,No,Premium,,No,,0.0
AV00882,9F660C7677CBB5B3,,,Anonymous Prospect,6/29/2024,18:10,Desktop,Safari,Returning,Paid Social,SOC_PLANS_Q224,West,/plans/compare,1,Home Page,application educate,/,Bounced/Browsed,2,136,2.1,0,No,Basic,,No,,0.0
AV00883,4A421577D9F653ED,,,Anonymous Prospect,6/29/2024,18:23,Mobile,Edge,New,Display,DSP_RENEW_Q224,South,/,1,Home Page,application educate,/,Bounced/Browsed,4,129,5.3,0,No,Premium,,No,,0.0
AV00884,ABD703C372CF64D6,C091,,Existing Customer,6/30/2024,07:01,Desktop,Chrome,New,SEO,,North,/,1,Home Page,application educate,/,Bounced/Browsed,3,81,1.8,0,No,Plus,,No,,0.0
AV00885,DEE4A401C4B7A7C3,,,Anonymous Prospect,6/30/2024,08:25,Desktop,Safari,New,SEM,SEM_RENEW_Q224,North,/plans/compare,1,Home Page,application educate,/,Bounced/Browsed,3,141,3.0,0,No,Plus,,No,,0.0
AV00886,DD9C70F34A284CFC,,,Anonymous Prospect,6/30/2024,08:39,Desktop,Chrome,New,Direct,,West,/,1,Home Page,application educate,/,Bounced/Browsed,1,107,1.4,0,No,Plus,,No,,0.0
AV00887,3889EBDFE1029917,,,Anonymous Prospect,6/30/2024,10:30,Desktop,Chrome,New,Email,EM_PLANS_Q224,South,/plans/compare,1,Home Page,application educate,/,Bounced/Browsed,3,134,1.4,0,No,Plus,,No,,0.0
AV00888,32B3093F35AD5BD9,,,Anonymous Prospect,6/30/2024,12:03,Desktop,Safari,New,Direct Mail,DM_SWITCH_Q224,West,/offer,2,Product Comparison,application educate,/plans/compare,Bounced/Browsed,5,151,1.2,0,No,Premium,,No,,0.0
AV00889,F42E9AFF53BADA99,,L0155,New Lead,6/30/2024,14:39,Mobile,Safari,New,Email,EM_BRAND_Q224,South,/plans/compare,5,Identity Verification,application start,/apply/verify,Yes,8,388,4.5,2,No,Plus,,No,,0.0
AV00890,6FCDE4B3FF8EA795,,,Anonymous Prospect,6/30/2024,17:38,Desktop,Safari,Returning,SEM,SEM_PLANS_Q224,South,/,1,Home Page,application educate,/,Bounced/Browsed,2,111,2.5,0,No,Plus,,No,,0.0
AV00891,7D315217682646B7,,,Anonymous Prospect,6/30/2024,19:28,Mobile,Chrome,New,Affiliate,AFF_SWITCH_Q224,East,/plans/compare,3,Application Start,application start,/apply/start,Yes,4,371,2.2,0,No,Plus,,No,,0.0
AV00892,9BAC5D949CCB503A,,L0156,New Lead,6/30/2024,20:35,Mobile,Chrome,New,SEM,SEM_BASIC_Q224,West,/,5,Identity Verification,application start,/apply/verify,Yes,11,579,1.9,3,No,Basic,,No,,0.0
AV00893,545EED92F8718097,,,Anonymous Prospect,6/30/2024,22:47,Mobile,Chrome,New,SEO,,North,/,2,Product Comparison,application educate,/plans/compare,Bounced/Browsed,5,124,4.7,0,No,Plus,,No,,0.0
AV00894,ACCC3B6B8B98F62D,,L0157,New Lead,7/1/2024,07:57,Tablet,Chrome,New,SEO,,West,/,8,Payment & Confirmation,application complete,,No,19,601,1.9,2,No,Plus,3268.59,Yes,ORD00045,3268.59
AV00895,59DF327CA0BF4FA3,,,Anonymous Prospect,7/1/2024,08:36,Desktop,Safari,Returning,SEM,SEM_SWITCH_Q324,East,/plans/compare,2,Product Comparison,application educate,/plans/compare,Bounced/Browsed,3,259,3.5,0,No,Basic,,No,,0.0
AV00896,7C38B57D1386D007,,,Anonymous Prospect,7/1/2024,09:15,Mobile,Safari,New,Direct,,East,/,1,Home Page,application educate,/,Bounced/Browsed,1,98,2.2,0,No,Premium,,No,,0.0
AV00897,1B5E46145DF287F5,,,Anonymous Prospect,7/1/2024,09:49,Desktop,Chrome,Returning,SEO,,North,/plans/compare,1,Home Page,application educate,/,Bounced/Browsed,3,100,2.1,0,No,Plus,,No,,0.0
AV00898,2A71538471EE9BB6,,L0158,New Lead,7/1/2024,13:02,Desktop,Edge,New,Email,EM_PLUS_Q324,East,/plans/compare,6,Plan Customization & Quote,application submit,/apply/quote,Yes,9,572,1.9,1,No,Plus,3506.85,No,,0.0
AV00899,BF7435FF40CE3606,,,Anonymous Prospect,7/1/2024,13:09,Desktop,Safari,New,Email,EM_BASIC_Q324,West,/plans/compare,1,Home Page,application educate,/,Bounced/Browsed,3,118,2.6,0,No,Basic,,No,,0.0
AV00900,EA2D4C4B86670C31,,,Anonymous Prospect,7/1/2024,13:50,Mobile,Chrome,New,Direct,,West,/,1,Home Page,application educate,/,Bounced/Browsed,2,103,3.8,0,No,Plus,,No,,0.0
AV00901,037CEC353B107DEC,C075,,Existing Customer,7/1/2024,16:51,Tablet,Edge,New,SEO,,East,/,6,Plan Customization & Quote,application submit,/apply/quote,Yes,15,366,2.9,2,No,Basic,1755.42,No,,0.0
AV00902,CE199611D4592249,,,Anonymous Prospect,7/1/2024,17:10,Desktop,Chrome,Returning,Paid Social,SOC_SWITCH_Q324,East,/plans/compare,1,Home Page,application educate,/,Bounced/Browsed,2,110,1.5,0,No,Premium,,No,,0.0
AV00903,9DA0F188E4D1DF38,,,Anonymous Prospect,7/1/2024,17:53,Desktop,Safari,Returning,Direct,,North,/,3,Application Start,application start,/apply/start,Yes,7,215,3.7,0,No,Plus,,No,,0.0
AV00904,E98AC997E96BCB42,,,Anonymous Prospect,7/1/2024,18:10,Mobile,Chrome,New,Email,EM_RENEW_Q324,South,/plans/compare,2,Product Comparison,application educate,/plans/compare,Bounced/Browsed,6,150,4.7,0,No,Plus,,No,,0.0
AV00905,A9F83799C81003F9,,,Anonymous Prospect,7/1/2024,19:32,Mobile,Safari,New,Email,EM_SWITCH_Q324,West,/plans/compare,1,Home Page,application educate,/,Bounced/Browsed,1,114,4.6,0,No,Plus,,No,,0.0
AV00906,AE78F2D5D220BB2F,,,Anonymous Prospect,7/1/2024,20:45,Mobile,Samsung Internet,New,SEM,SEM_SWITCH_Q324,West,/,1,Home Page,application educate,/,Bounced/Browsed,2,104,2.2,0,No,Elite,,No,,0.0
AV00907,912B7CE4D7AA15F4,,L0159,New Lead,7/1/2024,20:52,Mobile,Chrome,Returning,Direct,,North,/,8,Payment & Confirmation,application complete,,No,14,782,1.7,2,No,Basic,1962.21,Yes,ORD00046,1962.21
AV00908,896E31DD9E0A8544,,,Anonymous Prospect,7/1/2024,22:10,Mobile,Edge,New,Display,DSP_RENEW_Q324,South,/,2,Product Comparison,application educate,/plans/compare,Bounced/Browsed,2,210,3.9,0,No,Basic,,No,,0.0
AV00909,63383856559DAD14,,,Anonymous Prospect,7/2/2024,06:35,Desktop,Chrome,New,SEM,SEM_PLANS_Q324,West,/,2,Product Comparison,application educate,/plans/compare,Bounced/Browsed,5,162,1.2,0,No,Elite,,No,,0.0
AV00910,6D98D01F80B0F993,,L0160,New Lead,7/2/2024,07:21,Mobile,Edge,New,SEO,,South,/plans/compare,8,Payment & Confirmation,application complete,,No,19,904,5.2,1,No,Plus,4100.36,Yes,ORD00047,4100.36
AV00911,B0EDEC0E0540EBEA,C004,,Existing Customer,7/2/2024,08:08,Desktop,Chrome,New,Email,EM_PLANS_Q324,West,/plans/compare,8,Payment & Confirmation,application complete,,No,15,727,2.6,0,No,Premium,5076.05,Yes,ORD00048,5076.05
AV00912,B7A07AFDF5AFA72A,,,Anonymous Prospect,7/2/2024,09:22,Mobile,Safari,New,Direct,,South,/,2,Product Comparison,application educate,/plans/compare,Bounced/Browsed,4,124,5.7,0,No,Basic,,No,,0.0
AV00913,0103CEA5C82D11F5,,,Anonymous Prospect,7/2/2024,09:34,Desktop,Edge,Returning,Email,EM_BRAND_Q324,North,/,1,Home Page,application educate,/,Bounced/Browsed,2,131,2.0,0,No,Premium,,No,,0.0
AV00914,3A0BE59CB3B08569,,L0161,New Lead,7/2/2024,09:43,Mobile,Safari,Returning,Direct Mail,DM_SWITCH_Q324,South,/offer,4,Personal Details,application start,/apply/details,Yes,10,450,5.2,3,No,Basic,,No,,0.0
AV00915,4F60571FD89DCD04,,,Anonymous Prospect,7/2/2024,11:16,Desktop,Chrome,Returning,Display,DSP_RENEW_Q324,East,/plans/compare,1,Home Page,application educate,/,Bounced/Browsed,1,102,2.1,0,No,Premium,,No,,0.0
AV00916,86FA3B42A4BA6CDF,,,Anonymous Prospect,7/2/2024,12:40,Desktop,Safari,New,SEM,SEM_PLANS_Q324,North,/,1,Home Page,application educate,/,Bounced/Browsed,2,147,2.5,0,No,Premium,,No,,0.0
AV00917,EB43A3D7137F32BC,,,Anonymous Prospect,7/2/2024,12:55,Desktop,Safari,New,SEM,SEM_RENEW_Q324,South,/plans/compare,1,Home Page,application educate,/,Bounced/Browsed,3,110,1.0,0,No,Basic,,No,,0.0
AV00918,64931662B58DA392,,,Anonymous Prospect,7/2/2024,14:49,Tablet,Firefox,Returning,Email,EM_BRAND_Q324,South,/,2,Product Comparison,application educate,/plans/compare,Bounced/Browsed,3,183,3.1,0,No,Plus,,No,,0.0
AV00919,45D4EE81E601C9FB,,,Anonymous Prospect,7/2/2024,17:27,Tablet,Chrome,New,Email,EM_PLANS_Q324,West,/,2,Product Comparison,application educate,/plans/compare,Bounced/Browsed,4,132,1.9,0,No,Premium,,No,,0.0
AV00920,07752C9F2A77E93F,,,Anonymous Prospect,7/2/2024,18:18,Mobile,Edge,New,Display,DSP_BASIC_Q324,South,/plans/compare,2,Product Comparison,application educate,/plans/compare,Bounced/Browsed,4,193,2.1,0,No,Basic,,No,,0.0
AV00921,8AD6CC107E0A7F21,,,Anonymous Prospect,7/2/2024,20:04,Mobile,Chrome,New,Paid Social,SOC_SWITCH_Q324,North,/,1,Home Page,application educate,/,Bounced/Browsed,2,113,4.2,0,No,Plus,,No,,0.0
AV00922,47CE0F68C33BB01F,,,Anonymous Prospect,7/2/2024,20:42,Mobile,Safari,New,SEO,,South,/,1,Home Page,application educate,/,Bounced/Browsed,2,93,3.6,0,No,Basic,,No,,0.0
AV00923,D0BDA993CD16303D,,,Anonymous Prospect,7/3/2024,08:26,Desktop,Safari,New,SEM,SEM_BRAND_Q324,South,/,2,Product Comparison,application educate,/plans/compare,Bounced/Browsed,5,189,2.0,0,No,Elite,,No,,0.0
AV00924,697A3883594B90C3,,,Anonymous Prospect,7/3/2024,11:37,Desktop,Samsung Internet,New,SEM,SEM_RENEW_Q324,South,/,1,Home Page,application educate,/,Bounced/Browsed,3,104,1.8,0,No,Basic,,No,,0.0
AV00925,BA9D6DF727E7674E,,,Anonymous Prospect,7/3/2024,11:59,Desktop,Chrome,New,SEM,SEM_RENEW_Q324,West,/,2,Product Comparison,application educate,/plans/compare,Bounced/Browsed,5,223,4.0,0,No,Premium,,No,,0.0
AV00926,A184A32281CFCBE0,,,Anonymous Prospect,7/3/2024,12:07,Tablet,Edge,New,SEO,,North,/,2,Product Comparison,application educate,/plans/compare,Bounced/Browsed,5,242,2.5,0,No,Plus,,No,,0.0
AV00927,C6B5009AD9972951,C041,,Existing Customer,7/3/2024,13:06,Mobile,Safari,New,Direct Mail,DM_PLUS_Q324,West,/offer,8,Payment & Confirmation,application complete,,No,15,588,2.5,1,No,Plus,4019.67,Yes,ORD00049,4019.67
AV00928,E790075CDD9F0570,,L0162,New Lead,7/3/2024,13:30,Mobile,Edge,New,Email,EM_BRAND_Q324,East,/,8,Payment & Confirmation,application complete,,No,15,865,4.7,1,No,Elite,7290.55,Yes,ORD00050,7290.55
AV00929,C1AD7817F82F27EE,,,Anonymous Prospect,7/3/2024,14:19,Desktop,Firefox,Returning,SEO,,South,/,1,Home Page,application educate,/,Bounced/Browsed,2,85,1.4,0,No,Plus,,No,,0.0
AV00930,E3427B09F6C62FB1,,,Anonymous Prospect,7/3/2024,15:28,Desktop,Edge,New,Direct,,East,/,2,Product Comparison,application educate,/plans/compare,Bounced/Browsed,3,204,1.1,0,No,Basic,,No,,0.0
AV00931,DEE2F84ACA3D4130,,,Anonymous Prospect,7/3/2024,15:45,Tablet,Edge,New,Affiliate,AFF_BASIC_Q324,West,/plans/compare,2,Product Comparison,application educate,/plans/compare,Bounced/Browsed,5,138,2.3,0,No,Basic,,No,,0.0
AV00932,E2BE2FD4154C7ECB,,,Anonymous Prospect,7/3/2024,15:47,Desktop,Safari,Returning,Direct,,North,/,1,Home Page,application educate,/,Bounced/Browsed,1,124,2.1,0,Yes,Plus,,No,,0.0
AV00933,2E0845B6FD9A57EE,,,Anonymous Prospect,7/3/2024,16:41,Mobile,Chrome,New,SEM,SEM_SWITCH_Q324,West,/plans/compare,2,Product Comparison,application educate,/plans/compare,Bounced/Browsed,3,190,1.4,0,No,Premium,,No,,0.0
AV00934,DB965BE24EC623AB,,,Anonymous Prospect,7/3/2024,16:48,Desktop,Chrome,Returning,SEO,,North,/plans/compare,1,Home Page,application educate,/,Bounced/Browsed,4,80,2.0,0,No,Plus,,No,,0.0
AV00935,712B2A753EB04371,,L0163,New Lead,7/3/2024,17:08,Mobile,Safari,Returning,Direct,,East,/,6,Plan Customization & Quote,application submit,/apply/quote,Yes,13,600,4.2,1,No,Basic,1979.11,No,,0.0
AV00936,F91A37A492AC88BA,,,Anonymous Prospect,7/3/2024,18:34,Desktop,Safari,New,Email,EM_RENEW_Q324,South,/,1,Home Page,application educate,/,Bounced/Browsed,3,93,1.4,0,No,Basic,,No,,0.0
AV00937,48A59DEE248EC03A,,,Anonymous Prospect,7/3/2024,22:22,Mobile,Chrome,New,Paid Social,SOC_PLANS_Q324,East,/,1,Home Page,application educate,/,Bounced/Browsed,4,70,4.5,0,No,Elite,,No,,0.0
AV00938,CF2EC93CFADC5B23,,,Anonymous Prospect,7/3/2024,22:53,Desktop,Chrome,Returning,SEO,,East,/,1,Home Page,application educate,/,Bounced/Browsed,2,100,1.0,0,No,Plus,,No,,0.0
AV00939,8737D25BAADF10A3,,L0164,New Lead,7/4/2024,07:30,Desktop,Chrome,New,Direct,,North,/,4,Personal Details,application start,/apply/details,Yes,9,451,1.7,2,No,Premium,,No,,0.0
AV00940,F4401796368C1A6A,,L0165,New Lead,7/4/2024,08:28,Desktop,Chrome,New,SEO,,West,/plans/compare,6,Plan Customization & Quote,application submit,/apply/quote,Yes,11,510,1.6,0,No,Premium,6290.73,No,,0.0
AV00941,9B4A74C9644C3199,,,Anonymous Prospect,7/4/2024,12:32,Tablet,Chrome,Returning,Paid Social,SOC_BASIC_Q324,South,/,2,Product Comparison,application educate,/plans/compare,Bounced/Browsed,4,165,3.0,0,No,Basic,,No,,0.0
AV00942,057EAEE5D44EA907,,L0166,New Lead,7/4/2024,13:37,Desktop,Safari,Returning,SEM,SEM_RENEW_Q324,West,/plans/compare,4,Personal Details,application start,/apply/details,Yes,6,459,1.0,0,No,Basic,,No,,0.0
AV00943,FA86DF0A787F1CDB,,L0167,New Lead,7/4/2024,14:07,Desktop,Chrome,New,SEM,SEM_BRAND_Q324,North,/,6,Plan Customization & Quote,application submit,/apply/quote,Yes,10,615,2.8,3,No,Plus,3404.75,No,,0.0
AV00944,91702F00440D98A3,,,Anonymous Prospect,7/4/2024,14:23,Desktop,Safari,New,SEO,,North,/plans/compare,2,Product Comparison,application educate,/plans/compare,Bounced/Browsed,6,204,1.7,0,No,Premium,,No,,0.0
AV00945,61540BB6529FC684,,,Anonymous Prospect,7/4/2024,16:20,Mobile,Edge,New,Paid Social,SOC_RENEW_Q324,East,/,1,Home Page,application educate,/,Bounced/Browsed,3,101,2.0,0,No,Plus,,No,,0.0
AV00946,F1506A5F2B207343,C039,,Existing Customer,7/4/2024,18:11,Mobile,Safari,New,Email,EM_RENEW_Q324,North,/,8,Payment & Confirmation,application complete,,No,18,596,5.0,2,No,Premium,5360.17,Yes,ORD00051,5360.17
AV00947,170DF9F7E15B046B,,,Anonymous Prospect,7/4/2024,19:37,Desktop,Chrome,New,SEM,SEM_PLANS_Q324,West,/,1,Home Page,application educate,/,Bounced/Browsed,4,119,3.1,0,No,Plus,,No,,0.0
AV00948,8419BF9F65B6F9E5,,,Anonymous Prospect,7/4/2024,20:46,Mobile,Chrome,Returning,Paid Social,SOC_BRAND_Q324,North,/,1,Home Page,application educate,/,Bounced/Browsed,1,82,5.7,0,No,Plus,,No,,0.0
AV00949,1DADA64F9DFFEDA6,,L0168,New Lead,7/5/2024,07:27,Mobile,Chrome,New,Direct,,North,/,5,Identity Verification,application start,/apply/verify,Yes,8,510,3.5,3,No,Plus,,No,,0.0
AV00950,0BE68D0A70240C6F,C050,,Existing Customer,7/5/2024,09:04,Desktop,Safari,New,SEM,SEM_BASIC_Q324,North,/plans/compare,7,Review & e-Sign,application submit,/apply/review,Yes,13,504,1.9,1,No,Basic,2156.46,No,,0.0
AV00951,8C159F3AF7203C72,,,Anonymous Prospect,7/5/2024,09:31,Mobile,Chrome,Returning,SEO,,West,/plans/compare,2,Product Comparison,application educate,/plans/compare,Bounced/Browsed,4,149,4.2,0,No,Plus,,No,,0.0
AV00952,662ACAC35CAB2C9D,C073,,Existing Customer,7/5/2024,09:46,Mobile,Chrome,Returning,Direct Mail,DM_PLANS_Q324,North,/offer,3,Application Start,application start,/apply/start,Yes,6,300,3.3,0,No,Plus,,No,,0.0
AV00953,43C57A701B47B4E2,,L0169,New Lead,7/5/2024,11:04,Desktop,Safari,Returning,SEO,,East,/,8,Payment & Confirmation,application complete,,No,14,484,1.5,0,Yes,Plus,2760.18,Yes,ORD00052,2760.18
AV00954,6AF94DB9AF64F271,,L0170,New Lead,7/5/2024,12:52,Desktop,Chrome,Returning,SEM,SEM_ELITE_Q324,West,/,6,Plan Customization & Quote,application submit,/apply/quote,Yes,11,432,2.3,3,No,Elite,8825.55,No,,0.0
AV00955,870A786999455111,,,Anonymous Prospect,7/5/2024,14:20,Mobile,Safari,New,Direct Mail,DM_PLANS_Q324,East,/offer,1,Home Page,application educate,/,Bounced/Browsed,1,140,2.2,0,No,Plus,,No,,0.0
AV00956,D16B2B410C85D853,,,Anonymous Prospect,7/5/2024,14:43,Tablet,Edge,New,SEO,,South,/plans/compare,1,Home Page,application educate,/,Bounced/Browsed,3,81,1.1,0,No,Basic,,No,,0.0
AV00957,34BB733C874B4DF1,,,Anonymous Prospect,7/5/2024,15:11,Mobile,Safari,Returning,Display,DSP_BASIC_Q324,North,/plans/compare,2,Product Comparison,application educate,/plans/compare,Bounced/Browsed,6,191,5.1,0,No,Basic,,No,,0.0
AV00958,43C1AD7430DABBB8,C008,,Existing Customer,7/5/2024,15:17,Mobile,Safari,Returning,SEM,SEM_BRAND_Q324,South,/,2,Product Comparison,application educate,/plans/compare,Bounced/Browsed,3,225,1.1,0,No,Plus,,No,,0.0
AV00959,342EFB092D709DA1,,L0171,New Lead,7/5/2024,15:18,Mobile,Safari,Returning,Direct,,West,/,6,Plan Customization & Quote,application submit,/apply/quote,Yes,14,371,3.6,2,No,Elite,9771.78,No,,0.0
AV00960,B1F492596F9588C3,,,Anonymous Prospect,7/5/2024,16:12,Mobile,Safari,New,Paid Social,SOC_PLANS_Q324,East,/,1,Home Page,application educate,/,Bounced/Browsed,4,114,3.5,0,No,Elite,,No,,0.0
AV00961,45FA6D7C230D9988,,,Anonymous Prospect,7/5/2024,16:39,Desktop,Chrome,New,Display,DSP_BRAND_Q324,East,/,2,Product Comparison,application educate,/plans/compare,Bounced/Browsed,4,231,2.7,0,No,Basic,,No,,0.0
AV00962,FBBC3737CB3679E1,,,Anonymous Prospect,7/5/2024,17:59,Desktop,Safari,New,SEO,,North,/plans/compare,2,Product Comparison,application educate,/plans/compare,Bounced/Browsed,3,169,2.5,0,No,Plus,,No,,0.0
AV00963,B06B4B309483A351,,L0172,New Lead,7/5/2024,18:27,Mobile,Edge,New,Display,DSP_SWITCH_Q324,West,/plans/compare,5,Identity Verification,application start,/apply/verify,Yes,8,427,4.9,1,No,Basic,,No,,0.0
AV00964,81418E9787C8355B,,L0173,New Lead,7/5/2024,18:59,Mobile,Firefox,New,SEM,SEM_RENEW_Q324,West,/plans/compare,5,Identity Verification,application start,/apply/verify,Yes,11,486,1.8,4,No,Plus,,No,,0.0
AV00965,06B85F75EC3D1AAC,,,Anonymous Prospect,7/5/2024,19:57,Mobile,Safari,Returning,Paid Social,SOC_BRAND_Q324,North,/plans/compare,1,Home Page,application educate,/,Bounced/Browsed,1,128,2.6,0,No,Plus,,No,,0.0
AV00966,5553D90C9E21503D,,L0174,New Lead,7/5/2024,21:58,Mobile,Safari,Returning,Direct,,East,/,5,Identity Verification,application start,/apply/verify,Yes,12,426,1.6,4,No,Plus,,No,,0.0
AV00967,0AA1E5DCF14F3586,,,Anonymous Prospect,7/5/2024,22:30,Mobile,Chrome,New,SEM,SEM_SWITCH_Q324,South,/plans/compare,2,Product Comparison,application educate,/plans/compare,Bounced/Browsed,4,136,2.5,0,No,Basic,,No,,0.0
AV00968,9EDB939CE6D3B484,,,Anonymous Prospect,7/6/2024,07:51,Mobile,Firefox,New,Affiliate,AFF_SWITCH_Q324,South,/,2,Product Comparison,application educate,/plans/compare,Bounced/Browsed,4,172,2.4,0,No,Plus,,No,,0.0
AV00969,EE54B0EC48E4E078,,,Anonymous Prospect,7/6/2024,08:39,Desktop,Firefox,New,Affiliate,AFF_BRAND_Q324,South,/,3,Application Start,application start,/apply/start,Yes,5,281,2.0,0,No,Basic,,No,,0.0
AV00970,BB862C121D1C21F3,,,Anonymous Prospect,7/6/2024,08:42,Mobile,Safari,New,Affiliate,AFF_SWITCH_Q324,West,/,1,Home Page,application educate,/,Bounced/Browsed,2,112,4.6,0,No,Plus,,No,,0.0
AV00971,C0DFD6482EC345EB,,,Anonymous Prospect,7/6/2024,09:02,Desktop,Chrome,New,Affiliate,AFF_PLANS_Q324,South,/plans/compare,2,Product Comparison,application educate,/plans/compare,Bounced/Browsed,4,273,2.2,0,No,Basic,,No,,0.0
AV00972,9CB381CC72E1C95E,,,Anonymous Prospect,7/6/2024,09:48,Mobile,Edge,New,Affiliate,AFF_SWITCH_Q324,North,/,1,Home Page,application educate,/,Bounced/Browsed,2,76,4.6,0,No,Plus,,No,,0.0
AV00973,FCC91DBA3C8AD4A7,,,Anonymous Prospect,7/6/2024,10:21,Desktop,Chrome,Returning,Email,EM_PLANS_Q324,West,/plans/compare,2,Product Comparison,application educate,/plans/compare,Bounced/Browsed,3,218,3.2,0,No,Basic,,No,,0.0
AV00974,4F4FA2DD172802F0,,,Anonymous Prospect,7/6/2024,12:04,Mobile,Chrome,Returning,Display,DSP_PLUS_Q324,West,/plans/compare,2,Product Comparison,application educate,/plans/compare,Bounced/Browsed,4,192,4.3,0,No,Plus,,No,,0.0
AV00975,A53C43A7486BE8BC,,,Anonymous Prospect,7/6/2024,12:09,Desktop,Firefox,Returning,Direct,,South,/,2,Product Comparison,application educate,/plans/compare,Bounced/Browsed,5,116,0.7,0,Yes,Premium,,No,,0.0
AV00976,9F027F7480550BEC,,,Anonymous Prospect,7/6/2024,12:19,Desktop,Chrome,New,SEO,,West,/plans/compare,1,Home Page,application educate,/,Bounced/Browsed,3,105,2.2,0,Yes,Basic,,No,,0.0
AV00977,12790C05CB338F81,,,Anonymous Prospect,7/6/2024,12:46,Mobile,Chrome,New,SEO,,East,/plans/compare,1,Home Page,application educate,/,Bounced/Browsed,3,87,1.9,0,Yes,Basic,,No,,0.0
AV00978,3476D0469EC1FE95,,,Anonymous Prospect,7/6/2024,13:39,Mobile,Chrome,New,Display,DSP_PLANS_Q324,South,/plans/compare,1,Home Page,application educate,/,Bounced/Browsed,2,117,1.9,0,No,Plus,,No,,0.0
AV00979,8AE0986D62303FD0,,,Anonymous Prospect,7/6/2024,14:19,Mobile,Chrome,New,Display,DSP_SWITCH_Q324,North,/,1,Home Page,application educate,/,Bounced/Browsed,2,73,1.8,0,No,Plus,,No,,0.0
AV00980,0DF551C4ADFEABC3,C027,,Existing Customer,7/6/2024,14:22,Mobile,Chrome,Returning,Email,EM_PLANS_Q324,South,/,1,Home Page,application educate,/,Bounced/Browsed,3,103,4.8,0,No,Plus,,No,,0.0
AV00981,6FEF2FBEE953FFA2,,,Anonymous Prospect,7/6/2024,16:26,Mobile,Safari,New,Paid Social,SOC_BASIC_Q324,North,/,1,Home Page,application educate,/,Bounced/Browsed,3,119,5.2,0,No,Basic,,No,,0.0
AV00982,2796F6D21E43E0D4,,L0175,New Lead,7/6/2024,18:00,Mobile,Safari,Returning,Display,DSP_BRAND_Q324,North,/,7,Review & e-Sign,application submit,/apply/review,Yes,14,715,2.5,1,No,Elite,9424.85,No,,0.0
AV00983,C32D1D0BFD9F310F,,,Anonymous Prospect,7/6/2024,18:25,Mobile,Edge,New,SEM,SEM_BRAND_Q324,North,/,2,Product Comparison,application educate,/plans/compare,Bounced/Browsed,4,153,3.4,0,No,Plus,,No,,0.0
AV00984,A52CDBC7CA704DF6,,L0176,New Lead,7/6/2024,18:56,Mobile,Safari,New,SEM,SEM_SWITCH_Q324,West,/,8,Payment & Confirmation,application complete,,No,18,917,2.5,1,No,Basic,2171.36,Yes,ORD00053,2171.36
AV00985,16296635A5680939,,,Anonymous Prospect,7/6/2024,19:03,Mobile,Chrome,New,Paid Social,SOC_PLANS_Q324,East,/,1,Home Page,application educate,/,Bounced/Browsed,1,99,1.7,0,No,Premium,,No,,0.0
AV00986,F4D56C3B6752646C,,L0177,New Lead,7/6/2024,19:14,Mobile,Safari,New,Email,EM_BRAND_Q324,West,/plans/compare,7,Review & e-Sign,application submit,/apply/review,Yes,11,769,3.0,3,Yes,Elite,7441.16,No,,0.0
AV00987,88E77D80E113BE0B,,,Anonymous Prospect,7/6/2024,19:30,Mobile,Chrome,New,SEM,SEM_SWITCH_Q324,North,/,1,Home Page,application educate,/,Bounced/Browsed,2,114,4.1,0,No,Plus,,No,,0.0
AV00988,15E03D9883AB726C,,,Anonymous Prospect,7/6/2024,21:13,Desktop,Chrome,New,Paid Social,SOC_PLANS_Q324,West,/,1,Home Page,application educate,/,Bounced/Browsed,2,95,1.6,0,No,Plus,,No,,0.0
AV00989,6743855ED44DA06B,,,Anonymous Prospect,7/6/2024,21:43,Mobile,Safari,New,Direct,,North,/,1,Home Page,application educate,/,Bounced/Browsed,1,111,1.3,0,No,Plus,,No,,0.0
AV00990,D652780D7E84B7B5,,,Anonymous Prospect,7/6/2024,22:43,Desktop,Edge,Returning,SEM,SEM_BRAND_Q324,East,/,1,Home Page,application educate,/,Bounced/Browsed,1,143,4.1,0,No,Basic,,No,,0.0
AV00991,CEAD0A4C495FACC6,,,Anonymous Prospect,7/6/2024,22:58,Desktop,Safari,New,SEO,,West,/plans/compare,1,Home Page,application educate,/,Bounced/Browsed,3,96,2.6,0,No,Basic,,No,,0.0
AV00992,3886A2165C4B300E,,,Anonymous Prospect,7/7/2024,07:15,Mobile,Chrome,Returning,SEM,SEM_RENEW_Q324,West,/,2,Product Comparison,application educate,/plans/compare,Bounced/Browsed,5,232,3.6,0,No,Plus,,No,,0.0
AV00993,8F6DDA572013AAE0,,,Anonymous Prospect,7/7/2024,07:30,Desktop,Samsung Internet,New,Paid Social,SOC_BASIC_Q324,West,/,2,Product Comparison,application educate,/plans/compare,Bounced/Browsed,3,267,2.3,0,No,Basic,,No,,0.0
AV00994,758E1251A88A4F05,,,Anonymous Prospect,7/7/2024,07:48,Mobile,Safari,Returning,SEM,SEM_SWITCH_Q324,South,/,2,Product Comparison,application educate,/plans/compare,Bounced/Browsed,5,207,4.8,0,No,Basic,,No,,0.0
AV00995,A3E77F8E44719060,,,Anonymous Prospect,7/7/2024,08:53,Desktop,Safari,New,Paid Social,SOC_PLANS_Q324,North,/plans/compare,2,Product Comparison,application educate,/plans/compare,Bounced/Browsed,4,227,3.0,0,No,Premium,,No,,0.0
AV00996,932F97079ECE965D,,,Anonymous Prospect,7/7/2024,08:56,Desktop,Safari,New,Paid Social,SOC_PLANS_Q324,East,/plans/compare,1,Home Page,application educate,/,Bounced/Browsed,4,149,1.6,0,No,Basic,,No,,0.0
AV00997,8D3BC913845E3845,,,Anonymous Prospect,7/7/2024,10:52,Desktop,Chrome,New,Email,EM_SWITCH_Q324,East,/,3,Application Start,application start,/apply/start,Yes,7,239,1.0,0,No,Premium,,No,,0.0
AV00998,6057C780F5668A45,,,Anonymous Prospect,7/7/2024,11:13,Desktop,Chrome,New,Display,DSP_RENEW_Q324,South,/,3,Application Start,application start,/apply/start,Yes,6,257,2.7,0,No,Basic,,No,,0.0
AV00999,0A96F196DDD652EA,,,Anonymous Prospect,7/7/2024,11:28,Desktop,Firefox,New,Paid Social,SOC_PLUS_Q324,West,/plans/compare,1,Home Page,application educate,/,Bounced/Browsed,2,118,2.4,0,No,Plus,,No,,0.0
AV01000,1E12A78D779AE9BC,,,Anonymous Prospect,7/7/2024,12:50,Mobile,Safari,New,SEO,,East,/,2,Product Comparison,application educate,/plans/compare,Bounced/Browsed,6,116,3.0,0,No,Elite,,No,,0.0
AV01001,C06D68CD7786B518,,,Anonymous Prospect,7/7/2024,14:09,Desktop,Chrome,New,SEO,,West,/,1,Home Page,application educate,/,Bounced/Browsed,1,108,1.5,0,No,Plus,,No,,0.0
AV01002,355548850D0DC2DC,,,Anonymous Prospect,7/7/2024,14:38,Desktop,Firefox,New,Display,DSP_RENEW_Q324,West,/plans/compare,1,Home Page,application educate,/,Bounced/Browsed,2,107,2.3,0,No,Basic,,No,,0.0
AV01003,00F7B7FDCB899DBE,,,Anonymous Prospect,7/7/2024,14:39,Mobile,Safari,New,Direct,,South,/,2,Product Comparison,application educate,/plans/compare,Bounced/Browsed,5,182,2.2,0,No,Basic,,No,,0.0
AV01004,6824BB4FA1C63D29,,,Anonymous Prospect,7/7/2024,14:42,Tablet,Chrome,Returning,SEO,,North,/plans/compare,2,Product Comparison,application educate,/plans/compare,Bounced/Browsed,5,179,2.3,0,No,Plus,,No,,0.0
AV01005,F1AB3A777B9E718B,,,Anonymous Prospect,7/7/2024,14:58,Desktop,Safari,Returning,Affiliate,AFF_PLANS_Q324,South,/,1,Home Page,application educate,/,Bounced/Browsed,1,84,1.5,0,No,Basic,,No,,0.0
AV01006,700587F9A9A249FA,,,Anonymous Prospect,7/7/2024,15:07,Desktop,Safari,New,Paid Social,SOC_PLUS_Q324,North,/plans/compare,1,Home Page,application educate,/,Bounced/Browsed,2,135,2.0,0,No,Plus,,No,,0.0
AV01007,C244C016F32494E1,,,Anonymous Prospect,7/7/2024,15:46,Desktop,Safari,New,Direct,,North,/,1,Home Page,application educate,/,Bounced/Browsed,1,69,2.0,0,No,Plus,,No,,0.0
AV01008,76265559DECF6D7A,,L0178,New Lead,7/7/2024,16:34,Desktop,Safari,Returning,Direct,,South,/,8,Payment & Confirmation,application complete,,No,16,443,2.0,2,No,Premium,4371.86,Yes,ORD00054,4371.86
AV01009,3521CE7DE43DC7BC,,,Anonymous Prospect,7/7/2024,18:46,Mobile,Firefox,New,Direct,,South,/,2,Product Comparison,application educate,/plans/compare,Bounced/Browsed,3,195,4.7,0,No,Basic,,No,,0.0
AV01010,F0B03EF42B42FF34,,L0179,New Lead,7/7/2024,19:28,Mobile,Chrome,New,Email,EM_RENEW_Q324,South,/,4,Personal Details,application start,/apply/details,Yes,8,246,4.3,1,No,Premium,,No,,0.0
AV01011,206F7B0ED4B2C08D,,L0180,New Lead,7/7/2024,20:22,Mobile,Safari,New,Affiliate,AFF_SWITCH_Q324,West,/,4,Personal Details,application start,/apply/details,Yes,11,427,4.6,1,No,Plus,,No,,0.0
AV01012,5BEBDF14CD3E84DB,,,Anonymous Prospect,7/7/2024,21:53,Mobile,Chrome,Returning,SEM,SEM_BASIC_Q324,East,/,2,Product Comparison,application educate,/plans/compare,Bounced/Browsed,3,176,1.4,0,No,Basic,,No,,0.0
AV01013,1EF7A39265A49DE2,,L0181,New Lead,7/7/2024,22:21,Mobile,Edge,Returning,Email,EM_SWITCH_Q324,North,/,6,Plan Customization & Quote,application submit,/apply/quote,Yes,12,574,2.0,3,No,Premium,4957.5,No,,0.0
AV01014,F15BDD48417DEBAA,,,Anonymous Prospect,7/7/2024,22:38,Tablet,Safari,Returning,Affiliate,AFF_RENEW_Q324,West,/,1,Home Page,application educate,/,Bounced/Browsed,3,102,2.2,0,No,Basic,,No,,0.0
AV01015,6275242EEE55D5E9,,,Anonymous Prospect,7/8/2024,07:34,Desktop,Samsung Internet,Returning,SEO,,East,/,2,Product Comparison,application educate,/plans/compare,Bounced/Browsed,4,231,3.4,0,Yes,Basic,,No,,0.0
AV01016,AE899C84F599FBA4,,L0182,New Lead,7/8/2024,07:57,Desktop,Safari,Returning,SEM,SEM_PLANS_Q324,West,/plans/compare,7,Review & e-Sign,application submit,/apply/review,Yes,13,377,1.8,2,No,Premium,4546.59,No,,0.0
AV01017,E3FBD87C8A68C16A,,,Anonymous Prospect,7/8/2024,08:19,Desktop,Chrome,New,SEO,,North,/plans/compare,2,Product Comparison,application educate,/plans/compare,Bounced/Browsed,4,223,1.9,0,No,Plus,,No,,0.0
AV01018,A4B0DBC27BA9807D,,,Anonymous Prospect,7/8/2024,09:18,Desktop,Chrome,New,Display,DSP_PLANS_Q324,East,/,2,Product Comparison,application educate,/plans/compare,Bounced/Browsed,5,186,2.3,0,No,Basic,,No,,0.0
AV01019,4FD08B7A5FFDFBE9,,,Anonymous Prospect,7/8/2024,11:08,Mobile,Safari,New,Display,DSP_BRAND_Q324,North,/,1,Home Page,application educate,/,Bounced/Browsed,3,71,6.2,0,No,Plus,,No,,0.0
AV01020,DB5EFCF79E370EBA,,,Anonymous Prospect,7/8/2024,11:21,Desktop,Chrome,New,Display,DSP_RENEW_Q324,North,/,2,Product Comparison,application educate,/plans/compare,Bounced/Browsed,4,157,1.9,0,No,Plus,,No,,0.0
AV01021,6FCC7664D4A241A2,,L0183,New Lead,7/8/2024,13:36,Desktop,Chrome,New,Direct,,East,/,8,Payment & Confirmation,application complete,,No,16,786,2.1,1,No,Premium,6049.99,Yes,ORD00055,6049.99
AV01022,3E7E9E26E6AF4A87,,,Anonymous Prospect,7/8/2024,13:56,Mobile,Chrome,New,Direct,,North,/,2,Product Comparison,application educate,/plans/compare,Bounced/Browsed,4,145,1.8,0,No,Premium,,No,,0.0
AV01023,41DC14B7837A8C96,,,Anonymous Prospect,7/8/2024,14:43,Tablet,Safari,New,Affiliate,AFF_RENEW_Q324,West,/,2,Product Comparison,application educate,/plans/compare,Bounced/Browsed,4,232,1.8,0,No,Plus,,No,,0.0
AV01024,84F0A73621DFB303,,L0184,New Lead,7/8/2024,14:46,Mobile,Firefox,Returning,Paid Social,SOC_PLANS_Q324,East,/plans/compare,4,Personal Details,application start,/apply/details,Yes,9,360,1.2,0,No,Premium,,No,,0.0
AV01025,5A42B5F3DC5B7928,,,Anonymous Prospect,7/8/2024,17:17,Mobile,Chrome,New,SEO,,North,/,1,Home Page,application educate,/,Bounced/Browsed,3,104,2.6,0,No,Elite,,No,,0.0
AV01026,6EB353705F49E25C,,L0185,New Lead,7/8/2024,17:27,Mobile,Chrome,New,Paid Social,SOC_SWITCH_Q324,East,/plans/compare,4,Personal Details,application start,/apply/details,Yes,11,388,2.9,3,Yes,Premium,,No,,0.0
AV01027,F380E152DF42F922,,,Anonymous Prospect,7/8/2024,18:27,Mobile,Safari,New,Direct,,East,/,3,Application Start,application start,/apply/start,Yes,7,241,5.1,0,No,Basic,,No,,0.0
AV01028,0D71FC00FC60A2E5,,,Anonymous Prospect,7/8/2024,19:05,Mobile,Safari,New,Paid Social,SOC_SWITCH_Q324,North,/,2,Product Comparison,application educate,/plans/compare,Bounced/Browsed,5,209,1.7,0,No,Plus,,No,,0.0
AV01029,C039AA2072355D1A,,,Anonymous Prospect,7/8/2024,20:50,Tablet,Chrome,New,SEO,,West,/plans/compare,2,Product Comparison,application educate,/plans/compare,Bounced/Browsed,5,231,2.3,0,No,Elite,,No,,0.0
AV01030,A1F1E8F4E0855B62,,,Anonymous Prospect,7/8/2024,21:15,Mobile,Safari,Returning,Paid Social,SOC_PLUS_Q324,East,/,3,Application Start,application start,/apply/start,Yes,5,235,6.2,0,No,Plus,,No,,0.0
AV01031,51ABE029C5056A1F,,,Anonymous Prospect,7/8/2024,21:21,Desktop,Firefox,New,SEO,,East,/,2,Product Comparison,application educate,/plans/compare,Bounced/Browsed,3,164,2.1,0,No,Premium,,No,,0.0
AV01032,DD0DAFEB4E456367,,,Anonymous Prospect,7/8/2024,21:33,Mobile,Chrome,Returning,SEM,SEM_PLANS_Q324,North,/,1,Home Page,application educate,/,Bounced/Browsed,3,112,2.8,0,No,Premium,,No,,0.0
AV01033,A97FD66419F72D30,,,Anonymous Prospect,7/9/2024,10:00,Desktop,Safari,New,Direct Mail,DM_BRAND_Q324,East,/offer,1,Home Page,application educate,/,Bounced/Browsed,3,94,1.2,0,No,Plus,,No,,0.0
AV01034,4DD8B74A32229B10,,,Anonymous Prospect,7/9/2024,10:35,Mobile,Chrome,Returning,SEO,,East,/,2,Product Comparison,application educate,/plans/compare,Bounced/Browsed,2,238,6.1,0,No,Premium,,No,,0.0
AV01035,D3C307EE93E8B4E9,,,Anonymous Prospect,7/9/2024,12:06,Tablet,Safari,New,Direct,,South,/,1,Home Page,application educate,/,Bounced/Browsed,3,103,3.0,0,No,Premium,,No,,0.0
AV01036,58B9DFE3AD3A3BFF,,,Anonymous Prospect,7/9/2024,12:41,Mobile,Safari,New,SEM,SEM_SWITCH_Q324,East,/,2,Product Comparison,application educate,/plans/compare,Bounced/Browsed,3,262,2.5,0,Yes,Elite,,No,,0.0
AV01037,2EAD65656C5C40A8,,L0186,New Lead,7/9/2024,13:38,Desktop,Chrome,New,Email,EM_RENEW_Q324,North,/,8,Payment & Confirmation,application complete,,No,11,565,2.0,0,No,Premium,6116.81,Yes,ORD00056,6116.81
AV01038,A0DD1DE849FEC10C,,,Anonymous Prospect,7/9/2024,16:20,Mobile,Chrome,New,SEO,,East,/,1,Home Page,application educate,/,Bounced/Browsed,3,116,5.1,0,No,Plus,,No,,0.0
AV01039,A1BB47CF51B04203,,,Anonymous Prospect,7/9/2024,21:09,Mobile,Safari,New,Paid Social,SOC_PLANS_Q324,North,/,1,Home Page,application educate,/,Bounced/Browsed,3,106,3.5,0,No,Basic,,No,,0.0
AV01040,9B5E730CCE2090CB,,,Anonymous Prospect,7/10/2024,06:48,Mobile,Edge,New,Paid Social,SOC_PLANS_Q324,West,/,1,Home Page,application educate,/,Bounced/Browsed,3,159,1.9,0,No,Elite,,No,,0.0
AV01041,DE652C096E852BB9,C024,,Existing Customer,7/10/2024,06:51,Mobile,Safari,Returning,Direct Mail,DM_RENEW_Q324,West,/offer,8,Payment & Confirmation,application complete,,No,11,904,4.3,2,No,Elite,9950.78,Yes,ORD00057,9950.78
AV01042,C0FDA7510F2D5042,,,Anonymous Prospect,7/10/2024,07:19,Mobile,Safari,New,Direct,,North,/,1,Home Page,application educate,/,Bounced/Browsed,3,76,5.4,0,No,Basic,,No,,0.0
AV01043,63AE6515D634CC0D,,,Anonymous Prospect,7/10/2024,07:58,Tablet,Safari,New,Direct,,West,/,2,Product Comparison,application educate,/plans/compare,Bounced/Browsed,4,262,1.9,0,No,Plus,,No,,0.0
AV01044,469FBB7DC4D6CDED,,L0187,New Lead,7/10/2024,08:38,Mobile,Firefox,Returning,Direct Mail,DM_SWITCH_Q324,North,/offer,4,Personal Details,application start,/apply/details,Yes,6,281,1.1,0,No,Basic,,No,,0.0
AV01045,125906AAB474A444,,L0188,New Lead,7/10/2024,09:36,Mobile,Firefox,New,SEM,SEM_BASIC_Q324,West,/plans/compare,4,Personal Details,application start,/apply/details,Yes,7,443,1.2,1,No,Basic,,No,,0.0
AV01046,A2FFF2D0FD051790,,L0189,New Lead,7/10/2024,10:53,Mobile,Safari,New,SEM,SEM_RENEW_Q324,North,/,8,Payment & Confirmation,application complete,,No,13,684,2.2,3,No,Plus,4029.13,Yes,ORD00058,4029.13
AV01047,A05CCBC278CAE263,,,Anonymous Prospect,7/10/2024,12:10,Mobile,Samsung Internet,New,SEO,,East,/plans/compare,1,Home Page,application educate,/,Bounced/Browsed,2,114,2.3,0,No,Premium,,No,,0.0
AV01048,B9014567C127BD1E,,,Anonymous Prospect,7/10/2024,13:04,Mobile,Safari,Returning,Direct,,West,/,3,Application Start,application start,/apply/start,Yes,8,248,5.3,0,No,Premium,,No,,0.0
AV01049,35A8462610AB43B8,C078,,Existing Customer,7/10/2024,13:07,Desktop,Chrome,New,Email,EM_PLANS_Q324,East,/plans/compare,8,Payment & Confirmation,application complete,,No,16,519,1.7,1,No,Plus,3076.43,Yes,ORD00059,3076.43
AV01050,25AEEA071B1D7CF7,,,Anonymous Prospect,7/10/2024,14:43,Mobile,Chrome,New,Paid Social,SOC_RENEW_Q324,North,/,1,Home Page,application educate,/,Bounced/Browsed,3,74,0.9,0,No,Plus,,No,,0.0
AV01051,D13A8BCD35E2B3C8,,,Anonymous Prospect,7/10/2024,15:38,Mobile,Chrome,New,Display,DSP_BRAND_Q324,North,/plans/compare,2,Product Comparison,application educate,/plans/compare,Bounced/Browsed,3,189,1.4,0,No,Plus,,No,,0.0
AV01052,D1994CC962DA6CE8,,,Anonymous Prospect,7/10/2024,16:19,Desktop,Chrome,New,Direct,,North,/,2,Product Comparison,application educate,/plans/compare,Bounced/Browsed,4,141,2.5,0,No,Plus,,No,,0.0
AV01053,DA4BB87275354602,,,Anonymous Prospect,7/10/2024,16:23,Mobile,Firefox,New,Paid Social,SOC_RENEW_Q324,North,/plans/compare,2,Product Comparison,application educate,/plans/compare,Bounced/Browsed,5,143,1.4,0,No,Elite,,No,,0.0
AV01054,888030BD06AE8439,,,Anonymous Prospect,7/10/2024,16:28,Mobile,Safari,New,SEO,,West,/,2,Product Comparison,application educate,/plans/compare,Bounced/Browsed,5,198,4.3,0,No,Premium,,No,,0.0
AV01055,F899E14269858E50,,,Anonymous Prospect,7/10/2024,17:46,Mobile,Safari,New,SEO,,West,/plans/compare,1,Home Page,application educate,/,Bounced/Browsed,1,121,1.3,0,No,Basic,,No,,0.0
AV01056,66A92D713512A443,,,Anonymous Prospect,7/10/2024,20:41,Mobile,Edge,New,SEO,,North,/,1,Home Page,application educate,/,Bounced/Browsed,2,111,5.6,0,No,Basic,,No,,0.0
AV01057,B89049556881179D,,,Anonymous Prospect,7/10/2024,22:58,Mobile,Chrome,New,Direct,,North,/,2,Product Comparison,application educate,/plans/compare,Bounced/Browsed,5,185,4.0,0,No,Plus,,No,,0.0
AV01058,794B0278F9A301C3,,,Anonymous Prospect,7/11/2024,09:06,Mobile,Safari,Returning,Paid Social,SOC_RENEW_Q324,East,/plans/compare,2,Product Comparison,application educate,/plans/compare,Bounced/Browsed,3,191,2.5,0,No,Plus,,No,,0.0
AV01059,9F83C3909257019B,,,Anonymous Prospect,7/11/2024,09:21,Mobile,Chrome,New,Direct Mail,DM_PLUS_Q324,South,/offer,1,Home Page,application educate,/,Bounced/Browsed,3,112,4.7,0,No,Plus,,No,,0.0
AV01060,1AACA25F71915908,,,Anonymous Prospect,7/11/2024,09:38,Desktop,Edge,New,Direct,,East,/,3,Application Start,application start,/apply/start,Yes,8,272,1.4,0,No,Basic,,No,,0.0
AV01061,72DD0AA4FF49C6D5,,,Anonymous Prospect,7/11/2024,10:47,Tablet,Chrome,New,Direct Mail,DM_RENEW_Q324,West,/offer,1,Home Page,application educate,/,Bounced/Browsed,2,109,1.5,0,No,Plus,,No,,0.0
AV01062,AFDEEB3628EF25CC,,,Anonymous Prospect,7/11/2024,12:11,Mobile,Safari,Returning,SEM,SEM_BRAND_Q324,South,/,2,Product Comparison,application educate,/plans/compare,Bounced/Browsed,4,121,1.1,0,No,Premium,,No,,0.0
AV01063,1882FB62E5463538,,L0190,New Lead,7/11/2024,13:03,Mobile,Chrome,New,SEM,SEM_PREMIUM_Q324,South,/,8,Payment & Confirmation,application complete,,No,12,786,3.1,0,No,Premium,4284.81,Yes,ORD00060,4284.81
AV01064,CE6DBBE653AA0334,,,Anonymous Prospect,7/11/2024,13:06,Mobile,Firefox,Returning,Email,EM_BRAND_Q324,North,/plans/compare,1,Home Page,application educate,/,Bounced/Browsed,1,113,1.7,0,No,Premium,,No,,0.0
AV01065,CE5F29FF307CE7D0,,L0191,New Lead,7/11/2024,13:09,Mobile,Edge,New,Affiliate,AFF_RENEW_Q324,East,/plans/compare,7,Review & e-Sign,application submit,/apply/review,Yes,17,423,5.2,1,No,Premium,5757.23,No,,0.0
AV01066,CD193BBF1F9975C7,,,Anonymous Prospect,7/11/2024,16:22,Desktop,Safari,New,SEM,SEM_PLANS_Q324,North,/,1,Home Page,application educate,/,Bounced/Browsed,3,78,1.6,0,No,Plus,,No,,0.0
AV01067,AB218F3672B86DE2,,,Anonymous Prospect,7/11/2024,17:16,Tablet,Safari,New,Paid Social,SOC_RENEW_Q324,East,/plans/compare,2,Product Comparison,application educate,/plans/compare,Bounced/Browsed,4,222,2.4,0,No,Plus,,No,,0.0
AV01068,7B7552305E5DBB11,,,Anonymous Prospect,7/11/2024,18:26,Mobile,Firefox,New,SEM,SEM_PLANS_Q324,South,/,2,Product Comparison,application educate,/plans/compare,Bounced/Browsed,2,162,5.9,0,No,Plus,,No,,0.0
AV01069,03663A3B6F96DFD6,,L0192,New Lead,7/11/2024,20:19,Mobile,Chrome,New,Direct,,East,/,5,Identity Verification,application start,/apply/verify,Yes,8,518,2.4,5,Yes,Basic,,No,,0.0
AV01070,FC89AAAE60421D2D,,,Anonymous Prospect,7/11/2024,21:03,Mobile,Safari,New,SEM,SEM_PLANS_Q324,East,/plans/compare,1,Home Page,application educate,/,Bounced/Browsed,1,80,4.8,0,No,Basic,,No,,0.0
AV01071,FA471006E1DDEE49,,,Anonymous Prospect,7/11/2024,21:36,Mobile,Chrome,Returning,SEM,SEM_BRAND_Q324,South,/,1,Home Page,application educate,/,Bounced/Browsed,3,113,2.1,0,No,Basic,,No,,0.0
AV01072,FF8EAE7EBE2D21FC,,L0193,New Lead,7/11/2024,21:54,Tablet,Edge,New,Paid Social,SOC_SWITCH_Q324,West,/,5,Identity Verification,application start,/apply/verify,Yes,10,426,2.6,1,Yes,Basic,,No,,0.0
AV01073,3D1832C278DCEAD1,,,Anonymous Prospect,7/12/2024,08:15,Mobile,Safari,New,Paid Social,SOC_SWITCH_Q324,South,/plans/compare,1,Home Page,application educate,/,Bounced/Browsed,3,114,2.3,0,No,Plus,,No,,0.0
AV01074,D163355228671571,,L0194,New Lead,7/12/2024,08:56,Mobile,Safari,New,SEM,SEM_BRAND_Q324,East,/,6,Plan Customization & Quote,application submit,/apply/quote,Yes,13,673,4.9,0,No,Premium,5677.74,No,,0.0
AV01075,2F36E4DE74F7E6E6,,,Anonymous Prospect,7/12/2024,12:55,Mobile,Chrome,New,SEM,SEM_PLANS_Q324,West,/,1,Home Page,application educate,/,Bounced/Browsed,1,63,3.4,0,No,Basic,,No,,0.0
AV01076,3D39662CF35DCFB6,,,Anonymous Prospect,7/12/2024,15:44,Mobile,Chrome,Returning,Display,DSP_BRAND_Q324,West,/plans/compare,1,Home Page,application educate,/,Bounced/Browsed,2,110,3.8,0,No,Basic,,No,,0.0
AV01077,B21A62F656E8D203,,,Anonymous Prospect,7/12/2024,16:36,Desktop,Safari,New,SEO,,West,/plans/compare,1,Home Page,application educate,/,Bounced/Browsed,2,90,2.5,0,Yes,Plus,,No,,0.0
AV01078,0CF66042A7224AAE,,,Anonymous Prospect,7/12/2024,16:53,Mobile,Chrome,New,SEM,SEM_RENEW_Q324,West,/,2,Product Comparison,application educate,/plans/compare,Bounced/Browsed,5,196,2.6,0,No,Premium,,No,,0.0
AV01079,E92918ADC9E1BAB6,,,Anonymous Prospect,7/12/2024,19:36,Mobile,Chrome,New,Paid Social,SOC_PLUS_Q324,South,/,1,Home Page,application educate,/,Bounced/Browsed,2,145,1.4,0,No,Plus,,No,,0.0
AV01080,5D846CC66D568A72,,,Anonymous Prospect,7/12/2024,19:55,Mobile,Safari,New,Affiliate,AFF_RENEW_Q324,North,/,1,Home Page,application educate,/,Bounced/Browsed,1,74,3.4,0,No,Premium,,No,,0.0
AV01081,9D793E6CB0DAB59C,,,Anonymous Prospect,7/12/2024,21:54,Mobile,Safari,New,Direct,,South,/,1,Home Page,application educate,/,Bounced/Browsed,2,98,4.6,0,No,Plus,,No,,0.0
AV01082,4889E1AF3E8ECC7A,,,Anonymous Prospect,7/13/2024,06:50,Desktop,Chrome,Returning,SEM,SEM_BRAND_Q324,East,/,1,Home Page,application educate,/,Bounced/Browsed,1,97,2.1,0,No,Plus,,No,,0.0
AV01083,E5CA773CB276AEEA,,L0195,New Lead,7/13/2024,09:15,Mobile,Safari,Returning,Affiliate,AFF_SWITCH_Q324,East,/,8,Payment & Confirmation,application complete,,No,12,828,5.2,0,No,Plus,2571.21,Yes,ORD00061,2571.21
AV01084,3402CAB6FA1E378A,,L0196,New Lead,7/13/2024,09:29,Desktop,Chrome,Returning,Email,EM_BRAND_Q324,North,/,4,Personal Details,application start,/apply/details,Yes,8,386,1.3,2,No,Plus,,No,,0.0
AV01085,E595697E51CCCC70,,,Anonymous Prospect,7/13/2024,09:50,Desktop,Chrome,New,SEM,SEM_RENEW_Q324,West,/,1,Home Page,application educate,/,Bounced/Browsed,3,95,0.6,0,No,Elite,,No,,0.0
AV01086,26FECE7D38B01EFD,,,Anonymous Prospect,7/13/2024,10:49,Mobile,Chrome,New,Direct,,North,/,1,Home Page,application educate,/,Bounced/Browsed,3,160,1.8,0,No,Premium,,No,,0.0
AV01087,D4F5F45A3BB49934,,L0197,New Lead,7/13/2024,11:21,Mobile,Chrome,Returning,Display,DSP_BRAND_Q324,North,/plans/compare,5,Identity Verification,application start,/apply/verify,Yes,8,566,5.8,5,No,Basic,,No,,0.0
AV01088,2945A9D8A8316D39,,,Anonymous Prospect,7/13/2024,11:53,Desktop,Edge,New,SEO,,North,/,1,Home Page,application educate,/,Bounced/Browsed,2,115,2.4,0,No,Basic,,No,,0.0
AV01089,DE8B5EF80F237EE4,,,Anonymous Prospect,7/13/2024,12:14,Mobile,Safari,New,Paid Social,SOC_BRAND_Q324,North,/,1,Home Page,application educate,/,Bounced/Browsed,2,75,3.2,0,No,Plus,,No,,0.0
AV01090,D7106DACD43702AD,,L0198,New Lead,7/13/2024,12:32,Mobile,Edge,New,SEM,SEM_BRAND_Q324,North,/,4,Personal Details,application start,/apply/details,Yes,8,480,2.7,0,No,Basic,,No,,0.0
AV01091,C494CA5186BFBEE0,,,Anonymous Prospect,7/13/2024,12:41,Desktop,Safari,New,SEM,SEM_PLANS_Q324,West,/plans/compare,2,Product Comparison,application educate,/plans/compare,Bounced/Browsed,4,239,2.3,0,No,Plus,,No,,0.0
AV01092,5089B49E07E18F90,,,Anonymous Prospect,7/13/2024,12:51,Desktop,Edge,New,Email,EM_RENEW_Q324,East,/plans/compare,1,Home Page,application educate,/,Bounced/Browsed,3,97,2.3,0,No,Basic,,No,,0.0
AV01093,F4F085046A99434D,C060,,Existing Customer,7/13/2024,13:38,Tablet,Safari,New,Display,DSP_PLUS_Q324,North,/plans/compare,2,Product Comparison,application educate,/plans/compare,Bounced/Browsed,4,233,0.9,0,No,Plus,,No,,0.0
AV01094,9DB1ED7AD1D4AEFA,,L0199,New Lead,7/13/2024,13:47,Mobile,Chrome,Returning,SEM,SEM_PLANS_Q324,East,/,4,Personal Details,application start,/apply/details,Yes,9,307,4.6,4,No,Plus,,No,,0.0
AV01095,00416957BEE30C52,,,Anonymous Prospect,7/13/2024,14:32,Desktop,Chrome,New,SEM,SEM_BRAND_Q324,North,/,2,Product Comparison,application educate,/plans/compare,Bounced/Browsed,4,156,3.0,0,No,Basic,,No,,0.0
AV01096,8F5E8911857D4D32,,,Anonymous Prospect,7/13/2024,14:51,Desktop,Chrome,Returning,Display,DSP_ELITE_Q324,East,/,1,Home Page,application educate,/,Bounced/Browsed,3,145,3.2,0,No,Elite,,No,,0.0
AV01097,E63F3E78FB327775,,L0200,New Lead,7/13/2024,17:34,Desktop,Edge,New,SEO,,North,/plans/compare,6,Plan Customization & Quote,application submit,/apply/quote,Yes,13,580,2.0,1,No,Basic,1653.73,No,,0.0
AV01098,9D3B538C324FA2E0,,,Anonymous Prospect,7/13/2024,19:10,Desktop,Chrome,New,Display,DSP_BASIC_Q324,West,/,1,Home Page,application educate,/,Bounced/Browsed,3,117,1.4,0,No,Basic,,No,,0.0
AV01099,22ADB6C90310FAC0,,,Anonymous Prospect,7/13/2024,19:20,Desktop,Chrome,New,Display,DSP_SWITCH_Q324,East,/,1,Home Page,application educate,/,Bounced/Browsed,3,125,2.5,0,No,Premium,,No,,0.0
AV01100,C7A14A3880252FEC,,,Anonymous Prospect,7/13/2024,20:13,Desktop,Chrome,New,Affiliate,AFF_RENEW_Q324,East,/plans/compare,2,Product Comparison,application educate,/plans/compare,Bounced/Browsed,2,234,0.8,0,No,Plus,,No,,0.0
AV01101,A4378B0FEC02CA55,,L0201,New Lead,7/13/2024,21:53,Mobile,Chrome,Returning,Email,EM_PLANS_Q324,South,/,4,Personal Details,application start,/apply/details,Yes,9,396,5.2,4,No,Basic,,No,,0.0
AV01102,A3A16A1E49F887F5,,,Anonymous Prospect,7/13/2024,22:10,Desktop,Chrome,New,Direct,,West,/,2,Product Comparison,application educate,/plans/compare,Bounced/Browsed,3,258,3.1,0,No,Basic,,No,,0.0
AV01103,244F0DFCC7DC4BD2,C055,,Existing Customer,7/14/2024,06:04,Mobile,Chrome,Returning,Email,EM_BRAND_Q324,South,/plans/compare,2,Product Comparison,application educate,/plans/compare,Bounced/Browsed,6,240,2.4,0,No,Basic,,No,,0.0
AV01104,3BAF8A1351F04CB0,,L0202,New Lead,7/14/2024,06:06,Desktop,Safari,New,SEO,,North,/,8,Payment & Confirmation,application complete,,No,16,579,2.9,1,No,Plus,3120.49,Yes,ORD00062,3120.49
AV01105,3230F4880DCC462A,,,Anonymous Prospect,7/14/2024,06:51,Mobile,Safari,New,Direct,,West,/,1,Home Page,application educate,/,Bounced/Browsed,1,89,5.4,0,No,Plus,,No,,0.0
AV01106,CE8E659A7CCBE85C,,,Anonymous Prospect,7/14/2024,09:36,Tablet,Safari,New,SEO,,South,/,1,Home Page,application educate,/,Bounced/Browsed,4,132,1.9,0,No,Plus,,No,,0.0
AV01107,C6CDDC251B9F17EB,,,Anonymous Prospect,7/14/2024,10:42,Mobile,Safari,New,Affiliate,AFF_SWITCH_Q324,South,/plans/compare,2,Product Comparison,application educate,/plans/compare,Bounced/Browsed,5,167,5.6,0,No,Basic,,No,,0.0
AV01108,08370818F04BC32A,,,Anonymous Prospect,7/14/2024,10:50,Tablet,Samsung Internet,New,Email,EM_BRAND_Q324,North,/,2,Product Comparison,application educate,/plans/compare,Bounced/Browsed,4,202,1.8,0,No,Basic,,No,,0.0
AV01109,0D4AB6E31A3BBA63,,,Anonymous Prospect,7/14/2024,14:28,Desktop,Safari,New,SEM,SEM_PLANS_Q324,North,/,2,Product Comparison,application educate,/plans/compare,Bounced/Browsed,4,116,1.7,0,No,Plus,,No,,0.0
AV01110,74E85DD6D08ECAC6,,,Anonymous Prospect,7/14/2024,14:43,Mobile,Chrome,New,Direct Mail,DM_SWITCH_Q324,East,/offer,1,Home Page,application educate,/,Bounced/Browsed,1,93,1.6,0,No,Plus,,No,,0.0
AV01111,F08561C3EBC26843,C074,,Existing Customer,7/14/2024,14:51,Mobile,Safari,Returning,Direct Mail,DM_RENEW_Q324,North,/offer,8,Payment & Confirmation,application complete,,No,18,853,5.1,1,No,Elite,7788.1,Yes,ORD00063,7788.1
AV01112,50E12724C4361448,,,Anonymous Prospect,7/14/2024,15:17,Desktop,Safari,New,Direct,,South,/,2,Product Comparison,application educate,/plans/compare,Bounced/Browsed,4,257,2.5,0,No,Plus,,No,,0.0
AV01113,CFDB5E1AB3608243,,,Anonymous Prospect,7/14/2024,16:54,Mobile,Safari,Returning,SEM,SEM_RENEW_Q324,East,/plans/compare,1,Home Page,application educate,/,Bounced/Browsed,3,115,4.7,0,No,Premium,,No,,0.0
AV01114,26D137173564FFE5,,L0203,New Lead,7/14/2024,18:07,Mobile,Edge,New,Email,EM_SWITCH_Q324,South,/,7,Review & e-Sign,application submit,/apply/review,Yes,11,372,1.2,2,No,Premium,4846.11,No,,0.0
AV01115,30E6B312267C02A8,,,Anonymous Prospect,7/14/2024,18:07,Tablet,Firefox,New,SEO,,South,/,2,Product Comparison,application educate,/plans/compare,Bounced/Browsed,4,136,1.9,0,No,Basic,,No,,0.0
AV01116,7F4043A4787EEEBF,,L0204,New Lead,7/14/2024,18:26,Desktop,Chrome,New,Paid Social,SOC_BRAND_Q324,South,/plans/compare,8,Payment & Confirmation,application complete,,No,12,575,1.6,0,No,Basic,1828.33,Yes,ORD00064,1828.33
AV01117,3CA9A8CAAFFFB82D,,,Anonymous Prospect,7/14/2024,18:36,Desktop,Safari,New,Email,EM_PLANS_Q324,South,/,2,Product Comparison,application educate,/plans/compare,Bounced/Browsed,3,205,2.2,0,No,Premium,,No,,0.0
AV01118,D460437837F6B82A,,,Anonymous Prospect,7/14/2024,18:50,Desktop,Safari,New,Display,DSP_BASIC_Q324,West,/,2,Product Comparison,application educate,/plans/compare,Bounced/Browsed,4,119,1.5,0,No,Basic,,No,,0.0
AV01119,295C8E258C03B7EE,,L0205,New Lead,7/14/2024,19:33,Mobile,Chrome,New,Direct Mail,DM_BRAND_Q324,North,/offer,5,Identity Verification,application start,/apply/verify,Yes,10,433,1.8,3,No,Basic,,No,,0.0
AV01120,C992EA1B439FE5BE,,,Anonymous Prospect,7/14/2024,20:51,Mobile,Safari,New,SEO,,North,/,2,Product Comparison,application educate,/plans/compare,Bounced/Browsed,5,231,4.4,0,No,Premium,,No,,0.0
AV01121,2720BD0E1C510591,,,Anonymous Prospect,7/14/2024,21:00,Mobile,Chrome,New,SEM,SEM_BASIC_Q324,East,/plans/compare,1,Home Page,application educate,/,Bounced/Browsed,3,60,2.6,0,No,Basic,,No,,0.0
AV01122,D0FCC8CCC6E9EB11,,,Anonymous Prospect,7/14/2024,21:20,Mobile,Safari,New,Email,EM_BASIC_Q324,East,/,1,Home Page,application educate,/,Bounced/Browsed,3,128,3.9,0,No,Basic,,No,,0.0
AV01123,B716F506389A809E,,,Anonymous Prospect,7/14/2024,21:39,Mobile,Safari,Returning,Paid Social,SOC_PLANS_Q324,East,/,1,Home Page,application educate,/,Bounced/Browsed,2,141,1.9,0,Yes,Plus,,No,,0.0
AV01124,C2A30594F6F7FEAF,,,Anonymous Prospect,7/14/2024,22:57,Mobile,Samsung Internet,New,Paid Social,SOC_BRAND_Q324,South,/plans/compare,1,Home Page,application educate,/,Bounced/Browsed,3,144,4.0,0,Yes,Basic,,No,,0.0
AV01125,B40045BF2C160A95,,L0206,New Lead,7/15/2024,07:22,Mobile,Chrome,New,Email,EM_PLUS_Q324,West,/,5,Identity Verification,application start,/apply/verify,Yes,11,448,1.0,7,No,Plus,,No,,0.0
AV01126,CA06329468B1EA4A,,,Anonymous Prospect,7/15/2024,07:42,Desktop,Chrome,New,Direct,,West,/,2,Product Comparison,application educate,/plans/compare,Bounced/Browsed,4,124,1.6,0,No,Basic,,No,,0.0
AV01127,16A7F7C43516DC65,,,Anonymous Prospect,7/15/2024,08:13,Mobile,Samsung Internet,New,Affiliate,AFF_SWITCH_Q324,North,/,2,Product Comparison,application educate,/plans/compare,Bounced/Browsed,3,196,1.9,0,No,Basic,,No,,0.0
AV01128,2D86D4F9023D671A,,L0207,New Lead,7/15/2024,11:09,Mobile,Chrome,New,Email,EM_SWITCH_Q324,North,/,7,Review & e-Sign,application submit,/apply/review,Yes,9,615,4.7,2,No,Premium,6583.24,No,,0.0
AV01129,1EE408B0AA1E4CA5,,,Anonymous Prospect,7/15/2024,13:01,Mobile,Safari,New,Direct Mail,DM_BRAND_Q324,West,/offer,1,Home Page,application educate,/,Bounced/Browsed,1,129,3.2,0,No,Premium,,No,,0.0
AV01130,CEE1DFF214F01FD6,,,Anonymous Prospect,7/15/2024,13:16,Mobile,Chrome,New,Display,DSP_SWITCH_Q324,East,/,2,Product Comparison,application educate,/plans/compare,Bounced/Browsed,4,154,1.5,0,No,Basic,,No,,0.0
AV01131,1B36ED06A9942FF1,,,Anonymous Prospect,7/15/2024,15:29,Mobile,Safari,New,Email,EM_RENEW_Q324,North,/plans/compare,1,Home Page,application educate,/,Bounced/Browsed,3,80,2.7,0,No,Basic,,No,,0.0
AV01132,8BE9318BA3B2E95E,,,Anonymous Prospect,7/15/2024,18:06,Mobile,Chrome,New,SEM,SEM_RENEW_Q324,South,/,2,Product Comparison,application educate,/plans/compare,Bounced/Browsed,4,261,3.0,0,No,Elite,,No,,0.0
AV01133,BF1DE730DB6E890C,,,Anonymous Prospect,7/15/2024,18:47,Mobile,Edge,New,SEM,SEM_RENEW_Q324,South,/,2,Product Comparison,application educate,/plans/compare,Bounced/Browsed,3,129,3.3,0,No,Plus,,No,,0.0
AV01134,BA9C7DF11E4B251C,,,Anonymous Prospect,7/15/2024,21:19,Mobile,Chrome,New,SEM,SEM_SWITCH_Q324,East,/,1,Home Page,application educate,/,Bounced/Browsed,4,93,1.2,0,No,Elite,,No,,0.0
AV01135,B837250FC610878A,,,Anonymous Prospect,7/15/2024,21:54,Mobile,Chrome,New,SEO,,East,/plans/compare,1,Home Page,application educate,/,Bounced/Browsed,1,70,5.0,0,No,Premium,,No,,0.0
AV01136,DB63F1793A8AD5B8,,,Anonymous Prospect,7/16/2024,06:08,Mobile,Edge,New,SEM,SEM_SWITCH_Q324,South,/,1,Home Page,application educate,/,Bounced/Browsed,3,99,2.1,0,No,Basic,,No,,0.0
AV01137,4D20985E5D94F762,,,Anonymous Prospect,7/16/2024,06:21,Mobile,Samsung Internet,New,SEO,,North,/,1,Home Page,application educate,/,Bounced/Browsed,1,93,2.9,0,No,Plus,,No,,0.0
AV01138,3DFD8643C0B95A28,,,Anonymous Prospect,7/16/2024,07:02,Mobile,Edge,New,SEM,SEM_RENEW_Q324,East,/plans/compare,2,Product Comparison,application educate,/plans/compare,Bounced/Browsed,6,211,2.0,0,No,Basic,,No,,0.0
AV01139,1F936E224C697930,,,Anonymous Prospect,7/16/2024,08:57,Mobile,Chrome,Returning,SEM,SEM_BRAND_Q324,South,/,1,Home Page,application educate,/,Bounced/Browsed,3,79,0.8,0,No,Basic,,No,,0.0
AV01140,138ACEE86EA2B880,,,Anonymous Prospect,7/16/2024,10:52,Mobile,Safari,New,Direct,,South,/,1,Home Page,application educate,/,Bounced/Browsed,1,154,2.5,0,No,Premium,,No,,0.0
AV01141,81E911E638E82AA5,,,Anonymous Prospect,7/16/2024,13:21,Desktop,Safari,New,Email,EM_SWITCH_Q324,East,/,1,Home Page,application educate,/,Bounced/Browsed,4,133,1.9,0,No,Premium,,No,,0.0
AV01142,95784FCE1C8A70EF,,,Anonymous Prospect,7/16/2024,13:32,Mobile,Chrome,New,SEO,,North,/,1,Home Page,application educate,/,Bounced/Browsed,2,132,1.9,0,No,Plus,,No,,0.0
AV01143,F2D1FEF90DECFB82,,,Anonymous Prospect,7/16/2024,15:28,Mobile,Firefox,New,Paid Social,SOC_SWITCH_Q324,East,/,1,Home Page,application educate,/,Bounced/Browsed,2,94,2.6,0,No,Basic,,No,,0.0
AV01144,B0F38BBE16F66065,,,Anonymous Prospect,7/16/2024,15:30,Desktop,Safari,New,Direct,,South,/,1,Home Page,application educate,/,Bounced/Browsed,2,133,2.2,0,No,Premium,,No,,0.0
AV01145,853800A1B81B52AE,,,Anonymous Prospect,7/16/2024,16:03,Mobile,Chrome,New,SEO,,South,/,1,Home Page,application educate,/,Bounced/Browsed,3,111,4.9,0,No,Premium,,No,,0.0
AV01146,C58B69EF163E999D,,,Anonymous Prospect,7/16/2024,17:31,Desktop,Safari,New,SEM,SEM_BRAND_Q324,South,/,1,Home Page,application educate,/,Bounced/Browsed,3,121,2.9,0,No,Basic,,No,,0.0
AV01147,59F985439819E9B9,,,Anonymous Prospect,7/16/2024,17:44,Tablet,Safari,New,Paid Social,SOC_SWITCH_Q324,South,/plans/compare,2,Product Comparison,application educate,/plans/compare,Bounced/Browsed,5,180,1.7,0,No,Basic,,No,,0.0
AV01148,E9D4537903ED24C8,,,Anonymous Prospect,7/16/2024,19:57,Tablet,Safari,New,Direct,,East,/,2,Product Comparison,application educate,/plans/compare,Bounced/Browsed,5,236,1.6,0,No,Plus,,No,,0.0
AV01149,7D2E29620D60B2B0,,,Anonymous Prospect,7/17/2024,06:02,Tablet,Chrome,New,Direct,,South,/,2,Product Comparison,application educate,/plans/compare,Bounced/Browsed,5,240,2.9,0,No,Plus,,No,,0.0
AV01150,33267682F2C68023,,L0208,New Lead,7/17/2024,06:21,Desktop,Samsung Internet,New,Email,EM_SWITCH_Q324,West,/plans/compare,8,Payment & Confirmation,application complete,,No,14,573,2.7,0,No,Plus,3856.7,Yes,ORD00065,3856.7
AV01151,C0D043C5C37AA939,,,Anonymous Prospect,7/17/2024,06:38,Mobile,Safari,Returning,Direct Mail,DM_SWITCH_Q324,North,/offer,1,Home Page,application educate,/,Bounced/Browsed,3,96,2.4,0,No,Premium,,No,,0.0
AV01152,F18085CBE0EB24CD,,,Anonymous Prospect,7/17/2024,09:15,Mobile,Chrome,Returning,SEO,,East,/,1,Home Page,application educate,/,Bounced/Browsed,4,139,0.6,0,Yes,Premium,,No,,0.0
AV01153,44E7874861E6A785,,,Anonymous Prospect,7/17/2024,09:25,Desktop,Edge,Returning,SEO,,South,/,1,Home Page,application educate,/,Bounced/Browsed,4,141,2.0,0,No,Elite,,No,,0.0
AV01154,B8F3272AC3B519E9,,,Anonymous Prospect,7/17/2024,09:54,Desktop,Firefox,New,SEM,SEM_RENEW_Q324,West,/,1,Home Page,application educate,/,Bounced/Browsed,3,125,2.1,0,No,Elite,,No,,0.0
AV01155,0AB608666BC98268,,,Anonymous Prospect,7/17/2024,10:34,Desktop,Edge,New,Display,DSP_ELITE_Q324,West,/,2,Product Comparison,application educate,/plans/compare,Bounced/Browsed,5,112,0.6,0,No,Elite,,No,,0.0
AV01156,825CE9B085783F4B,,,Anonymous Prospect,7/17/2024,12:39,Mobile,Chrome,New,Direct,,North,/,2,Product Comparison,application educate,/plans/compare,Bounced/Browsed,5,223,1.6,0,No,Basic,,No,,0.0
AV01157,1C2A72D68BE05460,,,Anonymous Prospect,7/17/2024,13:07,Tablet,Chrome,Returning,SEM,SEM_BASIC_Q324,East,/plans/compare,1,Home Page,application educate,/,Bounced/Browsed,1,140,1.7,0,No,Basic,,No,,0.0
AV01158,19F7234C161B2D84,,L0209,New Lead,7/17/2024,13:23,Desktop,Chrome,Returning,Display,DSP_BRAND_Q324,South,/plans/compare,5,Identity Verification,application start,/apply/verify,Yes,9,479,3.4,2,No,Basic,,No,,0.0
AV01159,29B0C0645C418CFB,,,Anonymous Prospect,7/17/2024,14:21,Desktop,Safari,Returning,Paid Social,SOC_PLUS_Q324,South,/,1,Home Page,application educate,/,Bounced/Browsed,1,97,1.5,0,No,Plus,,No,,0.0
AV01160,041E76832ED66752,,,Anonymous Prospect,7/17/2024,14:25,Mobile,Chrome,New,Affiliate,AFF_BASIC_Q324,South,/,2,Product Comparison,application educate,/plans/compare,Bounced/Browsed,3,159,0.8,0,No,Basic,,No,,0.0
AV01161,3FCC5100F1E77A27,,,Anonymous Prospect,7/17/2024,14:39,Desktop,Safari,New,Paid Social,SOC_PLANS_Q324,South,/,1,Home Page,application educate,/,Bounced/Browsed,3,102,2.1,0,No,Premium,,No,,0.0
AV01162,CDE62A9EFF623AC7,,,Anonymous Prospect,7/17/2024,14:48,Mobile,Edge,New,Affiliate,AFF_SWITCH_Q324,North,/plans/compare,2,Product Comparison,application educate,/plans/compare,Bounced/Browsed,5,134,2.4,0,No,Premium,,No,,0.0
AV01163,38E3E735DC54B642,,,Anonymous Prospect,7/17/2024,17:17,Mobile,Safari,New,SEO,,West,/,1,Home Page,application educate,/,Bounced/Browsed,3,114,2.2,0,No,Basic,,No,,0.0
AV01164,8B243B73EF9CD50F,,L0210,New Lead,7/17/2024,18:31,Mobile,Chrome,New,Email,EM_BRAND_Q324,East,/,5,Identity Verification,application start,/apply/verify,Yes,9,316,1.6,3,No,Premium,,No,,0.0
AV01165,42655856B7CCD4F8,,,Anonymous Prospect,7/18/2024,06:03,Desktop,Chrome,Returning,SEO,,East,/,1,Home Page,application educate,/,Bounced/Browsed,4,96,1.8,0,No,Elite,,No,,0.0
AV01166,0D760CE938BCF621,,,Anonymous Prospect,7/18/2024,06:13,Mobile,Chrome,New,Affiliate,AFF_PLANS_Q324,East,/,2,Product Comparison,application educate,/plans/compare,Bounced/Browsed,3,151,1.8,0,No,Basic,,No,,0.0
AV01167,1F58FEE0B0378CB4,,,Anonymous Prospect,7/18/2024,07:03,Desktop,Chrome,New,Direct Mail,DM_PLANS_Q324,East,/offer,1,Home Page,application educate,/,Bounced/Browsed,2,113,0.9,0,No,Basic,,No,,0.0
AV01168,2E088F9A3723AA23,,,Anonymous Prospect,7/18/2024,07:24,Desktop,Chrome,New,Paid Social,SOC_RENEW_Q324,East,/,1,Home Page,application educate,/,Bounced/Browsed,3,98,0.9,0,No,Premium,,No,,0.0
AV01169,8192209515C548DC,,,Anonymous Prospect,7/18/2024,07:35,Mobile,Safari,New,SEM,SEM_BRAND_Q324,West,/,2,Product Comparison,application educate,/plans/compare,Bounced/Browsed,3,165,3.8,0,No,Basic,,No,,0.0
AV01170,30CB9C2C9BB4F34E,,L0211,New Lead,7/18/2024,11:39,Desktop,Safari,Returning,SEM,SEM_BASIC_Q324,East,/plans/compare,8,Payment & Confirmation,application complete,,No,18,802,1.1,0,No,Basic,1576.69,Yes,ORD00066,1576.69
AV01171,04013CF1A926983A,,L0212,New Lead,7/18/2024,11:49,Tablet,Safari,New,Affiliate,AFF_PLANS_Q324,West,/plans/compare,4,Personal Details,application start,/apply/details,Yes,11,364,1.6,0,No,Premium,,No,,0.0
AV01172,8208944F538EE933,,L0213,New Lead,7/18/2024,13:29,Desktop,Chrome,New,Direct Mail,DM_BRAND_Q324,West,/offer,6,Plan Customization & Quote,application submit,/apply/quote,Yes,10,434,2.5,2,No,Premium,5188.4,No,,0.0
AV01173,F72BADEE77E2BFFF,,,Anonymous Prospect,7/18/2024,14:03,Tablet,Chrome,Returning,Direct,,West,/,1,Home Page,application educate,/,Bounced/Browsed,4,86,3.8,0,No,Basic,,No,,0.0
AV01174,EC75D2FAC08A0D0B,,,Anonymous Prospect,7/18/2024,16:28,Mobile,Safari,New,SEO,,North,/,2,Product Comparison,application educate,/plans/compare,Bounced/Browsed,4,111,4.6,0,No,Elite,,No,,0.0
AV01175,B492FF4B3A110878,C059,,Existing Customer,7/18/2024,17:17,Mobile,Safari,New,SEO,,West,/plans/compare,7,Review & e-Sign,application submit,/apply/review,Yes,10,581,2.5,3,No,Plus,3795.31,No,,0.0
AV01176,D991143F8A4AC8B2,,,Anonymous Prospect,7/18/2024,17:29,Mobile,Chrome,New,Direct,,South,/,1,Home Page,application educate,/,Bounced/Browsed,3,117,0.8,0,No,Plus,,No,,0.0
AV01177,B3B8020410081892,,L0214,New Lead,7/18/2024,17:59,Mobile,Chrome,Returning,SEM,SEM_BRAND_Q324,North,/plans/compare,5,Identity Verification,application start,/apply/verify,Yes,10,393,1.5,3,No,Basic,,No,,0.0
AV01178,7757718F480F5FFB,,,Anonymous Prospect,7/18/2024,19:39,Tablet,Safari,Returning,Email,EM_BASIC_Q324,West,/,1,Home Page,application educate,/,Bounced/Browsed,3,79,2.3,0,No,Basic,,No,,0.0
AV01179,E18FC69E09BBF43F,,,Anonymous Prospect,7/18/2024,20:21,Desktop,Safari,New,Paid Social,SOC_PREMIUM_Q324,West,/,1,Home Page,application educate,/,Bounced/Browsed,2,81,2.1,0,No,Premium,,No,,0.0
AV01180,87B603B9B108D98C,,L0215,New Lead,7/19/2024,07:02,Desktop,Safari,New,Email,EM_BRAND_Q324,North,/,6,Plan Customization & Quote,application submit,/apply/quote,Yes,10,669,3.6,3,No,Basic,2084.33,No,,0.0
AV01181,03B10B55B963A937,,L0216,New Lead,7/19/2024,07:26,Mobile,Chrome,New,Direct Mail,DM_RENEW_Q324,South,/offer,5,Identity Verification,application start,/apply/verify,Yes,8,471,1.2,2,Yes,Plus,,No,,0.0
AV01182,560309A1531D85C1,,,Anonymous Prospect,7/19/2024,08:39,Mobile,Chrome,New,SEO,,West,/plans/compare,1,Home Page,application educate,/,Bounced/Browsed,2,141,5.0,0,No,Basic,,No,,0.0
AV01183,66A4249E9B4B5E50,,,Anonymous Prospect,7/19/2024,09:48,Mobile,Chrome,New,Direct Mail,DM_BRAND_Q324,North,/offer,1,Home Page,application educate,/,Bounced/Browsed,3,115,2.6,0,No,Plus,,No,,0.0
AV01184,D4125DF3353AA764,,L0217,New Lead,7/19/2024,10:31,Desktop,Safari,Returning,SEM,SEM_BRAND_Q324,South,/plans/compare,8,Payment & Confirmation,application complete,,No,15,883,2.6,0,No,Premium,4438.85,Yes,ORD00067,4438.85
AV01185,DC6CC1F778667B86,,L0218,New Lead,7/19/2024,17:25,Mobile,Chrome,Returning,Email,EM_SWITCH_Q324,North,/plans/compare,8,Payment & Confirmation,application complete,,No,19,656,0.8,0,No,Basic,2135.87,Yes,ORD00068,2135.87
AV01186,EAE7D9FCAFDC3EF2,,,Anonymous Prospect,7/19/2024,17:51,Desktop,Edge,Returning,Email,EM_ELITE_Q324,East,/,2,Product Comparison,application educate,/plans/compare,Bounced/Browsed,3,177,1.4,0,No,Elite,,No,,0.0
AV01187,796B38DFD552F052,,L0219,New Lead,7/19/2024,18:43,Desktop,Safari,New,Direct,,South,/,4,Personal Details,application start,/apply/details,Yes,7,299,2.8,1,No,Plus,,No,,0.0
AV01188,3E7C41F8D0E500B9,,,Anonymous Prospect,7/19/2024,19:06,Mobile,Safari,New,Affiliate,AFF_PLANS_Q324,East,/,2,Product Comparison,application educate,/plans/compare,Bounced/Browsed,3,185,2.7,0,No,Basic,,No,,0.0
AV01189,586855C8D3AEC77B,,,Anonymous Prospect,7/19/2024,20:21,Mobile,Edge,New,SEM,SEM_BASIC_Q324,East,/,1,Home Page,application educate,/,Bounced/Browsed,3,139,2.6,0,No,Basic,,No,,0.0
AV01190,75296184F2CAD7A6,,,Anonymous Prospect,7/19/2024,21:35,Mobile,Chrome,New,Direct,,East,/,1,Home Page,application educate,/,Bounced/Browsed,4,132,2.2,0,No,Basic,,No,,0.0
AV01191,222A86B6979A3DBF,,L0220,New Lead,7/19/2024,22:13,Mobile,Chrome,Returning,SEO,,East,/plans/compare,4,Personal Details,application start,/apply/details,Yes,8,366,1.7,0,No,Elite,,No,,0.0
AV01192,E06D85B13854EADE,,,Anonymous Prospect,7/20/2024,07:24,Mobile,Safari,New,Paid Social,SOC_SWITCH_Q324,North,/,2,Product Comparison,application educate,/plans/compare,Bounced/Browsed,4,185,2.5,0,No,Basic,,No,,0.0
AV01193,CD59DC00375F3882,,,Anonymous Prospect,7/20/2024,09:04,Mobile,Safari,New,Affiliate,AFF_RENEW_Q324,North,/,1,Home Page,application educate,/,Bounced/Browsed,1,117,2.6,0,No,Plus,,No,,0.0
AV01194,AFB3FC06B7A52FAC,,,Anonymous Prospect,7/20/2024,09:23,Desktop,Chrome,New,Affiliate,AFF_SWITCH_Q324,East,/,2,Product Comparison,application educate,/plans/compare,Bounced/Browsed,5,129,1.9,0,No,Basic,,No,,0.0
AV01195,5490D9978A9D41EE,,L0221,New Lead,7/20/2024,09:32,Mobile,Chrome,Returning,Display,DSP_PREMIUM_Q324,West,/,6,Plan Customization & Quote,application submit,/apply/quote,Yes,12,642,1.0,2,No,Premium,4593.21,No,,0.0
AV01196,CDE8FBBC985CE948,,,Anonymous Prospect,7/20/2024,10:06,Mobile,Safari,New,Display,DSP_SWITCH_Q324,North,/,1,Home Page,application educate,/,Bounced/Browsed,4,105,4.1,0,No,Elite,,No,,0.0
AV01197,6235E73D182D337F,,,Anonymous Prospect,7/20/2024,10:08,Tablet,Chrome,New,SEM,SEM_PREMIUM_Q324,North,/plans/compare,2,Product Comparison,application educate,/plans/compare,Bounced/Browsed,6,181,2.4,0,No,Premium,,No,,0.0
AV01198,69E375C75DBE5411,,L0222,New Lead,7/20/2024,10:30,Tablet,Safari,New,Email,EM_RENEW_Q324,South,/plans/compare,5,Identity Verification,application start,/apply/verify,Yes,9,547,1.9,2,No,Basic,,No,,0.0
AV01199,6CBFD57BDEF0D64D,,L0223,New Lead,7/20/2024,13:07,Mobile,Edge,Returning,Email,EM_SWITCH_Q324,South,/,8,Payment & Confirmation,application complete,,No,11,661,2.2,0,No,Premium,4219.85,Yes,ORD00069,4219.85
AV01200,F1EFF18AD2223450,,,Anonymous Prospect,7/20/2024,14:08,Mobile,Firefox,New,SEO,,North,/plans/compare,1,Home Page,application educate,/,Bounced/Browsed,2,100,1.6,0,No,Plus,,No,,0.0
AV01201,417B8CA28D47EB15,,,Anonymous Prospect,7/20/2024,16:18,Desktop,Safari,Returning,SEO,,North,/,1,Home Page,application educate,/,Bounced/Browsed,1,117,3.1,0,No,Elite,,No,,0.0
AV01202,29F91A8EE65D087F,,,Anonymous Prospect,7/20/2024,16:30,Mobile,Chrome,Returning,SEM,SEM_PLUS_Q324,North,/plans/compare,3,Application Start,application start,/apply/start,Yes,6,285,1.6,0,No,Plus,,No,,0.0
AV01203,142271A351183D99,,L0224,New Lead,7/20/2024,17:29,Mobile,Safari,Returning,SEM,SEM_BRAND_Q324,West,/,8,Payment & Confirmation,application complete,,No,20,738,1.8,1,No,Basic,1258.29,Yes,ORD00070,1258.29
AV01204,5E5487FA8370F43C,,,Anonymous Prospect,7/20/2024,18:31,Tablet,Chrome,New,Affiliate,AFF_PLUS_Q324,West,/plans/compare,1,Home Page,application educate,/,Bounced/Browsed,3,104,2.0,0,No,Plus,,No,,0.0
AV01205,20BF50C685E4016E,,,Anonymous Prospect,7/20/2024,18:46,Mobile,Safari,Returning,Email,EM_SWITCH_Q324,North,/,2,Product Comparison,application educate,/plans/compare,Bounced/Browsed,3,245,4.2,0,No,Premium,,No,,0.0
AV01206,2F410D3528CE9C60,,,Anonymous Prospect,7/20/2024,20:01,Mobile,Safari,New,Direct Mail,DM_BRAND_Q324,North,/offer,2,Product Comparison,application educate,/plans/compare,Bounced/Browsed,5,140,4.5,0,No,Plus,,No,,0.0
AV01207,0E62F3619995FBE4,,,Anonymous Prospect,7/20/2024,21:28,Mobile,Safari,Returning,Display,DSP_SWITCH_Q324,West,/plans/compare,1,Home Page,application educate,/,Bounced/Browsed,3,86,3.6,0,No,Basic,,No,,0.0
AV01208,AA5D19C245A53310,,,Anonymous Prospect,7/20/2024,22:00,Desktop,Chrome,New,Paid Social,SOC_BASIC_Q324,North,/,1,Home Page,application educate,/,Bounced/Browsed,2,121,0.6,0,No,Basic,,No,,0.0
AV01209,210483C85108DE15,,,Anonymous Prospect,7/21/2024,06:12,Tablet,Chrome,New,Direct,,East,/,1,Home Page,application educate,/,Bounced/Browsed,1,122,2.0,0,No,Elite,,No,,0.0
AV01210,2B8D7D4BA0CD3042,C012,,Existing Customer,7/21/2024,08:01,Desktop,Chrome,New,SEO,,West,/plans/compare,1,Home Page,application educate,/,Bounced/Browsed,2,68,2.6,0,No,Plus,,No,,0.0
AV01211,5D8C3F455C362F99,,,Anonymous Prospect,7/21/2024,09:27,Desktop,Chrome,New,Affiliate,AFF_PLANS_Q324,South,/,1,Home Page,application educate,/,Bounced/Browsed,3,125,1.8,0,No,Elite,,No,,0.0
AV01212,9D16273A0F202226,,,Anonymous Prospect,7/21/2024,13:09,Mobile,Edge,New,Display,DSP_RENEW_Q324,South,/,1,Home Page,application educate,/,Bounced/Browsed,2,106,2.0,0,No,Basic,,No,,0.0
AV01213,5273D0E600200245,,L0225,New Lead,7/21/2024,13:37,Mobile,Chrome,New,Display,DSP_ELITE_Q324,East,/,6,Plan Customization & Quote,application submit,/apply/quote,Yes,14,609,1.0,4,No,Elite,8844.96,No,,0.0
AV01214,0D93CC8EABACF4FF,,,Anonymous Prospect,7/21/2024,16:19,Mobile,Samsung Internet,Returning,SEO,,West,/plans/compare,1,Home Page,application educate,/,Bounced/Browsed,1,99,2.5,0,No,Plus,,No,,0.0
AV01215,82DD2CAAB9B9291D,,,Anonymous Prospect,7/21/2024,18:05,Mobile,Firefox,New,Direct Mail,DM_ELITE_Q324,West,/offer,3,Application Start,application start,/apply/start,Yes,7,287,2.3,0,No,Elite,,No,,0.0
AV01216,6ACE47E5270B0648,,,Anonymous Prospect,7/21/2024,18:28,Mobile,Samsung Internet,New,Direct,,East,/,2,Product Comparison,application educate,/plans/compare,Bounced/Browsed,4,166,5.3,0,Yes,Basic,,No,,0.0
AV01217,A820DE85476B6F38,,L0226,New Lead,7/21/2024,18:28,Desktop,Samsung Internet,New,SEM,SEM_SWITCH_Q324,West,/,8,Payment & Confirmation,application complete,,No,20,516,2.2,1,No,Basic,1919.21,Yes,ORD00071,1919.21
AV01218,32D36B64C40CFBD9,,,Anonymous Prospect,7/21/2024,18:30,Desktop,Safari,New,SEO,,West,/,2,Product Comparison,application educate,/plans/compare,Bounced/Browsed,4,255,2.7,0,No,Elite,,No,,0.0
AV01219,BC54896912EFCB75,,,Anonymous Prospect,7/21/2024,19:14,Desktop,Safari,New,SEO,,East,/,2,Product Comparison,application educate,/plans/compare,Bounced/Browsed,3,131,2.1,0,No,Plus,,No,,0.0
AV01220,0E1242D6EFCEB0A3,,L0227,New Lead,7/21/2024,19:23,Desktop,Edge,New,SEO,,West,/plans/compare,5,Identity Verification,application start,/apply/verify,Yes,11,297,1.1,1,No,Premium,,No,,0.0
AV01221,19E76D8C081603F6,,,Anonymous Prospect,7/21/2024,20:27,Desktop,Chrome,New,Paid Social,SOC_SWITCH_Q324,West,/,1,Home Page,application educate,/,Bounced/Browsed,3,117,3.2,0,No,Elite,,No,,0.0
AV01222,5AC8D040DAB41853,,,Anonymous Prospect,7/21/2024,21:04,Desktop,Chrome,New,SEO,,West,/,2,Product Comparison,application educate,/plans/compare,Bounced/Browsed,5,181,2.8,0,No,Elite,,No,,0.0
AV01223,6258715BA5E9AA11,,L0228,New Lead,7/21/2024,21:05,Mobile,Chrome,New,SEM,SEM_PLUS_Q324,West,/,5,Identity Verification,application start,/apply/verify,Yes,11,409,3.7,3,No,Plus,,No,,0.0
AV01224,236720EE38811F70,,,Anonymous Prospect,7/22/2024,06:05,Mobile,Safari,New,SEO,,North,/,2,Product Comparison,application educate,/plans/compare,Bounced/Browsed,4,185,4.1,0,No,Plus,,No,,0.0
AV01225,BCD38F87CE1123A8,,L0229,New Lead,7/22/2024,08:39,Mobile,Chrome,New,Email,EM_PLANS_Q324,East,/,8,Payment & Confirmation,application complete,,No,17,647,2.1,1,No,Premium,5295.97,Yes,ORD00072,5295.97
AV01226,D4C1AE55FF623BD8,,,Anonymous Prospect,7/22/2024,11:09,Desktop,Safari,New,SEO,,West,/plans/compare,1,Home Page,application educate,/,Bounced/Browsed,3,108,1.3,0,No,Plus,,No,,0.0
AV01227,885B4FD06237B701,,L0230,New Lead,7/22/2024,11:16,Desktop,Safari,New,SEO,,South,/,5,Identity Verification,application start,/apply/verify,Yes,11,339,1.6,2,No,Premium,,No,,0.0
AV01228,30A1643112840F6B,C017,,Existing Customer,7/22/2024,11:48,Mobile,Chrome,New,SEM,SEM_BRAND_Q324,South,/plans/compare,4,Personal Details,application start,/apply/details,Yes,8,447,2.8,3,No,Basic,,No,,0.0
AV01229,17A4C8B1BDED6A77,,,Anonymous Prospect,7/22/2024,12:57,Desktop,Samsung Internet,New,Affiliate,AFF_RENEW_Q324,West,/,1,Home Page,application educate,/,Bounced/Browsed,3,101,2.6,0,No,Premium,,No,,0.0
AV01230,8BA4AB3EA7A90624,,,Anonymous Prospect,7/22/2024,14:07,Mobile,Chrome,Returning,SEM,SEM_SWITCH_Q324,West,/plans/compare,2,Product Comparison,application educate,/plans/compare,Bounced/Browsed,3,190,3.1,0,No,Premium,,No,,0.0
AV01231,959913A0C175BD6E,,,Anonymous Prospect,7/22/2024,15:24,Desktop,Chrome,Returning,Direct,,West,/,1,Home Page,application educate,/,Bounced/Browsed,2,84,2.8,0,No,Basic,,No,,0.0
AV01232,793890DABB41528A,,L0231,New Lead,7/22/2024,16:29,Mobile,Chrome,New,Direct Mail,DM_SWITCH_Q324,West,/offer,6,Plan Customization & Quote,application submit,/apply/quote,Yes,8,667,2.6,1,No,Basic,1416.47,No,,0.0
AV01233,965F89228D5D91DB,,,Anonymous Prospect,7/22/2024,17:04,Mobile,Chrome,New,SEO,,West,/,1,Home Page,application educate,/,Bounced/Browsed,2,147,5.1,0,No,Premium,,No,,0.0
AV01234,667960AEE9BB7870,,,Anonymous Prospect,7/22/2024,17:26,Mobile,Edge,New,SEO,,North,/,1,Home Page,application educate,/,Bounced/Browsed,2,152,4.3,0,No,Premium,,No,,0.0
AV01235,7198883826FB78C7,,,Anonymous Prospect,7/22/2024,19:49,Mobile,Firefox,Returning,Paid Social,SOC_PLUS_Q324,South,/,1,Home Page,application educate,/,Bounced/Browsed,1,102,4.1,0,No,Plus,,No,,0.0
AV01236,59AE0D9F20ED4A43,,,Anonymous Prospect,7/22/2024,19:53,Mobile,Chrome,Returning,Display,DSP_BRAND_Q324,East,/plans/compare,2,Product Comparison,application educate,/plans/compare,Bounced/Browsed,4,178,3.2,0,No,Plus,,No,,0.0
AV01237,EC958244DCAB4D3F,,,Anonymous Prospect,7/22/2024,19:58,Mobile,Safari,New,SEM,SEM_PLUS_Q324,East,/,2,Product Comparison,application educate,/plans/compare,Bounced/Browsed,4,198,3.5,0,No,Plus,,No,,0.0
AV01238,D2BEE70EADFAD605,,L0232,New Lead,7/22/2024,20:04,Mobile,Safari,Returning,SEO,,North,/,5,Identity Verification,application start,/apply/verify,Yes,11,328,5.9,2,No,Plus,,No,,0.0
AV01239,305BFCEEC524DFE0,,,Anonymous Prospect,7/23/2024,08:40,Desktop,Chrome,Returning,SEM,SEM_RENEW_Q324,South,/plans/compare,1,Home Page,application educate,/,Bounced/Browsed,2,121,2.2,0,No,Basic,,No,,0.0
AV01240,C616AD439477454F,,L0233,New Lead,7/23/2024,08:56,Tablet,Safari,Returning,Paid Social,SOC_SWITCH_Q324,East,/,6,Plan Customization & Quote,application submit,/apply/quote,Yes,9,640,2.9,0,No,Plus,3446.16,No,,0.0
AV01241,7D30BE3D691386AE,,,Anonymous Prospect,7/23/2024,09:20,Mobile,Safari,New,SEO,,South,/,1,Home Page,application educate,/,Bounced/Browsed,1,152,3.2,0,No,Premium,,No,,0.0
AV01242,E17DAE384FE67985,,L0234,New Lead,7/23/2024,09:25,Desktop,Chrome,New,SEM,SEM_BRAND_Q324,South,/plans/compare,8,Payment & Confirmation,application complete,,No,13,851,1.5,0,No,Basic,2336.64,Yes,ORD00073,2336.64
AV01243,3550687C5351DA82,,,Anonymous Prospect,7/23/2024,12:28,Desktop,Chrome,New,Direct,,South,/,2,Product Comparison,application educate,/plans/compare,Bounced/Browsed,5,232,1.9,0,No,Premium,,No,,0.0
AV01244,698EF34ABA872199,C053,,Existing Customer,7/23/2024,12:32,Mobile,Chrome,New,Email,EM_PLANS_Q324,North,/,2,Product Comparison,application educate,/plans/compare,Bounced/Browsed,4,155,1.8,0,No,Basic,,No,,0.0
AV01245,4A660D8A68AD3045,,,Anonymous Prospect,7/23/2024,12:51,Mobile,Firefox,New,Paid Social,SOC_BRAND_Q324,North,/plans/compare,2,Product Comparison,application educate,/plans/compare,Bounced/Browsed,6,225,2.4,0,No,Premium,,No,,0.0
AV01246,343430A3C0A819E2,,,Anonymous Prospect,7/23/2024,13:02,Mobile,Chrome,New,Direct,,North,/,1,Home Page,application educate,/,Bounced/Browsed,3,143,3.9,0,No,Premium,,No,,0.0
AV01247,1AAFF325E9854B83,,,Anonymous Prospect,7/23/2024,13:41,Mobile,Chrome,New,Paid Social,SOC_PLANS_Q324,South,/plans/compare,2,Product Comparison,application educate,/plans/compare,Bounced/Browsed,5,212,1.2,0,No,Plus,,No,,0.0
AV01248,BE9A4AE08546F55B,,L0235,New Lead,7/23/2024,14:01,Desktop,Chrome,New,SEO,,West,/,6,Plan Customization & Quote,application submit,/apply/quote,Yes,9,551,2.6,0,No,Premium,6421.07,No,,0.0
AV01249,D36E2702DBB7BBAD,,L0236,New Lead,7/23/2024,14:21,Mobile,Safari,New,Affiliate,AFF_BRAND_Q324,West,/plans/compare,7,Review & e-Sign,application submit,/apply/review,Yes,13,511,2.8,1,No,Basic,2397.05,No,,0.0
AV01250,C48DC87FD3C569DD,,,Anonymous Prospect,7/23/2024,14:28,Desktop,Chrome,Returning,SEM,SEM_RENEW_Q324,West,/plans/compare,1,Home Page,application educate,/,Bounced/Browsed,1,118,2.0,0,No,Basic,,No,,0.0
AV01251,A795E8E1EEE52748,,,Anonymous Prospect,7/23/2024,16:59,Mobile,Firefox,Returning,SEM,SEM_PLUS_Q324,North,/,2,Product Comparison,application educate,/plans/compare,Bounced/Browsed,5,163,4.8,0,No,Plus,,No,,0.0
AV01252,8451E005DBCD113C,,,Anonymous Prospect,7/23/2024,17:09,Mobile,Safari,New,SEM,SEM_RENEW_Q324,West,/plans/compare,1,Home Page,application educate,/,Bounced/Browsed,1,66,4.9,0,No,Premium,,No,,0.0
AV01253,146417EB4910841D,,,Anonymous Prospect,7/23/2024,18:12,Desktop,Chrome,Returning,SEM,SEM_PLANS_Q324,East,/plans/compare,1,Home Page,application educate,/,Bounced/Browsed,2,106,2.9,0,No,Elite,,No,,0.0
AV01254,F06B3DD3C0E41680,,,Anonymous Prospect,7/23/2024,20:53,Mobile,Safari,New,Paid Social,SOC_PLUS_Q324,East,/plans/compare,1,Home Page,application educate,/,Bounced/Browsed,2,94,2.1,0,No,Plus,,No,,0.0
AV01255,2AB3B8E2BFBF3615,,L0237,New Lead,7/23/2024,21:16,Desktop,Chrome,New,SEO,,West,/plans/compare,8,Payment & Confirmation,application complete,,No,14,800,2.4,0,No,Plus,3420.2,Yes,ORD00074,3420.2
AV01256,870BEB50520EBC38,,,Anonymous Prospect,7/23/2024,22:15,Mobile,Chrome,New,Direct Mail,DM_SWITCH_Q324,South,/offer,1,Home Page,application educate,/,Bounced/Browsed,3,101,5.1,0,No,Premium,,No,,0.0
AV01257,007E53E4770338B4,,,Anonymous Prospect,7/24/2024,06:13,Mobile,Safari,New,Paid Social,SOC_PLANS_Q324,North,/plans/compare,2,Product Comparison,application educate,/plans/compare,Bounced/Browsed,4,201,2.3,0,No,Premium,,No,,0.0
AV01258,1029BD4706BD0B51,,,Anonymous Prospect,7/24/2024,06:33,Mobile,Samsung Internet,New,SEO,,South,/plans/compare,2,Product Comparison,application educate,/plans/compare,Bounced/Browsed,3,208,0.6,0,No,Plus,,No,,0.0
AV01259,5B5AEB23D701A55D,,,Anonymous Prospect,7/24/2024,06:43,Mobile,Safari,New,Affiliate,AFF_SWITCH_Q324,West,/,1,Home Page,application educate,/,Bounced/Browsed,2,97,4.5,0,No,Basic,,No,,0.0
AV01260,4458321A917914FA,,,Anonymous Prospect,7/24/2024,06:51,Mobile,Chrome,New,SEM,SEM_SWITCH_Q324,East,/,2,Product Comparison,application educate,/plans/compare,Bounced/Browsed,5,144,2.6,0,No,Basic,,No,,0.0
AV01261,0EC09E4B9E11CA0F,,,Anonymous Prospect,7/24/2024,07:24,Desktop,Safari,Returning,SEM,SEM_RENEW_Q324,West,/plans/compare,1,Home Page,application educate,/,Bounced/Browsed,1,131,2.0,0,No,Plus,,No,,0.0
AV01262,EAD8826396A140FA,,,Anonymous Prospect,7/24/2024,07:53,Mobile,Chrome,Returning,Affiliate,AFF_BRAND_Q324,North,/plans/compare,2,Product Comparison,application educate,/plans/compare,Bounced/Browsed,4,230,5.5,0,No,Plus,,No,,0.0
AV01263,52AC2902FEC6CFB0,,,Anonymous Prospect,7/24/2024,09:04,Mobile,Chrome,Returning,Display,DSP_PLANS_Q324,East,/,2,Product Comparison,application educate,/plans/compare,Bounced/Browsed,5,220,1.3,0,No,Plus,,No,,0.0
AV01264,5FFDC42D7B1AC5F2,,,Anonymous Prospect,7/24/2024,11:04,Desktop,Safari,New,SEO,,North,/,1,Home Page,application educate,/,Bounced/Browsed,1,118,3.5,0,No,Plus,,No,,0.0
AV01265,C10E107EE111138C,,L0238,New Lead,7/24/2024,12:13,Mobile,Safari,New,Affiliate,AFF_BRAND_Q324,East,/,7,Review & e-Sign,application submit,/apply/review,Yes,13,587,3.2,0,No,Premium,4765.31,No,,0.0
AV01266,EAD15E65F45491CE,,,Anonymous Prospect,7/24/2024,13:38,Desktop,Chrome,New,SEO,,East,/plans/compare,1,Home Page,application educate,/,Bounced/Browsed,4,108,2.4,0,No,Elite,,No,,0.0
AV01267,454A0C6633D4FE54,,,Anonymous Prospect,7/24/2024,13:48,Mobile,Safari,New,Email,EM_BRAND_Q324,North,/,1,Home Page,application educate,/,Bounced/Browsed,3,107,4.7,0,No,Plus,,No,,0.0
AV01268,A4191518E7234CA8,C069,,Existing Customer,7/24/2024,13:58,Desktop,Chrome,Returning,Direct Mail,DM_PLANS_Q324,West,/offer,1,Home Page,application educate,/,Bounced/Browsed,3,61,1.6,0,No,Basic,,No,,0.0
AV01269,9C0C9D469C830B54,,,Anonymous Prospect,7/24/2024,15:03,Mobile,Safari,New,SEO,,East,/plans/compare,1,Home Page,application educate,/,Bounced/Browsed,2,102,5.2,0,No,Plus,,No,,0.0
AV01270,FEF4C4FD728CD595,,L0239,New Lead,7/24/2024,16:45,Tablet,Safari,New,Paid Social,SOC_RENEW_Q324,North,/,5,Identity Verification,application start,/apply/verify,Yes,9,530,3.7,0,No,Premium,,No,,0.0
AV01271,422500BD1B199E57,,,Anonymous Prospect,7/24/2024,17:05,Desktop,Chrome,New,SEO,,North,/,2,Product Comparison,application educate,/plans/compare,Bounced/Browsed,6,264,2.2,0,No,Premium,,No,,0.0
AV01272,0F5E13879EF1AFFC,,,Anonymous Prospect,7/24/2024,20:07,Mobile,Chrome,New,Display,DSP_BASIC_Q324,West,/plans/compare,3,Application Start,application start,/apply/start,Yes,5,276,0.9,0,No,Basic,,No,,0.0
AV01273,C8E4CE20B1D3F7E6,,L0240,New Lead,7/25/2024,06:19,Desktop,Samsung Internet,New,SEM,SEM_RENEW_Q324,West,/plans/compare,6,Plan Customization & Quote,application submit,/apply/quote,Yes,13,367,1.9,0,No,Plus,2899.62,No,,0.0
AV01274,B302586A4DD8DFBD,,,Anonymous Prospect,7/25/2024,06:40,Mobile,Edge,Returning,SEM,SEM_PREMIUM_Q324,North,/plans/compare,1,Home Page,application educate,/,Bounced/Browsed,2,83,2.4,0,No,Premium,,No,,0.0
AV01275,25FD49497D420C26,,,Anonymous Prospect,7/25/2024,08:56,Desktop,Firefox,Returning,Paid Social,SOC_PLANS_Q324,South,/,2,Product Comparison,application educate,/plans/compare,Bounced/Browsed,6,223,2.3,0,No,Basic,,No,,0.0
AV01276,649F4663B8DC6FBC,,,Anonymous Prospect,7/25/2024,09:02,Mobile,Edge,New,Email,EM_SWITCH_Q324,East,/plans/compare,1,Home Page,application educate,/,Bounced/Browsed,3,114,4.3,0,No,Premium,,No,,0.0
AV01277,7727EB9410AC804F,,,Anonymous Prospect,7/25/2024,09:31,Mobile,Safari,New,Paid Social,SOC_RENEW_Q324,West,/,1,Home Page,application educate,/,Bounced/Browsed,2,113,3.4,0,No,Premium,,No,,0.0
AV01278,F1506A5F2B207343,C039,,Existing Customer,7/25/2024,11:55,Desktop,Chrome,Returning,SEM,SEM_PLANS_Q324,North,/,5,Identity Verification,application start,/apply/verify,Yes,9,336,2.0,0,Yes,Elite,,No,,0.0
AV01279,FAB7D86F742EF22E,,,Anonymous Prospect,7/25/2024,12:26,Mobile,Safari,New,Direct,,North,/,1,Home Page,application educate,/,Bounced/Browsed,3,97,2.8,0,No,Basic,,No,,0.0
AV01280,FC4DEAC98E14178D,,,Anonymous Prospect,7/25/2024,13:13,Mobile,Edge,New,Email,EM_SWITCH_Q324,East,/,1,Home Page,application educate,/,Bounced/Browsed,2,108,1.7,0,No,Premium,,No,,0.0
AV01281,54AFD29C7788B7F8,,,Anonymous Prospect,7/25/2024,14:08,Desktop,Safari,New,Direct,,South,/,2,Product Comparison,application educate,/plans/compare,Bounced/Browsed,5,155,1.7,0,No,Plus,,No,,0.0
AV01282,56EE601643EEE38C,,,Anonymous Prospect,7/25/2024,14:17,Tablet,Chrome,Returning,Email,EM_RENEW_Q324,South,/plans/compare,2,Product Comparison,application educate,/plans/compare,Bounced/Browsed,2,180,2.5,0,No,Plus,,No,,0.0
AV01283,387FF4A1A097834B,,,Anonymous Prospect,7/25/2024,14:30,Mobile,Edge,Returning,SEM,SEM_RENEW_Q324,North,/plans/compare,2,Product Comparison,application educate,/plans/compare,Bounced/Browsed,6,147,1.5,0,No,Plus,,No,,0.0
AV01284,93B918A91B4CF936,,,Anonymous Prospect,7/25/2024,15:59,Tablet,Edge,Returning,Paid Social,SOC_RENEW_Q324,East,/plans/compare,1,Home Page,application educate,/,Bounced/Browsed,4,107,0.9,0,No,Plus,,No,,0.0
AV01285,BB61673829B42294,,,Anonymous Prospect,7/25/2024,16:04,Desktop,Chrome,New,Display,DSP_SWITCH_Q324,West,/plans/compare,2,Product Comparison,application educate,/plans/compare,Bounced/Browsed,4,213,1.6,0,No,Plus,,No,,0.0
AV01286,D6AEED2FB62587B3,,,Anonymous Prospect,7/25/2024,16:12,Mobile,Chrome,Returning,Direct Mail,DM_SWITCH_Q324,West,/offer,2,Product Comparison,application educate,/plans/compare,Bounced/Browsed,3,149,5.4,0,No,Plus,,No,,0.0
AV01287,2BB5182DE32E2381,,,Anonymous Prospect,7/25/2024,16:46,Mobile,Safari,Returning,SEO,,North,/plans/compare,2,Product Comparison,application educate,/plans/compare,Bounced/Browsed,2,157,4.6,0,No,Plus,,No,,0.0
AV01288,AB15F25F870FA06A,,,Anonymous Prospect,7/25/2024,16:54,Desktop,Edge,Returning,Direct Mail,DM_RENEW_Q324,West,/offer,1,Home Page,application educate,/,Bounced/Browsed,1,88,0.8,0,No,Elite,,No,,0.0
AV01289,29B9CFC6E46D3607,,L0241,New Lead,7/25/2024,17:48,Mobile,Chrome,Returning,SEM,SEM_ELITE_Q324,West,/,7,Review & e-Sign,application submit,/apply/review,Yes,18,409,2.1,2,No,Elite,7705.14,No,,0.0
AV01290,2108EB696EE55B41,,,Anonymous Prospect,7/25/2024,21:26,Desktop,Safari,Returning,Email,EM_RENEW_Q324,North,/,2,Product Comparison,application educate,/plans/compare,Bounced/Browsed,4,231,1.7,0,No,Elite,,No,,0.0
AV01291,2B8D7D4BA0CD3042,C012,,Existing Customer,7/25/2024,21:55,Mobile,Edge,Returning,Direct,,West,/,2,Product Comparison,application educate,/plans/compare,Bounced/Browsed,5,176,1.7,0,No,Basic,,No,,0.0
AV01292,9FC4FE8C951B5796,,,Anonymous Prospect,7/25/2024,22:06,Mobile,Edge,New,SEO,,East,/,2,Product Comparison,application educate,/plans/compare,Bounced/Browsed,4,211,2.6,0,No,Premium,,No,,0.0
AV01293,BBFC376587CDB044,,,Anonymous Prospect,7/26/2024,07:19,Mobile,Safari,Returning,Direct,,South,/,1,Home Page,application educate,/,Bounced/Browsed,3,123,1.1,0,No,Plus,,No,,0.0
AV01294,15A54A72252910D9,,,Anonymous Prospect,7/26/2024,07:23,Mobile,Chrome,Returning,Direct Mail,DM_PLUS_Q324,East,/offer,2,Product Comparison,application educate,/plans/compare,Bounced/Browsed,2,193,2.3,0,No,Plus,,No,,0.0
AV01295,83219F9BEDF6F662,,L0242,New Lead,7/26/2024,07:59,Desktop,Safari,New,SEO,,South,/,8,Payment & Confirmation,application complete,,No,19,713,2.8,0,No,Elite,7380.47,Yes,ORD00075,7380.47
AV01296,9E49979049666C63,,,Anonymous Prospect,7/26/2024,09:40,Mobile,Safari,New,Email,EM_RENEW_Q324,West,/,1,Home Page,application educate,/,Bounced/Browsed,4,85,1.4,0,No,Basic,,No,,0.0
AV01297,2D7704913E7AB8F1,,,Anonymous Prospect,7/26/2024,12:52,Mobile,Chrome,New,Direct,,East,/,2,Product Comparison,application educate,/plans/compare,Bounced/Browsed,4,201,5.2,0,No,Elite,,No,,0.0
AV01298,35F81985F5AEB740,,,Anonymous Prospect,7/26/2024,13:03,Mobile,Chrome,New,Direct,,South,/,2,Product Comparison,application educate,/plans/compare,Bounced/Browsed,2,197,4.3,0,No,Premium,,No,,0.0
AV01299,99BDBEBDD6EDDC87,,,Anonymous Prospect,7/26/2024,15:55,Mobile,Chrome,New,Direct Mail,DM_SWITCH_Q324,East,/offer,1,Home Page,application educate,/,Bounced/Browsed,1,152,1.9,0,No,Plus,,No,,0.0
AV01300,D7F8EB671CF9DF53,,L0243,New Lead,7/26/2024,16:05,Mobile,Edge,New,SEM,SEM_RENEW_Q324,West,/,8,Payment & Confirmation,application complete,,No,11,505,5.6,1,No,Plus,3316.9,Yes,ORD00076,3316.9
AV01301,4F32FCC2DA0C1926,,,Anonymous Prospect,7/26/2024,16:39,Mobile,Chrome,New,Direct Mail,DM_PLANS_Q324,East,/offer,2,Product Comparison,application educate,/plans/compare,Bounced/Browsed,3,228,2.1,0,No,Plus,,No,,0.0
AV01302,AC5204F0D0CE449D,,L0244,New Lead,7/26/2024,17:29,Mobile,Edge,New,Direct Mail,DM_RENEW_Q324,North,/offer,5,Identity Verification,application start,/apply/verify,Yes,12,266,2.1,4,No,Basic,,No,,0.0
AV01303,5CCAF67FF46ED733,,,Anonymous Prospect,7/26/2024,17:46,Desktop,Chrome,Returning,Display,DSP_RENEW_Q324,South,/plans/compare,1,Home Page,application educate,/,Bounced/Browsed,4,152,2.5,0,No,Premium,,No,,0.0
AV01304,19AC77D12A074D04,,L0245,New Lead,7/26/2024,19:06,Mobile,Edge,New,Direct,,South,/,8,Payment & Confirmation,application complete,,No,16,820,2.7,0,No,Premium,6347.59,Yes,ORD00077,6347.59
AV01305,35D5349EBCB288E8,,L0246,New Lead,7/26/2024,19:12,Tablet,Chrome,New,SEO,,East,/,8,Payment & Confirmation,application complete,,No,15,865,2.6,2,No,Premium,6444.85,Yes,ORD00078,6444.85
AV01306,6D232EFC7BEBE051,,,Anonymous Prospect,7/27/2024,06:05,Mobile,Chrome,New,Direct Mail,DM_PLANS_Q324,West,/offer,1,Home Page,application educate,/,Bounced/Browsed,2,147,6.3,0,No,Elite,,No,,0.0
AV01307,46F59D527F959DBC,,,Anonymous Prospect,7/27/2024,07:43,Tablet,Safari,New,Affiliate,AFF_PLANS_Q324,West,/,1,Home Page,application educate,/,Bounced/Browsed,1,112,2.3,0,No,Elite,,No,,0.0
AV01308,1F80B3D531F3DA4E,,,Anonymous Prospect,7/27/2024,08:29,Mobile,Chrome,New,SEO,,East,/plans/compare,2,Product Comparison,application educate,/plans/compare,Bounced/Browsed,4,234,1.9,0,No,Plus,,No,,0.0
AV01309,9B157A77158F34ED,,,Anonymous Prospect,7/27/2024,11:22,Desktop,Chrome,New,Affiliate,AFF_RENEW_Q324,North,/plans/compare,3,Application Start,application start,/apply/start,Yes,5,353,2.8,0,No,Plus,,No,,0.0
AV01310,D5BA4FDD4A59139A,,,Anonymous Prospect,7/27/2024,12:07,Mobile,Safari,New,Paid Social,SOC_PLUS_Q324,South,/plans/compare,1,Home Page,application educate,/,Bounced/Browsed,4,128,3.3,0,No,Plus,,No,,0.0
AV01311,C8302E6A8AF656DF,,,Anonymous Prospect,7/27/2024,12:40,Mobile,Chrome,New,Email,EM_SWITCH_Q324,North,/,1,Home Page,application educate,/,Bounced/Browsed,1,123,4.9,0,No,Premium,,No,,0.0
AV01312,B3F812BEC85921E4,,,Anonymous Prospect,7/27/2024,12:42,Mobile,Firefox,New,Paid Social,SOC_SWITCH_Q324,North,/plans/compare,1,Home Page,application educate,/,Bounced/Browsed,2,67,2.2,0,No,Premium,,No,,0.0
AV01313,F0570C061CE08DFD,,L0247,New Lead,7/27/2024,15:24,Mobile,Safari,Returning,SEO,,East,/plans/compare,7,Review & e-Sign,application submit,/apply/review,Yes,15,703,3.8,2,No,Basic,1998.73,No,,0.0
AV01314,9E87BEF5002D79F5,C025,,Existing Customer,7/27/2024,16:05,Tablet,Safari,New,SEO,,West,/plans/compare,2,Product Comparison,application educate,/plans/compare,Bounced/Browsed,3,188,1.6,0,No,Plus,,No,,0.0
AV01315,3DCC175304FBF5EB,,L0248,New Lead,7/27/2024,17:53,Desktop,Chrome,New,Direct,,East,/,8,Payment & Confirmation,application complete,,No,18,627,1.2,1,No,Basic,1304.16,Yes,ORD00079,1304.16
AV01316,8B2EB9C802CBF6FD,,,Anonymous Prospect,7/27/2024,19:37,Desktop,Edge,Returning,Direct Mail,DM_RENEW_Q324,West,/offer,2,Product Comparison,application educate,/plans/compare,Bounced/Browsed,5,241,2.3,0,Yes,Elite,,No,,0.0
AV01317,A44503B488454044,,,Anonymous Prospect,7/27/2024,20:32,Mobile,Safari,New,Paid Social,SOC_PLANS_Q324,East,/,1,Home Page,application educate,/,Bounced/Browsed,4,90,5.5,0,No,Elite,,No,,0.0
AV01318,39F70439DD031C08,,,Anonymous Prospect,7/27/2024,22:46,Mobile,Samsung Internet,New,Email,EM_PLUS_Q324,West,/,1,Home Page,application educate,/,Bounced/Browsed,2,121,3.8,0,No,Plus,,No,,0.0
AV01319,BE94E2D0DFAE6FEA,,,Anonymous Prospect,7/28/2024,06:07,Mobile,Chrome,New,Direct,,East,/,2,Product Comparison,application educate,/plans/compare,Bounced/Browsed,6,243,4.5,0,No,Premium,,No,,0.0
AV01320,2779B9952E3577E5,,L0249,New Lead,7/28/2024,07:56,Mobile,Safari,Returning,Direct Mail,DM_PLANS_Q324,West,/offer,6,Plan Customization & Quote,application submit,/apply/quote,Yes,12,362,4.4,1,No,Plus,3175.64,No,,0.0
AV01321,AEFDB884629D9A16,,,Anonymous Prospect,7/28/2024,09:14,Mobile,Samsung Internet,New,SEO,,East,/plans/compare,1,Home Page,application educate,/,Bounced/Browsed,1,74,1.8,0,No,Plus,,No,,0.0
AV01322,56365B70CDBD273F,,,Anonymous Prospect,7/28/2024,09:24,Mobile,Edge,New,SEO,,West,/,1,Home Page,application educate,/,Bounced/Browsed,1,155,3.2,0,No,Premium,,No,,0.0
AV01323,42C893C246534434,,L0250,New Lead,7/28/2024,11:10,Mobile,Edge,New,Email,EM_ELITE_Q324,North,/,5,Identity Verification,application start,/apply/verify,Yes,8,558,5.3,4,Yes,Elite,,No,,0.0
AV01324,7B6AA243524D8ECD,,,Anonymous Prospect,7/28/2024,11:50,Mobile,Samsung Internet,New,Direct,,East,/,2,Product Comparison,application educate,/plans/compare,Bounced/Browsed,4,209,2.1,0,No,Elite,,No,,0.0
AV01325,908EB0906805377B,,,Anonymous Prospect,7/28/2024,12:43,Mobile,Chrome,New,Email,EM_BRAND_Q324,North,/,2,Product Comparison,application educate,/plans/compare,Bounced/Browsed,3,231,3.0,0,No,Plus,,No,,0.0
AV01326,15E97E5A8B1D13A1,,,Anonymous Prospect,7/28/2024,13:50,Tablet,Chrome,New,Affiliate,AFF_RENEW_Q324,North,/,3,Application Start,application start,/apply/start,Yes,5,238,2.9,0,No,Plus,,No,,0.0
AV01327,1ECE085F0B16C844,,,Anonymous Prospect,7/28/2024,17:09,Mobile,Chrome,New,Paid Social,SOC_RENEW_Q324,South,/,3,Application Start,application start,/apply/start,Yes,6,261,1.7,0,No,Basic,,No,,0.0
AV01328,08F7709F1DD069FD,,,Anonymous Prospect,7/28/2024,17:24,Desktop,Chrome,New,SEM,SEM_SWITCH_Q324,West,/,2,Product Comparison,application educate,/plans/compare,Bounced/Browsed,6,153,2.8,0,No,Elite,,No,,0.0
AV01329,997FB07EF23CB4D5,,,Anonymous Prospect,7/28/2024,18:44,Mobile,Firefox,New,Display,DSP_ELITE_Q324,West,/plans/compare,1,Home Page,application educate,/,Bounced/Browsed,1,82,4.0,0,No,Elite,,No,,0.0
AV01330,6F913CFE0B4D9DD5,,,Anonymous Prospect,7/28/2024,22:51,Mobile,Chrome,New,SEO,,South,/,1,Home Page,application educate,/,Bounced/Browsed,1,136,3.8,0,No,Premium,,No,,0.0
AV01331,63AD696D1F35C954,,,Anonymous Prospect,7/29/2024,06:39,Desktop,Chrome,New,Direct,,East,/,2,Product Comparison,application educate,/plans/compare,Bounced/Browsed,3,124,1.9,0,No,Plus,,No,,0.0
AV01332,1A58773308A78CDF,,,Anonymous Prospect,7/29/2024,06:40,Mobile,Safari,New,Direct Mail,DM_PLANS_Q324,North,/offer,3,Application Start,application start,/apply/start,Yes,6,383,5.1,0,No,Basic,,No,,0.0
AV01333,E161DCB00CB4CB32,,,Anonymous Prospect,7/29/2024,07:36,Mobile,Firefox,New,Paid Social,SOC_RENEW_Q324,South,/,2,Product Comparison,application educate,/plans/compare,Bounced/Browsed,4,202,5.7,0,No,Elite,,No,,0.0
AV01334,8D01266A918A4910,,,Anonymous Prospect,7/29/2024,07:45,Desktop,Safari,Returning,Affiliate,AFF_BRAND_Q324,North,/,1,Home Page,application educate,/,Bounced/Browsed,2,130,1.8,0,No,Plus,,No,,0.0
AV01335,052CADB00C2D818B,,,Anonymous Prospect,7/29/2024,08:42,Mobile,Chrome,New,Direct Mail,DM_BRAND_Q324,East,/offer,1,Home Page,application educate,/,Bounced/Browsed,1,162,5.5,0,No,Basic,,No,,0.0
AV01336,23F56C769613BFAE,C018,,Existing Customer,7/29/2024,10:19,Mobile,Safari,New,Direct,,North,/,3,Application Start,application start,/apply/start,Yes,5,262,4.1,0,No,Basic,,No,,0.0
AV01337,569FFBF73137DE80,,L0251,New Lead,7/29/2024,10:34,Desktop,Chrome,New,Email,EM_RENEW_Q324,South,/,4,Personal Details,application start,/apply/details,Yes,8,437,1.2,1,No,Plus,,No,,0.0
AV01338,D6B94715A6B3B2CF,,,Anonymous Prospect,7/29/2024,12:01,Mobile,Safari,New,Paid Social,SOC_SWITCH_Q324,South,/plans/compare,1,Home Page,application educate,/,Bounced/Browsed,3,132,1.8,0,No,Plus,,No,,0.0
AV01339,BBB9BA649512748A,,,Anonymous Prospect,7/29/2024,12:50,Mobile,Safari,New,Display,DSP_SWITCH_Q324,North,/plans/compare,2,Product Comparison,application educate,/plans/compare,Bounced/Browsed,5,160,4.8,0,No,Basic,,No,,0.0
AV01340,1515992DB5D482CC,,,Anonymous Prospect,7/29/2024,14:22,Tablet,Chrome,Returning,Display,DSP_BRAND_Q324,East,/plans/compare,2,Product Comparison,application educate,/plans/compare,Bounced/Browsed,3,182,1.9,0,No,Elite,,No,,0.0
AV01341,BA8CD00B722BFC94,,,Anonymous Prospect,7/29/2024,15:05,Desktop,Safari,New,SEO,,North,/,2,Product Comparison,application educate,/plans/compare,Bounced/Browsed,4,135,2.5,0,No,Elite,,No,,0.0
AV01342,61566D696788F447,,,Anonymous Prospect,7/29/2024,19:24,Mobile,Chrome,Returning,Paid Social,SOC_BRAND_Q324,West,/,1,Home Page,application educate,/,Bounced/Browsed,2,93,0.6,0,No,Plus,,No,,0.0
AV01343,B312AE636D3BC9F7,,L0252,New Lead,7/29/2024,19:27,Desktop,Safari,New,Direct,,West,/,8,Payment & Confirmation,application complete,,No,16,630,2.6,0,No,Premium,5635.53,Yes,ORD00080,5635.53
AV01344,2EFDDA9A31D4C6C5,,L0253,New Lead,7/29/2024,19:32,Tablet,Chrome,New,SEM,SEM_PLANS_Q324,South,/plans/compare,8,Payment & Confirmation,application complete,,No,18,918,2.3,0,No,Elite,7776.8,Yes,ORD00081,7776.8
AV01345,A4959B890B568311,,,Anonymous Prospect,7/29/2024,21:51,Mobile,Safari,New,SEO,,South,/,1,Home Page,application educate,/,Bounced/Browsed,2,135,5.4,0,No,Basic,,No,,0.0
AV01346,A41340DDC369BD5D,,L0254,New Lead,7/29/2024,22:03,Mobile,Safari,New,Email,EM_RENEW_Q324,East,/,4,Personal Details,application start,/apply/details,Yes,8,376,4.7,2,No,Plus,,No,,0.0
AV01347,A89509F234418792,,,Anonymous Prospect,7/29/2024,22:09,Desktop,Safari,New,SEM,SEM_SWITCH_Q324,East,/,2,Product Comparison,application educate,/plans/compare,Bounced/Browsed,6,156,2.0,0,No,Premium,,No,,0.0
AV01348,551ED987914D0622,,,Anonymous Prospect,7/29/2024,22:49,Mobile,Safari,New,Direct Mail,DM_SWITCH_Q324,South,/offer,1,Home Page,application educate,/,Bounced/Browsed,2,101,3.9,0,No,Elite,,No,,0.0
AV01349,610693150020125E,,,Anonymous Prospect,7/30/2024,06:06,Desktop,Chrome,New,SEM,SEM_BASIC_Q324,West,/plans/compare,1,Home Page,application educate,/,Bounced/Browsed,2,117,3.1,0,No,Basic,,No,,0.0
AV01350,BB149D1AE1698491,,L0255,New Lead,7/30/2024,09:29,Mobile,Safari,New,SEO,,West,/,5,Identity Verification,application start,/apply/verify,Yes,11,497,2.1,2,No,Basic,,No,,0.0
AV01351,65658EBD57E030E4,,,Anonymous Prospect,7/30/2024,10:40,Mobile,Safari,Returning,Direct,,East,/,1,Home Page,application educate,/,Bounced/Browsed,1,92,1.8,0,No,Basic,,No,,0.0
AV01352,E292B1009F71F0E1,,L0256,New Lead,7/30/2024,11:09,Mobile,Chrome,New,SEM,SEM_SWITCH_Q324,West,/,5,Identity Verification,application start,/apply/verify,Yes,9,261,2.5,3,No,Plus,,No,,0.0
AV01353,90D67D51818A862D,C081,,Existing Customer,7/30/2024,12:16,Mobile,Chrome,New,Direct,,West,/,6,Plan Customization & Quote,application submit,/apply/quote,Yes,15,343,5.6,3,No,Premium,6731.15,No,,0.0
AV01354,C68E371B8168C43E,,,Anonymous Prospect,7/30/2024,13:19,Tablet,Chrome,New,Display,DSP_BRAND_Q324,North,/,2,Product Comparison,application educate,/plans/compare,Bounced/Browsed,5,199,2.1,0,No,Premium,,No,,0.0
AV01355,181E7530C34A05EE,,,Anonymous Prospect,7/30/2024,15:36,Mobile,Safari,Returning,SEO,,South,/,2,Product Comparison,application educate,/plans/compare,Bounced/Browsed,4,248,4.1,0,No,Plus,,No,,0.0
AV01356,EB311EF1623A8B40,,L0257,New Lead,7/30/2024,18:17,Mobile,Safari,New,SEM,SEM_PREMIUM_Q324,West,/,6,Plan Customization & Quote,application submit,/apply/quote,Yes,10,669,6.3,2,No,Premium,5477.93,No,,0.0
AV01357,555277A63F75571E,,,Anonymous Prospect,7/30/2024,21:02,Desktop,Safari,New,Direct,,East,/,1,Home Page,application educate,/,Bounced/Browsed,4,101,1.8,0,No,Plus,,No,,0.0
AV01358,09D8A70B51D3E83E,,,Anonymous Prospect,7/30/2024,21:44,Desktop,Chrome,Returning,SEO,,South,/plans/compare,1,Home Page,application educate,/,Bounced/Browsed,3,116,1.7,0,No,Basic,,No,,0.0
AV01359,653BF995C19F13CE,,,Anonymous Prospect,7/30/2024,21:55,Tablet,Safari,New,SEO,,West,/,2,Product Comparison,application educate,/plans/compare,Bounced/Browsed,3,245,2.0,0,No,Basic,,No,,0.0
AV01360,BF1FB6AB6115784A,,,Anonymous Prospect,7/30/2024,22:17,Desktop,Safari,New,SEM,SEM_PLANS_Q324,North,/,2,Product Comparison,application educate,/plans/compare,Bounced/Browsed,6,243,2.9,0,No,Plus,,No,,0.0
AV01361,3DED13E436A509E2,,,Anonymous Prospect,7/30/2024,22:17,Mobile,Edge,New,Paid Social,SOC_SWITCH_Q324,North,/,1,Home Page,application educate,/,Bounced/Browsed,2,106,2.0,0,No,Premium,,No,,0.0
AV01362,15FC439890E7ED34,,,Anonymous Prospect,7/30/2024,22:21,Mobile,Safari,Returning,Paid Social,SOC_PLANS_Q324,South,/,2,Product Comparison,application educate,/plans/compare,Bounced/Browsed,5,183,1.8,0,No,Premium,,No,,0.0
AV01363,2D5A954AD269C80E,,,Anonymous Prospect,7/30/2024,22:35,Desktop,Chrome,New,Direct Mail,DM_RENEW_Q324,North,/offer,2,Product Comparison,application educate,/plans/compare,Bounced/Browsed,5,226,1.9,0,No,Premium,,No,,0.0
AV01364,7F2456009180F24A,,,Anonymous Prospect,7/30/2024,22:48,Mobile,Chrome,New,SEM,SEM_RENEW_Q324,West,/,2,Product Comparison,application educate,/plans/compare,Bounced/Browsed,2,192,4.6,0,No,Plus,,No,,0.0
AV01365,21D5C97715E2FCAF,,,Anonymous Prospect,7/31/2024,06:10,Mobile,Chrome,New,Paid Social,SOC_RENEW_Q324,North,/plans/compare,1,Home Page,application educate,/,Bounced/Browsed,3,104,2.6,0,No,Basic,,No,,0.0
AV01366,BE09C2BA6260C443,,,Anonymous Prospect,7/31/2024,06:38,Mobile,Chrome,New,Direct,,South,/,3,Application Start,application start,/apply/start,Yes,5,206,4.5,0,No,Premium,,No,,0.0
AV01367,59EBA1196F081106,,L0258,New Lead,7/31/2024,06:44,Desktop,Chrome,Returning,Direct Mail,DM_BRAND_Q324,North,/offer,6,Plan Customization & Quote,application submit,/apply/quote,Yes,10,423,2.9,2,Yes,Plus,3611.45,No,,0.0
AV01368,05AFEDE820BD0F22,,,Anonymous Prospect,7/31/2024,07:13,Desktop,Edge,New,Paid Social,SOC_PLANS_Q324,East,/,2,Product Comparison,application educate,/plans/compare,Bounced/Browsed,3,180,0.7,0,No,Plus,,No,,0.0
AV01369,0A18D52399FABD51,,L0259,New Lead,7/31/2024,07:52,Mobile,Safari,New,SEM,SEM_BRAND_Q324,South,/,4,Personal Details,application start,/apply/details,Yes,5,341,2.8,2,No,Basic,,No,,0.0
AV01370,BDA8E7AE0BBB41E6,,,Anonymous Prospect,7/31/2024,10:11,Mobile,Chrome,New,SEM,SEM_BRAND_Q324,East,/plans/compare,2,Product Comparison,application educate,/plans/compare,Bounced/Browsed,4,116,5.9,0,No,Elite,,No,,0.0
AV01371,114B5176C54E9624,,,Anonymous Prospect,7/31/2024,11:25,Mobile,Chrome,New,Paid Social,SOC_PLANS_Q324,North,/,2,Product Comparison,application educate,/plans/compare,Bounced/Browsed,5,132,1.5,0,No,Basic,,No,,0.0
AV01372,283B6CDB6B2B1EE2,,,Anonymous Prospect,7/31/2024,16:08,Mobile,Chrome,New,Paid Social,SOC_BRAND_Q324,South,/plans/compare,1,Home Page,application educate,/,Bounced/Browsed,1,146,1.5,0,No,Basic,,No,,0.0
AV01373,54148F4B8FE42791,,,Anonymous Prospect,7/31/2024,16:59,Desktop,Chrome,New,SEO,,North,/plans/compare,2,Product Comparison,application educate,/plans/compare,Bounced/Browsed,5,254,1.0,0,No,Basic,,No,,0.0
AV01374,32A3620E5FE5A13F,,,Anonymous Prospect,7/31/2024,17:22,Mobile,Safari,New,Email,EM_SWITCH_Q324,South,/,2,Product Comparison,application educate,/plans/compare,Bounced/Browsed,2,220,1.3,0,No,Basic,,No,,0.0
AV01375,0ECFB984F1F4FC34,,,Anonymous Prospect,7/31/2024,19:27,Desktop,Chrome,Returning,SEM,SEM_PLANS_Q324,East,/plans/compare,2,Product Comparison,application educate,/plans/compare,Bounced/Browsed,5,267,2.4,0,No,Elite,,No,,0.0
AV01376,D8EF966D2AEA05CD,,L0260,New Lead,7/31/2024,20:38,Mobile,Chrome,Returning,Display,DSP_BRAND_Q324,North,/,7,Review & e-Sign,application submit,/apply/review,Yes,11,569,5.1,0,Yes,Premium,6259.84,No,,0.0
AV01377,C7F2FEA6D91628F4,,,Anonymous Prospect,7/31/2024,22:23,Desktop,Safari,New,Direct,,North,/,2,Product Comparison,application educate,/plans/compare,Bounced/Browsed,4,190,3.1,0,No,Plus,,No,,0.0
AV01378,816D229A1CC94DD3,,L0261,New Lead,7/31/2024,22:49,Desktop,Safari,Returning,SEM,SEM_SWITCH_Q324,West,/,4,Personal Details,application start,/apply/details,Yes,9,386,2.2,5,No,Elite,,No,,0.0
AV01379,0DBB2AAD08248015,,,Anonymous Prospect,8/1/2024,08:49,Mobile,Edge,New,SEO,,East,/plans/compare,1,Home Page,application educate,/,Bounced/Browsed,2,87,2.5,0,No,Plus,,No,,0.0
AV01380,B547BAA40FD35686,,L0262,New Lead,8/1/2024,11:17,Desktop,Chrome,New,SEM,SEM_PREMIUM_Q324,South,/plans/compare,8,Payment & Confirmation,application complete,,No,11,740,1.9,2,No,Premium,6688.86,Yes,ORD00082,6688.86
AV01381,6AF14268A5E44236,,,Anonymous Prospect,8/1/2024,12:48,Mobile,Chrome,New,Display,DSP_SWITCH_Q324,South,/,2,Product Comparison,application educate,/plans/compare,Bounced/Browsed,4,107,2.9,0,No,Elite,,No,,0.0
AV01382,1114B3BF76134B6B,C014,,Existing Customer,8/1/2024,13:56,Mobile,Safari,Returning,SEM,SEM_RENEW_Q324,East,/plans/compare,8,Payment & Confirmation,application complete,,No,17,415,4.5,0,No,Basic,2537.27,Yes,ORD00083,2537.27
AV01383,8EE74926E4478871,,,Anonymous Prospect,8/1/2024,14:20,Mobile,Safari,Returning,Display,DSP_SWITCH_Q324,West,/,1,Home Page,application educate,/,Bounced/Browsed,3,97,4.6,0,No,Premium,,No,,0.0
AV01384,BA821517CFC0F121,,,Anonymous Prospect,8/1/2024,16:32,Desktop,Chrome,New,Email,EM_BRAND_Q324,East,/plans/compare,1,Home Page,application educate,/,Bounced/Browsed,3,92,2.2,0,No,Plus,,No,,0.0
AV01385,2AD568FE2943CE2F,,,Anonymous Prospect,8/1/2024,17:26,Desktop,Safari,New,SEM,SEM_PLANS_Q324,West,/plans/compare,2,Product Comparison,application educate,/plans/compare,Bounced/Browsed,4,141,3.5,0,No,Plus,,No,,0.0
AV01386,66B6F9B8DCE14ABF,,L0263,New Lead,8/1/2024,18:21,Mobile,Chrome,New,SEM,SEM_RENEW_Q324,North,/plans/compare,6,Plan Customization & Quote,application submit,/apply/quote,Yes,13,623,2.6,2,No,Plus,2621.3,No,,0.0
AV01387,3D76511CBABF552C,,,Anonymous Prospect,8/1/2024,18:51,Mobile,Safari,Returning,SEM,SEM_RENEW_Q324,North,/,1,Home Page,application educate,/,Bounced/Browsed,2,123,3.0,0,No,Plus,,No,,0.0
AV01388,AB96E1F0350B8363,,,Anonymous Prospect,8/1/2024,19:24,Mobile,Chrome,New,SEO,,North,/,3,Application Start,application start,/apply/start,Yes,7,305,2.2,0,No,Premium,,No,,0.0
AV01389,8826D916CDFB21C6,C001,,Existing Customer,8/1/2024,20:35,Mobile,Safari,Returning,Direct,,South,/,8,Payment & Confirmation,application complete,,No,15,452,2.0,1,No,Plus,3964.76,Yes,ORD00084,3964.76
AV01390,AFB49C037700E0CD,,,Anonymous Prospect,8/1/2024,21:08,Tablet,Safari,Returning,SEM,SEM_SWITCH_Q324,West,/plans/compare,1,Home Page,application educate,/,Bounced/Browsed,1,143,3.0,0,No,Premium,,No,,0.0
AV01391,2C786BA1CEA40E73,,,Anonymous Prospect,8/1/2024,22:34,Desktop,Safari,New,Display,DSP_BRAND_Q324,East,/,1,Home Page,application educate,/,Bounced/Browsed,3,89,2.2,0,No,Elite,,No,,0.0
AV01392,F21A0ECF29494B8C,,,Anonymous Prospect,8/1/2024,22:49,Desktop,Samsung Internet,New,Display,DSP_RENEW_Q324,West,/plans/compare,1,Home Page,application educate,/,Bounced/Browsed,1,110,2.4,0,No,Basic,,No,,0.0
AV01393,5910C01216020A3D,,L0264,New Lead,8/2/2024,06:18,Mobile,Chrome,Returning,Direct,,North,/,4,Personal Details,application start,/apply/details,Yes,9,323,2.0,1,No,Elite,,No,,0.0
AV01394,38550CAFEC27F192,,,Anonymous Prospect,8/2/2024,07:29,Desktop,Chrome,Returning,Paid Social,SOC_PLUS_Q324,South,/,1,Home Page,application educate,/,Bounced/Browsed,3,104,4.2,0,No,Plus,,No,,0.0
AV01395,177D83CA4D766305,,,Anonymous Prospect,8/2/2024,07:45,Mobile,Chrome,New,Direct Mail,DM_RENEW_Q324,East,/offer,1,Home Page,application educate,/,Bounced/Browsed,3,95,3.8,0,No,Premium,,No,,0.0
AV01396,307F2D99E2841BB0,,,Anonymous Prospect,8/2/2024,08:34,Mobile,Chrome,New,Paid Social,SOC_BRAND_Q324,West,/plans/compare,1,Home Page,application educate,/,Bounced/Browsed,2,82,0.8,0,No,Basic,,No,,0.0
AV01397,52CCF50669697FD2,,,Anonymous Prospect,8/2/2024,09:33,Tablet,Safari,New,SEO,,East,/plans/compare,1,Home Page,application educate,/,Bounced/Browsed,3,93,2.2,0,No,Premium,,No,,0.0
AV01398,CCA8851F34FFC284,,L0265,New Lead,8/2/2024,11:03,Mobile,Chrome,Returning,SEO,,West,/,8,Payment & Confirmation,application complete,,No,15,660,1.1,0,No,Premium,6657.78,Yes,ORD00085,6657.78
AV01399,A7D9F541D3932924,,,Anonymous Prospect,8/2/2024,11:33,Mobile,Chrome,Returning,Direct Mail,DM_PLANS_Q324,South,/offer,2,Product Comparison,application educate,/plans/compare,Bounced/Browsed,3,218,4.8,0,No,Plus,,No,,0.0
AV01400,62F94DB6B9DED8D8,,,Anonymous Prospect,8/2/2024,13:08,Mobile,Safari,New,SEO,,East,/,1,Home Page,application educate,/,Bounced/Browsed,2,116,5.7,0,No,Premium,,No,,0.0
AV01401,56D47953294A4AAD,,,Anonymous Prospect,8/2/2024,14:16,Desktop,Firefox,New,Display,DSP_PLANS_Q324,South,/,1,Home Page,application educate,/,Bounced/Browsed,2,129,1.7,0,No,Elite,,No,,0.0
AV01402,AEF1376202313522,,,Anonymous Prospect,8/2/2024,15:47,Mobile,Chrome,New,Paid Social,SOC_SWITCH_Q324,East,/,2,Product Comparison,application educate,/plans/compare,Bounced/Browsed,6,184,1.0,0,No,Plus,,No,,0.0
AV01403,47C1B1B8F15125D0,,L0266,New Lead,8/2/2024,15:50,Mobile,Chrome,New,Email,EM_BRAND_Q324,South,/,8,Payment & Confirmation,application complete,,No,17,605,4.9,0,No,Plus,2802.21,Yes,ORD00086,2802.21
AV01404,8098C701D7F590FB,,,Anonymous Prospect,8/2/2024,16:49,Mobile,Safari,Returning,SEO,,East,/,2,Product Comparison,application educate,/plans/compare,Bounced/Browsed,5,221,4.0,0,No,Basic,,No,,0.0
AV01405,B6C77E561DC18DB9,,,Anonymous Prospect,8/2/2024,17:29,Mobile,Samsung Internet,New,Email,EM_PLANS_Q324,West,/,2,Product Comparison,application educate,/plans/compare,Bounced/Browsed,4,199,1.8,0,No,Basic,,No,,0.0
AV01406,7F8E7D0E37F0A3AA,,,Anonymous Prospect,8/2/2024,18:03,Desktop,Chrome,New,Paid Social,SOC_RENEW_Q324,North,/,1,Home Page,application educate,/,Bounced/Browsed,3,69,2.5,0,No,Premium,,No,,0.0
AV01407,69EB7E5F28BCFC01,,,Anonymous Prospect,8/2/2024,18:22,Mobile,Chrome,New,SEO,,West,/plans/compare,1,Home Page,application educate,/,Bounced/Browsed,2,95,1.9,0,No,Basic,,No,,0.0
AV01408,EB013F967304FE19,,,Anonymous Prospect,8/2/2024,21:12,Desktop,Chrome,New,Direct,,South,/,1,Home Page,application educate,/,Bounced/Browsed,4,123,2.0,0,No,Plus,,No,,0.0
AV01409,E6498C175FCF3D3F,,,Anonymous Prospect,8/3/2024,08:01,Tablet,Safari,New,Display,DSP_PREMIUM_Q324,West,/plans/compare,1,Home Page,application educate,/,Bounced/Browsed,2,85,2.8,0,No,Premium,,No,,0.0
AV01410,CE5B731C3F81507A,,,Anonymous Prospect,8/3/2024,08:59,Desktop,Edge,New,SEO,,West,/plans/compare,2,Product Comparison,application educate,/plans/compare,Bounced/Browsed,4,135,0.8,0,No,Plus,,No,,0.0
AV01411,7A226F9FEB175414,,,Anonymous Prospect,8/3/2024,09:54,Tablet,Safari,New,Direct,,South,/,2,Product Comparison,application educate,/plans/compare,Bounced/Browsed,3,227,1.6,0,No,Plus,,No,,0.0
AV01412,28FFCAA25B730D55,,,Anonymous Prospect,8/3/2024,11:28,Desktop,Chrome,Returning,Direct,,North,/,1,Home Page,application educate,/,Bounced/Browsed,4,134,1.4,0,No,Basic,,No,,0.0
AV01413,FCB4F015721FBAF5,,,Anonymous Prospect,8/3/2024,13:33,Mobile,Chrome,New,SEM,SEM_BRAND_Q324,North,/,3,Application Start,application start,/apply/start,Yes,4,296,5.1,0,No,Basic,,No,,0.0
AV01414,1FDE316F26579A96,,,Anonymous Prospect,8/3/2024,14:11,Desktop,Chrome,New,Direct,,North,/,2,Product Comparison,application educate,/plans/compare,Bounced/Browsed,5,116,1.5,0,No,Basic,,No,,0.0
AV01415,8641DCFAB6F6DC67,,,Anonymous Prospect,8/3/2024,16:18,Mobile,Chrome,New,SEO,,North,/,1,Home Page,application educate,/,Bounced/Browsed,1,129,4.4,0,No,Plus,,No,,0.0
AV01416,5D641301E53D4F80,,L0267,New Lead,8/3/2024,21:54,Mobile,Chrome,Returning,SEM,SEM_BRAND_Q324,West,/plans/compare,5,Identity Verification,application start,/apply/verify,Yes,8,485,3.2,2,No,Basic,,No,,0.0
AV01417,A4FAD61C221ADC38,,,Anonymous Prospect,8/3/2024,22:25,Mobile,Safari,New,SEM,SEM_BRAND_Q324,East,/,1,Home Page,application educate,/,Bounced/Browsed,4,71,1.6,0,No,Elite,,No,,0.0
AV01418,ADD69BD82F0BB8B2,C036,,Existing Customer,8/4/2024,06:40,Mobile,Safari,Returning,Direct,,South,/,4,Personal Details,application start,/apply/details,Yes,9,288,2.4,2,No,Premium,,No,,0.0
AV01419,875475929BF66E22,,,Anonymous Prospect,8/4/2024,07:03,Desktop,Safari,New,Affiliate,AFF_PLANS_Q324,South,/plans/compare,1,Home Page,application educate,/,Bounced/Browsed,1,81,2.9,0,No,Premium,,No,,0.0
AV01420,615F27AFDE78C564,,,Anonymous Prospect,8/4/2024,09:14,Desktop,Chrome,New,SEM,SEM_RENEW_Q324,East,/,3,Application Start,application start,/apply/start,Yes,5,297,0.6,0,No,Plus,,No,,0.0
AV01421,0A2B4D21FAD95EF9,,L0268,New Lead,8/4/2024,12:36,Desktop,Edge,Returning,Direct Mail,DM_PLANS_Q324,North,/offer,8,Payment & Confirmation,application complete,,No,19,772,2.4,0,No,Premium,6693.56,Yes,ORD00087,6693.56
AV01422,115BBDC2E6E44D25,,L0269,New Lead,8/4/2024,16:10,Mobile,Chrome,New,SEM,SEM_SWITCH_Q324,West,/plans/compare,5,Identity Verification,application start,/apply/verify,Yes,10,533,4.2,5,Yes,Premium,,No,,0.0
AV01423,A7904C0EA6026B8A,,,Anonymous Prospect,8/4/2024,16:32,Mobile,Safari,New,Direct Mail,DM_PLUS_Q324,West,/offer,1,Home Page,application educate,/,Bounced/Browsed,2,126,3.8,0,No,Plus,,No,,0.0
AV01424,B31A3ABC9DEBFC43,,,Anonymous Prospect,8/4/2024,18:32,Mobile,Chrome,New,Affiliate,AFF_SWITCH_Q324,West,/,1,Home Page,application educate,/,Bounced/Browsed,2,132,2.2,0,No,Plus,,No,,0.0
AV01425,9E87BEF5002D79F5,C025,,Existing Customer,8/4/2024,19:18,Mobile,Chrome,Returning,Direct Mail,DM_SWITCH_Q324,West,/offer,6,Plan Customization & Quote,application submit,/apply/quote,Yes,9,344,2.3,1,No,Elite,9254.78,No,,0.0
AV01426,FD5896D298B1D684,,L0270,New Lead,8/4/2024,20:13,Desktop,Safari,New,Direct Mail,DM_PLUS_Q324,West,/offer,4,Personal Details,application start,/apply/details,Yes,6,314,3.2,3,No,Plus,,No,,0.0
AV01427,672E4E010E3FAF49,,,Anonymous Prospect,8/4/2024,20:33,Mobile,Chrome,New,Direct,,South,/,2,Product Comparison,application educate,/plans/compare,Bounced/Browsed,4,173,5.0,0,No,Premium,,No,,0.0
AV01428,89F795C6F00AF0FA,,L0271,New Lead,8/4/2024,20:56,Mobile,Chrome,New,SEO,,East,/,7,Review & e-Sign,application submit,/apply/review,Yes,13,609,5.9,2,No,Basic,1880.32,No,,0.0
AV01429,57DABF4B288046A1,,,Anonymous Prospect,8/5/2024,07:22,Mobile,Safari,New,SEO,,South,/,1,Home Page,application educate,/,Bounced/Browsed,3,122,2.3,0,No,Basic,,No,,0.0
AV01430,3463D5B7EF3F6345,,,Anonymous Prospect,8/5/2024,09:41,Mobile,Chrome,New,SEO,,North,/plans/compare,1,Home Page,application educate,/,Bounced/Browsed,1,75,1.5,0,No,Plus,,No,,0.0
AV01431,85C1546A9A5C0CEA,,,Anonymous Prospect,8/5/2024,10:17,Mobile,Chrome,New,SEO,,West,/plans/compare,2,Product Comparison,application educate,/plans/compare,Bounced/Browsed,5,100,3.5,0,No,Premium,,No,,0.0
AV01432,FAD805791D3A15CA,,,Anonymous Prospect,8/5/2024,11:35,Mobile,Chrome,New,Display,DSP_BRAND_Q324,North,/,1,Home Page,application educate,/,Bounced/Browsed,3,104,3.5,0,No,Plus,,No,,0.0
AV01433,58C03B05FA56EB41,,,Anonymous Prospect,8/5/2024,11:55,Mobile,Chrome,New,Paid Social,SOC_PREMIUM_Q324,East,/,1,Home Page,application educate,/,Bounced/Browsed,2,108,3.8,0,No,Premium,,No,,0.0
AV01434,DB24A5C66B1F24AA,,,Anonymous Prospect,8/5/2024,12:56,Mobile,Safari,New,SEO,,East,/,2,Product Comparison,application educate,/plans/compare,Bounced/Browsed,3,128,2.6,0,No,Basic,,No,,0.0
AV01435,1AD030EBBB5F1DF7,,,Anonymous Prospect,8/5/2024,16:03,Tablet,Edge,New,Paid Social,SOC_PLUS_Q324,East,/plans/compare,1,Home Page,application educate,/,Bounced/Browsed,2,130,2.2,0,No,Plus,,No,,0.0
AV01436,3650B04012D47069,,,Anonymous Prospect,8/5/2024,16:46,Mobile,Chrome,Returning,SEM,SEM_SWITCH_Q324,West,/plans/compare,1,Home Page,application educate,/,Bounced/Browsed,3,74,5.6,0,No,Premium,,No,,0.0
AV01437,C1B006CE5C6A4FAA,,L0272,New Lead,8/5/2024,17:59,Mobile,Chrome,New,SEO,,East,/,6,Plan Customization & Quote,application submit,/apply/quote,Yes,9,368,4.3,0,No,Premium,4412.13,No,,0.0
AV01438,9A243869EED63A11,,L0273,New Lead,8/5/2024,21:28,Mobile,Safari,New,Direct Mail,DM_RENEW_Q324,North,/offer,5,Identity Verification,application start,/apply/verify,Yes,7,358,4.2,4,No,Basic,,No,,0.0
AV01439,44F2D13C13607FB0,,L0274,New Lead,8/5/2024,22:03,Desktop,Chrome,New,Affiliate,AFF_PREMIUM_Q324,West,/plans/compare,6,Plan Customization & Quote,application submit,/apply/quote,Yes,11,593,2.2,0,Yes,Premium,5247.8,No,,0.0
AV01440,333561F969699240,,,Anonymous Prospect,8/6/2024,06:52,Mobile,Safari,New,Paid Social,SOC_PLANS_Q324,North,/plans/compare,1,Home Page,application educate,/,Bounced/Browsed,3,103,3.0,0,No,Basic,,No,,0.0
AV01441,8CA6CECF53419653,,L0275,New Lead,8/6/2024,07:49,Mobile,Edge,New,Affiliate,AFF_PLUS_Q324,North,/plans/compare,4,Personal Details,application start,/apply/details,Yes,9,251,0.7,3,No,Plus,,No,,0.0
AV01442,BCCE606CE47135B4,,,Anonymous Prospect,8/6/2024,08:29,Mobile,Chrome,Returning,SEO,,West,/,2,Product Comparison,application educate,/plans/compare,Bounced/Browsed,5,235,4.6,0,No,Premium,,No,,0.0
AV01443,9ADA1E9109A676B0,,,Anonymous Prospect,8/6/2024,09:11,Desktop,Safari,New,SEM,SEM_SWITCH_Q324,East,/plans/compare,1,Home Page,application educate,/,Bounced/Browsed,1,111,1.2,0,No,Premium,,No,,0.0
AV01444,ADD69BD82F0BB8B2,C036,,Existing Customer,8/6/2024,09:25,Mobile,Chrome,Returning,Email,EM_PLUS_Q324,South,/,8,Payment & Confirmation,application complete,,No,16,748,5.4,0,No,Plus,2667.18,Yes,ORD00088,2667.18
AV01445,895C240B14625D5B,,,Anonymous Prospect,8/6/2024,11:24,Desktop,Chrome,Returning,Affiliate,AFF_SWITCH_Q324,North,/,2,Product Comparison,application educate,/plans/compare,Bounced/Browsed,5,251,1.6,0,No,Plus,,No,,0.0
AV01446,F82A827B0D20B53A,,,Anonymous Prospect,8/6/2024,13:13,Mobile,Chrome,New,Direct Mail,DM_PLUS_Q324,North,/offer,1,Home Page,application educate,/,Bounced/Browsed,3,100,2.8,0,No,Plus,,No,,0.0
AV01447,DA44911B9DAB239E,,,Anonymous Prospect,8/6/2024,14:09,Mobile,Safari,New,Direct,,North,/,3,Application Start,application start,/apply/start,Yes,5,298,5.7,0,No,Premium,,No,,0.0
AV01448,5DC4FC460499C873,,,Anonymous Prospect,8/6/2024,19:25,Mobile,Chrome,New,Paid Social,SOC_RENEW_Q324,East,/plans/compare,1,Home Page,application educate,/,Bounced/Browsed,3,128,4.1,0,No,Basic,,No,,0.0
AV01449,F4F085046A99434D,C060,,Existing Customer,8/6/2024,20:58,Mobile,Safari,Returning,Email,EM_SWITCH_Q324,North,/plans/compare,3,Application Start,application start,/apply/start,Yes,5,328,2.4,0,No,Basic,,No,,0.0
AV01450,805E2B80B929500E,,,Anonymous Prospect,8/6/2024,21:07,Mobile,Chrome,New,Paid Social,SOC_PLANS_Q324,East,/,1,Home Page,application educate,/,Bounced/Browsed,4,111,4.1,0,No,Premium,,No,,0.0
AV01451,04408592B95C3572,,,Anonymous Prospect,8/7/2024,07:44,Mobile,Chrome,New,Email,EM_PLUS_Q324,West,/,1,Home Page,application educate,/,Bounced/Browsed,2,85,4.5,0,No,Plus,,No,,0.0
AV01452,3CF36BDB9C155FD7,,,Anonymous Prospect,8/7/2024,09:29,Mobile,Chrome,Returning,SEM,SEM_SWITCH_Q324,South,/,1,Home Page,application educate,/,Bounced/Browsed,2,70,3.6,0,No,Plus,,No,,0.0
AV01453,6D99456C97CC3AEE,,,Anonymous Prospect,8/7/2024,10:05,Mobile,Safari,Returning,SEO,,South,/,1,Home Page,application educate,/,Bounced/Browsed,3,115,3.0,0,No,Elite,,No,,0.0
AV01454,32F8046D827DE31D,,L0276,New Lead,8/7/2024,10:17,Mobile,Firefox,New,Affiliate,AFF_PLANS_Q324,East,/,7,Review & e-Sign,application submit,/apply/review,Yes,15,633,5.5,0,Yes,Basic,2116.38,No,,0.0
AV01455,4299BB67419DA805,,,Anonymous Prospect,8/7/2024,11:14,Desktop,Edge,Returning,Direct,,West,/,1,Home Page,application educate,/,Bounced/Browsed,4,142,3.0,0,No,Basic,,No,,0.0
AV01456,DA3F831334DCDC96,,,Anonymous Prospect,8/7/2024,11:33,Desktop,Edge,New,Direct,,North,/,2,Product Comparison,application educate,/plans/compare,Bounced/Browsed,5,162,2.4,0,No,Plus,,No,,0.0
AV01457,C87D64A5269B90F9,,,Anonymous Prospect,8/7/2024,11:58,Desktop,Edge,New,Direct,,West,/,1,Home Page,application educate,/,Bounced/Browsed,2,139,3.6,0,No,Basic,,No,,0.0
AV01458,B1BFCD2C430468C4,,,Anonymous Prospect,8/7/2024,12:02,Desktop,Chrome,New,SEO,,North,/plans/compare,1,Home Page,application educate,/,Bounced/Browsed,3,74,1.7,0,No,Elite,,No,,0.0
AV01459,285365CD48657356,,,Anonymous Prospect,8/7/2024,14:27,Desktop,Safari,Returning,Direct,,East,/,2,Product Comparison,application educate,/plans/compare,Bounced/Browsed,4,168,2.0,0,No,Plus,,No,,0.0
AV01460,71C94425DAECA954,,L0277,New Lead,8/7/2024,14:42,Mobile,Edge,Returning,Paid Social,SOC_PLANS_Q324,East,/,5,Identity Verification,application start,/apply/verify,Yes,11,277,5.0,1,Yes,Basic,,No,,0.0
AV01461,9D87B44BA7FCA503,,L0278,New Lead,8/7/2024,15:52,Tablet,Chrome,New,SEM,SEM_BRAND_Q324,North,/,5,Identity Verification,application start,/apply/verify,Yes,13,358,2.7,4,No,Basic,,No,,0.0
AV01462,976F412D3D2F7898,,,Anonymous Prospect,8/7/2024,17:01,Tablet,Chrome,New,Paid Social,SOC_SWITCH_Q324,South,/,1,Home Page,application educate,/,Bounced/Browsed,4,106,2.9,0,Yes,Basic,,No,,0.0
AV01463,6FDE1FD9E30536DF,,,Anonymous Prospect,8/7/2024,19:09,Desktop,Safari,New,Affiliate,AFF_PLANS_Q324,West,/,2,Product Comparison,application educate,/plans/compare,Bounced/Browsed,4,184,2.7,0,No,Plus,,No,,0.0
AV01464,416018D4D545C472,,,Anonymous Prospect,8/7/2024,20:46,Mobile,Chrome,New,Display,DSP_RENEW_Q324,North,/,1,Home Page,application educate,/,Bounced/Browsed,3,132,5.1,0,No,Basic,,No,,0.0
AV01465,D89E10B0D6905712,,,Anonymous Prospect,8/7/2024,21:13,Mobile,Chrome,New,SEO,,West,/plans/compare,1,Home Page,application educate,/,Bounced/Browsed,4,146,1.6,0,No,Basic,,No,,0.0
AV01466,F847570568BC5F45,,L0279,New Lead,8/7/2024,22:41,Desktop,Safari,New,SEM,SEM_SWITCH_Q324,East,/,8,Payment & Confirmation,application complete,,No,14,571,2.3,0,No,Plus,3361.33,Yes,ORD00089,3361.33
AV01467,34C0B98C86EA31D9,,,Anonymous Prospect,8/8/2024,07:09,Mobile,Safari,New,SEM,SEM_RENEW_Q324,South,/,1,Home Page,application educate,/,Bounced/Browsed,1,133,4.2,0,No,Basic,,No,,0.0
AV01468,CDB9632DAA6B5098,,L0280,New Lead,8/8/2024,07:22,Mobile,Safari,New,Display,DSP_BASIC_Q324,North,/plans/compare,4,Personal Details,application start,/apply/details,Yes,8,320,4.3,0,No,Basic,,No,,0.0
AV01469,43D177E43F119374,,L0281,New Lead,8/8/2024,07:29,Mobile,Chrome,Returning,Paid Social,SOC_PLANS_Q324,South,/plans/compare,6,Plan Customization & Quote,application submit,/apply/quote,Yes,10,530,4.0,2,No,Plus,3650.94,No,,0.0
AV01470,8ABF8A3F2668ABC8,,,Anonymous Prospect,8/8/2024,09:04,Mobile,Safari,Returning,Display,DSP_BASIC_Q324,North,/plans/compare,1,Home Page,application educate,/,Bounced/Browsed,1,82,2.4,0,No,Basic,,No,,0.0
AV01471,5CC828B395EDDAD3,,,Anonymous Prospect,8/8/2024,12:30,Desktop,Safari,Returning,Affiliate,AFF_SWITCH_Q324,East,/,2,Product Comparison,application educate,/plans/compare,Bounced/Browsed,5,249,2.2,0,Yes,Plus,,No,,0.0
AV01472,BDFF778CCAB5C6BD,,L0282,New Lead,8/8/2024,13:06,Mobile,Firefox,New,SEM,SEM_PLANS_Q324,North,/plans/compare,5,Identity Verification,application start,/apply/verify,Yes,10,574,4.1,3,No,Plus,,No,,0.0
AV01473,501C02122B5B3A20,,L0283,New Lead,8/8/2024,14:08,Mobile,Safari,Returning,Direct,,East,/,8,Payment & Confirmation,application complete,,No,12,788,1.9,0,No,Plus,3834.05,Yes,ORD00090,3834.05
AV01474,4002DCF875424578,,L0284,New Lead,8/8/2024,14:50,Mobile,Safari,New,SEM,SEM_BRAND_Q324,East,/plans/compare,5,Identity Verification,application start,/apply/verify,Yes,7,341,1.6,3,No,Plus,,No,,0.0
AV01475,E205491A15EFDA82,,,Anonymous Prospect,8/8/2024,19:18,Desktop,Chrome,New,SEO,,East,/,2,Product Comparison,application educate,/plans/compare,Bounced/Browsed,5,252,1.4,0,No,Elite,,No,,0.0
AV01476,AB036D24112DC793,,L0285,New Lead,8/8/2024,22:00,Tablet,Chrome,New,Direct Mail,DM_RENEW_Q324,West,/offer,5,Identity Verification,application start,/apply/verify,Yes,10,413,2.7,3,Yes,Elite,,No,,0.0
AV01477,7FD4BE08E7AFC543,,,Anonymous Prospect,8/8/2024,22:10,Mobile,Firefox,New,Direct Mail,DM_PLUS_Q324,West,/offer,1,Home Page,application educate,/,Bounced/Browsed,3,125,4.6,0,No,Plus,,No,,0.0
AV01478,1B11D60E127E2CCB,,,Anonymous Prospect,8/9/2024,07:24,Mobile,Safari,Returning,Direct,,West,/,2,Product Comparison,application educate,/plans/compare,Bounced/Browsed,2,164,3.3,0,No,Plus,,No,,0.0
AV01479,CF012C3BD74D095F,,,Anonymous Prospect,8/9/2024,07:53,Desktop,Samsung Internet,New,SEO,,West,/,2,Product Comparison,application educate,/plans/compare,Bounced/Browsed,5,202,2.3,0,No,Basic,,No,,0.0
AV01480,67FADCC1060F7D07,,,Anonymous Prospect,8/9/2024,08:48,Mobile,Safari,New,Email,EM_RENEW_Q324,West,/plans/compare,1,Home Page,application educate,/,Bounced/Browsed,3,138,2.2,0,No,Elite,,No,,0.0
AV01481,5F19CA96956BB2AC,C061,,Existing Customer,8/9/2024,09:08,Mobile,Safari,Returning,Email,EM_BRAND_Q324,West,/,5,Identity Verification,application start,/apply/verify,Yes,7,523,5.0,2,No,Plus,,No,,0.0
AV01482,53B1F2CFB60C9105,,L0286,New Lead,8/9/2024,11:17,Mobile,Chrome,New,Affiliate,AFF_RENEW_Q324,East,/plans/compare,4,Personal Details,application start,/apply/details,Yes,7,369,4.6,1,No,Elite,,No,,0.0
AV01483,0627230F43C604D4,C088,,Existing Customer,8/9/2024,11:28,Tablet,Safari,New,Direct Mail,DM_BRAND_Q324,South,/offer,2,Product Comparison,application educate,/plans/compare,Bounced/Browsed,2,180,0.7,0,No,Premium,,No,,0.0
AV01484,8413332790B68B82,,,Anonymous Prospect,8/9/2024,12:11,Mobile,Safari,New,SEO,,South,/plans/compare,2,Product Comparison,application educate,/plans/compare,Bounced/Browsed,6,170,0.8,0,No,Plus,,No,,0.0
AV01485,18468FC553FD4923,,,Anonymous Prospect,8/9/2024,12:25,Desktop,Chrome,New,Direct,,North,/,2,Product Comparison,application educate,/plans/compare,Bounced/Browsed,5,233,1.8,0,No,Premium,,No,,0.0
AV01486,1E7122C7A6EC9BCC,,,Anonymous Prospect,8/9/2024,12:31,Mobile,Chrome,New,Email,EM_RENEW_Q324,West,/plans/compare,2,Product Comparison,application educate,/plans/compare,Bounced/Browsed,6,251,4.1,0,No,Basic,,No,,0.0
AV01487,B613B10BE9256269,,,Anonymous Prospect,8/9/2024,15:08,Mobile,Firefox,Returning,Email,EM_RENEW_Q324,North,/,2,Product Comparison,application educate,/plans/compare,Bounced/Browsed,4,234,5.4,0,No,Elite,,No,,0.0
AV01488,F58170125AB61F5D,,,Anonymous Prospect,8/9/2024,16:12,Desktop,Chrome,New,Direct,,West,/,2,Product Comparison,application educate,/plans/compare,Bounced/Browsed,4,166,1.7,0,No,Plus,,No,,0.0
AV01489,F1A4D97DDC58F006,,L0287,New Lead,8/9/2024,17:35,Mobile,Firefox,New,SEO,,South,/plans/compare,8,Payment & Confirmation,application complete,,No,16,645,5.1,0,No,Basic,1252.31,Yes,ORD00091,1252.31
AV01490,88D3FF0146E0186E,,L0288,New Lead,8/9/2024,19:02,Desktop,Chrome,New,Direct Mail,DM_PLANS_Q324,East,/offer,5,Identity Verification,application start,/apply/verify,Yes,11,305,2.1,2,No,Basic,,No,,0.0
AV01491,E99B46620D421151,,,Anonymous Prospect,8/9/2024,19:28,Desktop,Samsung Internet,Returning,Paid Social,SOC_BRAND_Q324,East,/plans/compare,1,Home Page,application educate,/,Bounced/Browsed,1,120,2.7,0,No,Premium,,No,,0.0
AV01492,7ABDED66039656DE,,L0289,New Lead,8/9/2024,20:03,Mobile,Chrome,Returning,SEM,SEM_RENEW_Q324,South,/plans/compare,5,Identity Verification,application start,/apply/verify,Yes,8,435,4.5,6,Yes,Elite,,No,,0.0
AV01493,C1CDC625EAC14F96,,,Anonymous Prospect,8/9/2024,22:46,Desktop,Edge,Returning,Direct,,East,/,1,Home Page,application educate,/,Bounced/Browsed,2,144,1.7,0,No,Premium,,No,,0.0
AV01494,95212332C0A70CE9,,,Anonymous Prospect,8/10/2024,06:55,Mobile,Chrome,Returning,SEM,SEM_RENEW_Q324,South,/plans/compare,1,Home Page,application educate,/,Bounced/Browsed,3,160,4.7,0,No,Plus,,No,,0.0
AV01495,9A30123B9416A11B,C044,,Existing Customer,8/10/2024,08:05,Desktop,Firefox,New,SEO,,South,/,1,Home Page,application educate,/,Bounced/Browsed,2,77,0.6,0,No,Elite,,No,,0.0
AV01496,9D08207C42CE51DB,,,Anonymous Prospect,8/10/2024,08:14,Desktop,Safari,New,Affiliate,AFF_SWITCH_Q324,East,/,1,Home Page,application educate,/,Bounced/Browsed,3,140,1.2,0,No,Plus,,No,,0.0
AV01497,DEA5C613263969FB,,,Anonymous Prospect,8/10/2024,08:51,Desktop,Edge,New,Display,DSP_BASIC_Q324,North,/plans/compare,2,Product Comparison,application educate,/plans/compare,Bounced/Browsed,2,196,2.0,0,No,Basic,,No,,0.0
AV01498,EC20F098A6A34D68,,,Anonymous Prospect,8/10/2024,09:19,Mobile,Safari,New,SEO,,North,/,3,Application Start,application start,/apply/start,Yes,5,220,1.5,0,No,Basic,,No,,0.0
AV01499,53AA0671058DA61F,,,Anonymous Prospect,8/10/2024,14:06,Mobile,Edge,New,SEO,,West,/,1,Home Page,application educate,/,Bounced/Browsed,1,154,4.8,0,No,Elite,,No,,0.0
AV01500,788773C8D7957C22,,,Anonymous Prospect,8/10/2024,14:59,Mobile,Chrome,New,Display,DSP_RENEW_Q324,South,/plans/compare,2,Product Comparison,application educate,/plans/compare,Bounced/Browsed,5,168,4.1,0,No,Basic,,No,,0.0
AV01501,27C13A8DE0086A49,,,Anonymous Prospect,8/10/2024,15:20,Mobile,Chrome,Returning,Direct Mail,DM_BRAND_Q324,East,/offer,1,Home Page,application educate,/,Bounced/Browsed,2,141,1.9,0,No,Basic,,No,,0.0
AV01502,94CFA58E0C8E6857,,,Anonymous Prospect,8/10/2024,15:33,Mobile,Firefox,New,SEM,SEM_RENEW_Q324,South,/plans/compare,2,Product Comparison,application educate,/plans/compare,Bounced/Browsed,4,126,3.9,0,No,Plus,,No,,0.0
AV01503,11A8F0AB46E7C994,,,Anonymous Prospect,8/10/2024,15:44,Mobile,Safari,New,Direct Mail,DM_RENEW_Q324,South,/offer,2,Product Comparison,application educate,/plans/compare,Bounced/Browsed,6,196,2.3,0,No,Basic,,No,,0.0
AV01504,AEC39406F49D84AC,,,Anonymous Prospect,8/10/2024,16:04,Mobile,Safari,New,Affiliate,AFF_BRAND_Q324,East,/plans/compare,2,Product Comparison,application educate,/plans/compare,Bounced/Browsed,2,180,5.8,0,No,Premium,,No,,0.0
AV01505,4A0BA3D40ED1432D,,L0290,New Lead,8/10/2024,16:51,Mobile,Edge,Returning,Email,EM_PLANS_Q324,West,/plans/compare,8,Payment & Confirmation,application complete,,No,11,869,1.7,0,No,Basic,2358.87,Yes,ORD00092,2358.87
AV01506,B2D40AC7061AAD9B,,,Anonymous Prospect,8/10/2024,17:12,Mobile,Samsung Internet,New,SEO,,South,/,2,Product Comparison,application educate,/plans/compare,Bounced/Browsed,3,178,4.9,0,No,Plus,,No,,0.0
AV01507,14CB2D15FBC8CEAB,C009,,Existing Customer,8/10/2024,19:43,Desktop,Samsung Internet,Returning,SEM,SEM_BRAND_Q324,North,/plans/compare,8,Payment & Confirmation,application complete,,No,18,401,2.0,0,No,Elite,10080.18,Yes,ORD00093,10080.18
AV01508,593B9CA8C3CABD8E,,,Anonymous Prospect,8/10/2024,20:03,Mobile,Chrome,New,Affiliate,AFF_SWITCH_Q324,East,/,1,Home Page,application educate,/,Bounced/Browsed,1,100,5.0,0,No,Premium,,No,,0.0
AV01509,72DFBB373AAD1A5D,,,Anonymous Prospect,8/10/2024,20:50,Mobile,Firefox,New,Display,DSP_RENEW_Q324,North,/plans/compare,1,Home Page,application educate,/,Bounced/Browsed,2,115,4.1,0,No,Premium,,No,,0.0
AV01510,D812A75B56B93D1B,,,Anonymous Prospect,8/10/2024,21:37,Desktop,Chrome,New,Paid Social,SOC_RENEW_Q324,East,/,2,Product Comparison,application educate,/plans/compare,Bounced/Browsed,2,151,1.0,0,No,Plus,,No,,0.0
AV01511,EBFA454F2703F0CA,,,Anonymous Prospect,8/10/2024,22:11,Mobile,Safari,New,Display,DSP_BRAND_Q324,South,/plans/compare,2,Product Comparison,application educate,/plans/compare,Bounced/Browsed,3,219,1.5,0,No,Basic,,No,,0.0
AV01512,6C51B344CCA170B7,,,Anonymous Prospect,8/10/2024,22:35,Mobile,Safari,New,Direct,,West,/,1,Home Page,application educate,/,Bounced/Browsed,1,113,2.5,0,No,Plus,,No,,0.0
AV01513,5DD914FF8819C19C,,L0291,New Lead,8/11/2024,06:28,Mobile,Chrome,New,SEM,SEM_RENEW_Q324,South,/plans/compare,4,Personal Details,application start,/apply/details,Yes,9,265,1.0,0,No,Premium,,No,,0.0
AV01514,53B179455CA511FF,,,Anonymous Prospect,8/11/2024,09:43,Desktop,Chrome,New,SEM,SEM_BRAND_Q324,West,/,2,Product Comparison,application educate,/plans/compare,Bounced/Browsed,5,196,2.1,0,No,Plus,,No,,0.0
AV01515,5D57695AD3644D27,,,Anonymous Prospect,8/11/2024,10:05,Mobile,Edge,Returning,SEO,,North,/,1,Home Page,application educate,/,Bounced/Browsed,3,154,2.3,0,No,Basic,,No,,0.0
AV01516,BC962BE1B13A8A94,,,Anonymous Prospect,8/11/2024,10:32,Desktop,Safari,New,Direct Mail,DM_PLANS_Q324,South,/offer,3,Application Start,application start,/apply/start,Yes,6,259,2.6,0,No,Elite,,No,,0.0
AV01517,9B3031FC4AE363DE,,,Anonymous Prospect,8/11/2024,10:51,Desktop,Firefox,New,Direct,,South,/,2,Product Comparison,application educate,/plans/compare,Bounced/Browsed,5,256,3.3,0,No,Basic,,No,,0.0
AV01518,14021834AAB8359C,,,Anonymous Prospect,8/11/2024,11:50,Mobile,Samsung Internet,New,SEM,SEM_SWITCH_Q324,East,/,2,Product Comparison,application educate,/plans/compare,Bounced/Browsed,5,236,1.6,0,No,Premium,,No,,0.0
AV01519,38FEC235A6B86357,,,Anonymous Prospect,8/11/2024,15:54,Mobile,Chrome,New,SEM,SEM_BRAND_Q324,North,/,1,Home Page,application educate,/,Bounced/Browsed,2,89,4.4,0,No,Plus,,No,,0.0
AV01520,F61A5E454093BCD9,C028,,Existing Customer,8/11/2024,16:00,Desktop,Chrome,Returning,SEO,,North,/,2,Product Comparison,application educate,/plans/compare,Bounced/Browsed,4,145,1.6,0,Yes,Premium,,No,,0.0
AV01521,314FC4B09DF75EE2,,,Anonymous Prospect,8/11/2024,16:32,Desktop,Samsung Internet,New,SEO,,West,/plans/compare,2,Product Comparison,application educate,/plans/compare,Bounced/Browsed,6,261,2.8,0,No,Premium,,No,,0.0
AV01522,3608AE62E8CD868E,,,Anonymous Prospect,8/11/2024,16:41,Mobile,Safari,New,SEM,SEM_SWITCH_Q324,West,/,2,Product Comparison,application educate,/plans/compare,Bounced/Browsed,5,156,4.6,0,No,Premium,,No,,0.0
AV01523,816D39815EB428B2,,,Anonymous Prospect,8/11/2024,18:15,Mobile,Safari,New,SEO,,South,/,1,Home Page,application educate,/,Bounced/Browsed,3,107,4.4,0,No,Basic,,No,,0.0
AV01524,1B9E3F5FABD76E41,,L0292,New Lead,8/11/2024,19:29,Tablet,Chrome,New,SEO,,West,/,5,Identity Verification,application start,/apply/verify,Yes,10,330,2.3,0,No,Premium,,No,,0.0
AV01525,5C5CF9FD634D092F,,,Anonymous Prospect,8/11/2024,22:16,Mobile,Safari,Returning,Affiliate,AFF_BRAND_Q324,East,/plans/compare,1,Home Page,application educate,/,Bounced/Browsed,3,149,3.9,0,No,Premium,,No,,0.0
AV01526,7826229D11805C4D,,L0293,New Lead,8/11/2024,22:41,Mobile,Chrome,Returning,SEM,SEM_BASIC_Q324,North,/,8,Payment & Confirmation,application complete,,No,14,869,1.7,0,No,Basic,2333.96,Yes,ORD00094,2333.96
AV01527,6A4626D8D795B30C,,,Anonymous Prospect,8/12/2024,06:23,Mobile,Chrome,New,SEO,,South,/,1,Home Page,application educate,/,Bounced/Browsed,1,114,2.4,0,No,Plus,,No,,0.0
AV01528,476485A869321300,,L0294,New Lead,8/12/2024,06:23,Mobile,Safari,New,Affiliate,AFF_BRAND_Q324,North,/,4,Personal Details,application start,/apply/details,Yes,10,408,3.7,2,No,Plus,,No,,0.0
AV01529,CA3BBDB597E1562B,,,Anonymous Prospect,8/12/2024,11:15,Mobile,Safari,New,Affiliate,AFF_SWITCH_Q324,South,/,1,Home Page,application educate,/,Bounced/Browsed,3,117,1.3,0,No,Basic,,No,,0.0
AV01530,3B98A6CECA86B01F,,,Anonymous Prospect,8/12/2024,11:38,Mobile,Chrome,Returning,SEM,SEM_ELITE_Q324,North,/plans/compare,2,Product Comparison,application educate,/plans/compare,Bounced/Browsed,4,219,2.2,0,No,Elite,,No,,0.0
AV01531,5432F10614460A71,,,Anonymous Prospect,8/12/2024,11:46,Mobile,Safari,New,Paid Social,SOC_RENEW_Q324,North,/,1,Home Page,application educate,/,Bounced/Browsed,3,109,3.8,0,No,Plus,,No,,0.0
AV01532,5B75DC1E7F9EB7CA,,,Anonymous Prospect,8/12/2024,14:09,Desktop,Safari,New,SEM,SEM_RENEW_Q324,West,/,2,Product Comparison,application educate,/plans/compare,Bounced/Browsed,5,183,2.2,0,No,Elite,,No,,0.0
AV01533,B2A5FEB8046E6F4F,,,Anonymous Prospect,8/12/2024,14:25,Mobile,Samsung Internet,New,Email,EM_RENEW_Q324,West,/,2,Product Comparison,application educate,/plans/compare,Bounced/Browsed,3,224,4.6,0,No,Plus,,No,,0.0
AV01534,475359EDE8FA3D83,,,Anonymous Prospect,8/12/2024,15:02,Mobile,Chrome,New,SEM,SEM_PLUS_Q324,West,/plans/compare,2,Product Comparison,application educate,/plans/compare,Bounced/Browsed,3,140,2.8,0,No,Plus,,No,,0.0
AV01535,AE6A00BBC6F01C67,,L0295,New Lead,8/12/2024,15:49,Mobile,Chrome,Returning,SEO,,West,/,5,Identity Verification,application start,/apply/verify,Yes,8,286,4.5,1,No,Plus,,No,,0.0
AV01536,3219FE24CC7EC5B3,,,Anonymous Prospect,8/12/2024,18:42,Mobile,Chrome,New,SEO,,South,/,2,Product Comparison,application educate,/plans/compare,Bounced/Browsed,3,152,2.9,0,No,Basic,,No,,0.0
AV01537,3EF365BE1C69D8AB,,,Anonymous Prospect,8/12/2024,20:22,Mobile,Safari,New,Direct,,East,/,2,Product Comparison,application educate,/plans/compare,Bounced/Browsed,6,217,5.3,0,No,Basic,,No,,0.0
AV01538,AD2FFE13B4C0404D,,,Anonymous Prospect,8/12/2024,21:58,Mobile,Edge,New,SEO,,West,/,1,Home Page,application educate,/,Bounced/Browsed,3,117,5.6,0,No,Premium,,No,,0.0
AV01539,74DE545D54C8B3D2,,,Anonymous Prospect,8/12/2024,22:12,Mobile,Safari,New,Paid Social,SOC_SWITCH_Q324,East,/plans/compare,1,Home Page,application educate,/,Bounced/Browsed,2,154,2.0,0,No,Premium,,No,,0.0
AV01540,B21F711A593CAA0D,,,Anonymous Prospect,8/12/2024,22:44,Desktop,Safari,New,Paid Social,SOC_BRAND_Q324,North,/,2,Product Comparison,application educate,/plans/compare,Bounced/Browsed,4,200,1.4,0,No,Plus,,No,,0.0
AV01541,7BA3F3767D3EC5C1,,,Anonymous Prospect,8/12/2024,22:49,Mobile,Chrome,New,Email,EM_PREMIUM_Q324,South,/,1,Home Page,application educate,/,Bounced/Browsed,2,88,4.0,0,No,Premium,,No,,0.0
AV01542,01AC2A573679BC34,,,Anonymous Prospect,8/13/2024,12:17,Desktop,Chrome,New,SEM,SEM_PLUS_Q324,South,/,2,Product Comparison,application educate,/plans/compare,Bounced/Browsed,6,189,1.7,0,No,Plus,,No,,0.0
AV01543,ADC3C26606975999,,,Anonymous Prospect,8/13/2024,12:41,Mobile,Safari,Returning,Paid Social,SOC_PREMIUM_Q324,East,/,2,Product Comparison,application educate,/plans/compare,Bounced/Browsed,3,229,3.7,0,No,Premium,,No,,0.0
AV01544,A3C09C84BD4F244C,,,Anonymous Prospect,8/13/2024,14:42,Desktop,Firefox,New,SEO,,West,/,1,Home Page,application educate,/,Bounced/Browsed,1,97,3.2,0,No,Plus,,No,,0.0
AV01545,ED3B6D2709E955A4,,,Anonymous Prospect,8/13/2024,15:54,Mobile,Edge,New,SEO,,North,/plans/compare,2,Product Comparison,application educate,/plans/compare,Bounced/Browsed,3,192,4.0,0,No,Plus,,No,,0.0
AV01546,9B5F5CDB28EBAC81,,,Anonymous Prospect,8/13/2024,16:12,Mobile,Chrome,New,Direct,,North,/,1,Home Page,application educate,/,Bounced/Browsed,3,96,2.2,0,No,Premium,,No,,0.0
AV01547,9825F244B5A5E886,,,Anonymous Prospect,8/13/2024,17:43,Mobile,Chrome,New,Email,EM_BRAND_Q324,South,/,1,Home Page,application educate,/,Bounced/Browsed,3,118,5.1,0,No,Basic,,No,,0.0
AV01548,4DE25A052CE2D88F,,,Anonymous Prospect,8/13/2024,20:28,Mobile,Chrome,New,Direct,,North,/,2,Product Comparison,application educate,/plans/compare,Bounced/Browsed,4,180,5.9,0,No,Plus,,No,,0.0
AV01549,185710880E1076E1,,,Anonymous Prospect,8/13/2024,22:44,Mobile,Firefox,New,Display,DSP_PLANS_Q324,East,/,1,Home Page,application educate,/,Bounced/Browsed,1,84,3.8,0,No,Basic,,No,,0.0
AV01550,2711D074EA86DD23,,L0296,New Lead,8/13/2024,22:45,Desktop,Chrome,New,Paid Social,SOC_BASIC_Q324,East,/,6,Plan Customization & Quote,application submit,/apply/quote,Yes,12,601,2.3,4,No,Basic,2193.88,No,,0.0
AV01551,96B8BA846A08F20C,,L0297,New Lead,8/14/2024,07:53,Mobile,Samsung Internet,Returning,Direct,,East,/,8,Payment & Confirmation,application complete,,No,11,859,3.4,0,No,Plus,3105.03,Yes,ORD00095,3105.03
AV01552,14CB2D15FBC8CEAB,C009,,Existing Customer,8/14/2024,08:44,Desktop,Firefox,Returning,Direct,,North,/,2,Product Comparison,application educate,/plans/compare,Bounced/Browsed,5,148,1.8,0,No,Plus,,No,,0.0
AV01553,5FFC73CA807EDBD9,,,Anonymous Prospect,8/14/2024,08:46,Desktop,Safari,New,Direct,,North,/,2,Product Comparison,application educate,/plans/compare,Bounced/Browsed,3,201,1.4,0,No,Basic,,No,,0.0
AV01554,1F36B52444F518D4,,,Anonymous Prospect,8/14/2024,09:05,Mobile,Chrome,Returning,Email,EM_RENEW_Q324,West,/plans/compare,2,Product Comparison,application educate,/plans/compare,Bounced/Browsed,4,149,1.6,0,No,Basic,,No,,0.0
AV01555,95AF8B3D95B3B35B,,,Anonymous Prospect,8/14/2024,09:29,Desktop,Chrome,Returning,SEM,SEM_BRAND_Q324,East,/plans/compare,2,Product Comparison,application educate,/plans/compare,Bounced/Browsed,4,164,2.1,0,No,Plus,,No,,0.0
AV01556,1A161E3ED2A033F9,,,Anonymous Prospect,8/14/2024,09:56,Mobile,Safari,New,Affiliate,AFF_BASIC_Q324,East,/plans/compare,2,Product Comparison,application educate,/plans/compare,Bounced/Browsed,5,133,5.0,0,No,Basic,,No,,0.0
AV01557,08D59D2E0D97BB94,,,Anonymous Prospect,8/14/2024,10:25,Mobile,Samsung Internet,New,Paid Social,SOC_PLANS_Q324,West,/plans/compare,1,Home Page,application educate,/,Bounced/Browsed,3,128,4.2,0,No,Premium,,No,,0.0
AV01558,A774B39749AAA12B,,,Anonymous Prospect,8/14/2024,11:55,Mobile,Edge,Returning,Display,DSP_ELITE_Q324,South,/,1,Home Page,application educate,/,Bounced/Browsed,2,106,4.3,0,No,Elite,,No,,0.0
AV01559,F1CC52D7C121EB7D,,,Anonymous Prospect,8/14/2024,13:43,Mobile,Chrome,New,Display,DSP_RENEW_Q324,West,/plans/compare,1,Home Page,application educate,/,Bounced/Browsed,2,113,1.5,0,Yes,Premium,,No,,0.0
AV01560,6EE416BE2BAD409D,,,Anonymous Prospect,8/14/2024,16:18,Mobile,Chrome,New,SEM,SEM_SWITCH_Q324,East,/plans/compare,2,Product Comparison,application educate,/plans/compare,Bounced/Browsed,5,170,4.4,0,No,Elite,,No,,0.0
AV01561,EAC5CD6252E0B0E0,,,Anonymous Prospect,8/14/2024,16:52,Tablet,Chrome,New,Paid Social,SOC_PLUS_Q324,South,/,1,Home Page,application educate,/,Bounced/Browsed,2,81,2.9,0,No,Plus,,No,,0.0
AV01562,ACB08BEE867BF430,,,Anonymous Prospect,8/14/2024,17:09,Desktop,Safari,New,Affiliate,AFF_SWITCH_Q324,South,/,2,Product Comparison,application educate,/plans/compare,Bounced/Browsed,2,202,1.4,0,No,Premium,,No,,0.0
AV01563,C337E13B7A1C5EFA,,,Anonymous Prospect,8/14/2024,17:46,Mobile,Safari,New,Paid Social,SOC_BRAND_Q324,North,/,1,Home Page,application educate,/,Bounced/Browsed,2,116,1.4,0,No,Elite,,No,,0.0
AV01564,B20B62ECB4BE552A,,L0298,New Lead,8/14/2024,20:02,Mobile,Firefox,Returning,SEO,,North,/plans/compare,6,Plan Customization & Quote,application submit,/apply/quote,Yes,13,471,3.9,2,Yes,Plus,3751.84,No,,0.0
AV01565,980461EDAD4D232D,,L0299,New Lead,8/14/2024,22:19,Desktop,Edge,New,Direct Mail,DM_SWITCH_Q324,West,/offer,6,Plan Customization & Quote,application submit,/apply/quote,Yes,10,375,0.9,0,No,Premium,5662.26,No,,0.0
AV01566,9FD5D1A5523E4BB9,,,Anonymous Prospect,8/15/2024,06:04,Desktop,Firefox,New,Display,DSP_PLUS_Q324,West,/,1,Home Page,application educate,/,Bounced/Browsed,2,154,3.0,0,No,Plus,,No,,0.0
AV01567,68DA1DDD70481D0E,,,Anonymous Prospect,8/15/2024,06:43,Desktop,Safari,New,Direct,,South,/,2,Product Comparison,application educate,/plans/compare,Bounced/Browsed,4,255,0.9,0,No,Premium,,No,,0.0
AV01568,54FDCAF7293118D4,,,Anonymous Prospect,8/15/2024,06:55,Mobile,Safari,New,Direct,,North,/,1,Home Page,application educate,/,Bounced/Browsed,2,130,2.0,0,No,Basic,,No,,0.0
AV01569,B0050332C9BC4AC4,,,Anonymous Prospect,8/15/2024,06:55,Desktop,Chrome,New,SEM,SEM_RENEW_Q324,West,/,2,Product Comparison,application educate,/plans/compare,Bounced/Browsed,5,135,1.4,0,No,Premium,,No,,0.0
AV01570,27E12358A77CF9A6,,,Anonymous Prospect,8/15/2024,08:00,Tablet,Chrome,New,SEM,SEM_RENEW_Q324,West,/,1,Home Page,application educate,/,Bounced/Browsed,2,135,2.0,0,Yes,Plus,,No,,0.0
AV01571,6D32B2C6F3C8E720,,,Anonymous Prospect,8/15/2024,09:48,Mobile,Safari,Returning,SEM,SEM_PLANS_Q324,East,/,1,Home Page,application educate,/,Bounced/Browsed,2,134,1.8,0,No,Basic,,No,,0.0
AV01572,359EAED4C92AA380,,,Anonymous Prospect,8/15/2024,10:09,Desktop,Chrome,New,SEO,,South,/plans/compare,2,Product Comparison,application educate,/plans/compare,Bounced/Browsed,3,150,2.8,0,No,Basic,,No,,0.0
AV01573,C221D9F69435AA26,,,Anonymous Prospect,8/15/2024,10:33,Tablet,Chrome,New,SEM,SEM_BRAND_Q324,South,/,2,Product Comparison,application educate,/plans/compare,Bounced/Browsed,3,203,1.8,0,No,Basic,,No,,0.0
AV01574,C88892100C31ACD9,,,Anonymous Prospect,8/15/2024,11:49,Desktop,Safari,New,SEO,,West,/,1,Home Page,application educate,/,Bounced/Browsed,4,154,1.5,0,No,Basic,,No,,0.0
AV01575,8FC07360D05A22D0,,,Anonymous Prospect,8/15/2024,12:01,Mobile,Safari,New,SEO,,East,/,1,Home Page,application educate,/,Bounced/Browsed,1,132,2.8,0,No,Elite,,No,,0.0
AV01576,0C599AD1B0687369,,,Anonymous Prospect,8/15/2024,13:46,Tablet,Chrome,Returning,SEO,,South,/plans/compare,2,Product Comparison,application educate,/plans/compare,Bounced/Browsed,4,138,2.6,0,No,Basic,,No,,0.0
AV01577,877B420F52EAC28B,,,Anonymous Prospect,8/15/2024,14:47,Desktop,Safari,New,Paid Social,SOC_PLANS_Q324,East,/,2,Product Comparison,application educate,/plans/compare,Bounced/Browsed,5,186,1.6,0,No,Premium,,No,,0.0
AV01578,A7197E648AE4A7C5,,,Anonymous Prospect,8/15/2024,15:10,Tablet,Chrome,Returning,Paid Social,SOC_BRAND_Q324,South,/,2,Product Comparison,application educate,/plans/compare,Bounced/Browsed,5,151,1.7,0,No,Plus,,No,,0.0
AV01579,E6CE5E7D183FF928,,,Anonymous Prospect,8/15/2024,17:14,Mobile,Chrome,New,Direct,,East,/,1,Home Page,application educate,/,Bounced/Browsed,3,104,4.0,0,No,Premium,,No,,0.0
AV01580,A1F02804CA66DA00,,,Anonymous Prospect,8/15/2024,20:08,Desktop,Firefox,Returning,Email,EM_BRAND_Q324,East,/,1,Home Page,application educate,/,Bounced/Browsed,3,119,2.7,0,No,Plus,,No,,0.0
AV01581,7F97BC7965B83EB3,,,Anonymous Prospect,8/15/2024,20:35,Mobile,Chrome,Returning,Direct,,West,/,1,Home Page,application educate,/,Bounced/Browsed,4,119,1.3,0,No,Basic,,No,,0.0
AV01582,52E7790B677BAC8F,,,Anonymous Prospect,8/15/2024,21:47,Mobile,Chrome,New,SEM,SEM_RENEW_Q324,North,/plans/compare,2,Product Comparison,application educate,/plans/compare,Bounced/Browsed,4,191,3.1,0,No,Premium,,No,,0.0
AV01583,3CE17F2094C26114,,,Anonymous Prospect,8/16/2024,06:41,Desktop,Safari,Returning,SEO,,North,/,1,Home Page,application educate,/,Bounced/Browsed,1,138,1.1,0,No,Plus,,No,,0.0
AV01584,F2C6FBD78307F293,,,Anonymous Prospect,8/16/2024,06:48,Mobile,Chrome,New,SEO,,West,/plans/compare,1,Home Page,application educate,/,Bounced/Browsed,2,95,4.9,0,No,Plus,,No,,0.0
AV01585,27DF2861B2312EE5,,,Anonymous Prospect,8/16/2024,06:59,Desktop,Chrome,New,SEM,SEM_BRAND_Q324,North,/plans/compare,2,Product Comparison,application educate,/plans/compare,Bounced/Browsed,5,137,1.7,0,No,Plus,,No,,0.0
AV01586,EFE7E187E79C870A,,,Anonymous Prospect,8/16/2024,09:32,Desktop,Samsung Internet,New,SEO,,West,/,1,Home Page,application educate,/,Bounced/Browsed,2,114,2.4,0,No,Plus,,No,,0.0
AV01587,00E16D30C9474111,,L0300,New Lead,8/16/2024,09:36,Desktop,Chrome,New,SEO,,North,/,7,Review & e-Sign,application submit,/apply/review,Yes,15,777,2.9,0,No,Elite,6937.75,No,,0.0
AV01588,DEAF404F8E66CCE4,,,Anonymous Prospect,8/16/2024,10:06,Mobile,Safari,New,Direct,,West,/,1,Home Page,application educate,/,Bounced/Browsed,4,92,4.5,0,No,Premium,,No,,0.0
AV01589,38E5EC194121C33C,,,Anonymous Prospect,8/16/2024,12:34,Mobile,Safari,New,Paid Social,SOC_BRAND_Q324,East,/plans/compare,2,Product Comparison,application educate,/plans/compare,Bounced/Browsed,6,165,3.0,0,No,Premium,,No,,0.0
AV01590,61F9B11070A38652,,,Anonymous Prospect,8/16/2024,14:10,Mobile,Chrome,New,Email,EM_BRAND_Q324,West,/,2,Product Comparison,application educate,/plans/compare,Bounced/Browsed,6,183,4.9,0,No,Basic,,No,,0.0
AV01591,E0EC44C499BA7413,,,Anonymous Prospect,8/16/2024,14:53,Mobile,Safari,New,Paid Social,SOC_SWITCH_Q324,North,/plans/compare,3,Application Start,application start,/apply/start,Yes,6,260,2.2,0,No,Premium,,No,,0.0
AV01592,0BD206F22447EBC9,C065,,Existing Customer,8/16/2024,15:18,Tablet,Chrome,New,Email,EM_PLANS_Q324,South,/plans/compare,8,Payment & Confirmation,application complete,,No,11,601,1.8,0,No,Elite,9621.45,Yes,ORD00096,9621.45
AV01593,FD379460A4F076E8,,,Anonymous Prospect,8/16/2024,15:27,Mobile,Chrome,New,SEO,,North,/plans/compare,1,Home Page,application educate,/,Bounced/Browsed,2,138,4.2,0,No,Premium,,No,,0.0
AV01594,9573DC97B9F90F1C,,,Anonymous Prospect,8/16/2024,16:47,Mobile,Chrome,Returning,Direct,,East,/,2,Product Comparison,application educate,/plans/compare,Bounced/Browsed,2,228,2.6,0,No,Plus,,No,,0.0
AV01595,A65FDE8370B75835,,,Anonymous Prospect,8/16/2024,18:01,Desktop,Chrome,Returning,Paid Social,SOC_RENEW_Q324,East,/plans/compare,1,Home Page,application educate,/,Bounced/Browsed,1,113,2.5,0,No,Plus,,No,,0.0
AV01596,B995BC014427C9B7,,,Anonymous Prospect,8/16/2024,18:40,Desktop,Safari,New,SEO,,North,/,2,Product Comparison,application educate,/plans/compare,Bounced/Browsed,4,116,1.2,0,No,Premium,,No,,0.0
AV01597,55A4E02838ABD529,,,Anonymous Prospect,8/16/2024,19:54,Mobile,Safari,Returning,Paid Social,SOC_SWITCH_Q324,West,/,2,Product Comparison,application educate,/plans/compare,Bounced/Browsed,5,152,2.4,0,No,Plus,,No,,0.0
AV01598,3F609FC408B25663,,,Anonymous Prospect,8/16/2024,20:39,Desktop,Chrome,Returning,SEO,,West,/,2,Product Comparison,application educate,/plans/compare,Bounced/Browsed,4,230,1.2,0,No,Plus,,No,,0.0
AV01599,1232403B2D9BC3DD,,,Anonymous Prospect,8/16/2024,21:38,Desktop,Safari,New,SEM,SEM_SWITCH_Q324,West,/,1,Home Page,application educate,/,Bounced/Browsed,4,130,1.0,0,No,Plus,,No,,0.0
AV01600,88A16BED4349A8A3,,,Anonymous Prospect,8/17/2024,06:16,Mobile,Samsung Internet,New,Paid Social,SOC_PREMIUM_Q324,West,/,1,Home Page,application educate,/,Bounced/Browsed,1,97,4.6,0,No,Premium,,No,,0.0
AV01601,F7C07176B14B8138,,L0301,New Lead,8/17/2024,06:41,Tablet,Safari,New,Email,EM_BRAND_Q324,West,/,6,Plan Customization & Quote,application submit,/apply/quote,Yes,11,546,1.0,0,No,Premium,5892.85,No,,0.0
AV01602,DB425ED0047982CF,,,Anonymous Prospect,8/17/2024,06:43,Tablet,Firefox,New,Paid Social,SOC_PLANS_Q324,North,/,1,Home Page,application educate,/,Bounced/Browsed,3,73,2.7,0,No,Basic,,No,,0.0
AV01603,70138DA34DA881E6,,,Anonymous Prospect,8/17/2024,07:48,Mobile,Samsung Internet,Returning,Paid Social,SOC_BRAND_Q324,South,/,2,Product Comparison,application educate,/plans/compare,Bounced/Browsed,5,151,2.8,0,Yes,Basic,,No,,0.0
AV01604,6EEDD9FC76E0F910,,,Anonymous Prospect,8/17/2024,10:09,Mobile,Chrome,New,Direct Mail,DM_BRAND_Q324,East,/offer,2,Product Comparison,application educate,/plans/compare,Bounced/Browsed,5,236,2.2,0,No,Basic,,No,,0.0
AV01605,B13969C3468F956A,,,Anonymous Prospect,8/17/2024,10:20,Tablet,Safari,Returning,Paid Social,SOC_BRAND_Q324,North,/,1,Home Page,application educate,/,Bounced/Browsed,3,129,1.1,0,No,Premium,,No,,0.0
AV01606,0BA9FD951DABD93B,,L0302,New Lead,8/17/2024,10:32,Desktop,Safari,Returning,SEO,,South,/,8,Payment & Confirmation,application complete,,No,11,685,3.2,0,No,Basic,1781.68,Yes,ORD00097,1781.68
AV01607,51CE78A29B7018D3,,L0303,New Lead,8/17/2024,12:19,Mobile,Safari,New,SEM,SEM_PLANS_Q324,East,/,7,Review & e-Sign,application submit,/apply/review,Yes,18,583,1.5,1,No,Plus,4143.77,No,,0.0
AV01608,0EC6B5A8566B389E,,,Anonymous Prospect,8/17/2024,13:00,Mobile,Chrome,New,Email,EM_PLANS_Q324,West,/,2,Product Comparison,application educate,/plans/compare,Bounced/Browsed,4,245,2.9,0,No,Premium,,No,,0.0
AV01609,20FA681B0DB2861E,,,Anonymous Prospect,8/17/2024,13:42,Desktop,Safari,New,Direct Mail,DM_PLANS_Q324,West,/offer,2,Product Comparison,application educate,/plans/compare,Bounced/Browsed,4,139,2.0,0,No,Premium,,No,,0.0
AV01610,AFA32CA593AA59FD,,,Anonymous Prospect,8/17/2024,13:57,Mobile,Chrome,New,Paid Social,SOC_BRAND_Q324,East,/,1,Home Page,application educate,/,Bounced/Browsed,3,67,3.0,0,No,Elite,,No,,0.0
AV01611,3D3365B65181E42D,,,Anonymous Prospect,8/17/2024,14:44,Desktop,Chrome,New,SEM,SEM_PREMIUM_Q324,West,/plans/compare,2,Product Comparison,application educate,/plans/compare,Bounced/Browsed,3,152,0.6,0,No,Premium,,No,,0.0
AV01612,F654DA2EBD9B2F19,,L0304,New Lead,8/17/2024,15:29,Desktop,Safari,New,Direct,,West,/,6,Plan Customization & Quote,application submit,/apply/quote,Yes,11,478,2.3,4,No,Basic,1396.39,No,,0.0
AV01613,46EE1A1B79E69899,,,Anonymous Prospect,8/17/2024,18:36,Desktop,Chrome,Returning,Affiliate,AFF_BRAND_Q324,North,/,2,Product Comparison,application educate,/plans/compare,Bounced/Browsed,5,163,2.0,0,No,Plus,,No,,0.0
AV01614,09D31FF67BC99AC4,,,Anonymous Prospect,8/17/2024,19:44,Mobile,Safari,New,SEM,SEM_SWITCH_Q324,South,/,2,Product Comparison,application educate,/plans/compare,Bounced/Browsed,6,242,1.6,0,Yes,Plus,,No,,0.0
AV01615,5494B029735B9BF6,,,Anonymous Prospect,8/17/2024,20:58,Mobile,Edge,Returning,Paid Social,SOC_BRAND_Q324,East,/,1,Home Page,application educate,/,Bounced/Browsed,2,123,5.4,0,No,Basic,,No,,0.0
AV01616,BC397832DC965F3C,,,Anonymous Prospect,8/17/2024,21:46,Mobile,Firefox,New,SEM,SEM_SWITCH_Q324,West,/plans/compare,1,Home Page,application educate,/,Bounced/Browsed,2,106,4.4,0,No,Elite,,No,,0.0
AV01617,2DEB860C8131E47E,,,Anonymous Prospect,8/17/2024,21:57,Desktop,Safari,New,SEM,SEM_RENEW_Q324,South,/,2,Product Comparison,application educate,/plans/compare,Bounced/Browsed,5,140,2.6,0,No,Basic,,No,,0.0
AV01618,C9A1B93551FBD618,,L0305,New Lead,8/18/2024,06:44,Mobile,Chrome,New,Direct,,West,/,4,Personal Details,application start,/apply/details,Yes,9,349,0.9,1,No,Premium,,No,,0.0
AV01619,30BD3FE3C3982344,,,Anonymous Prospect,8/18/2024,06:53,Mobile,Edge,Returning,Affiliate,AFF_PREMIUM_Q324,South,/,1,Home Page,application educate,/,Bounced/Browsed,3,105,3.0,0,No,Premium,,No,,0.0
AV01620,F9150DDDAC316F64,,,Anonymous Prospect,8/18/2024,06:59,Desktop,Chrome,Returning,Affiliate,AFF_SWITCH_Q324,South,/plans/compare,2,Product Comparison,application educate,/plans/compare,Bounced/Browsed,5,135,2.4,0,No,Plus,,No,,0.0
AV01621,A14634A1674E88A2,,,Anonymous Prospect,8/18/2024,07:49,Tablet,Chrome,New,SEO,,West,/plans/compare,2,Product Comparison,application educate,/plans/compare,Bounced/Browsed,3,147,1.9,0,Yes,Basic,,No,,0.0
AV01622,63C8142CEE37E196,,L0306,New Lead,8/18/2024,08:27,Mobile,Edge,New,SEO,,West,/,8,Payment & Confirmation,application complete,,No,11,711,4.9,1,No,Basic,1618.69,Yes,ORD00098,1618.69
AV01623,4616D1E48752F4F2,,,Anonymous Prospect,8/18/2024,08:54,Desktop,Samsung Internet,New,Display,DSP_PLUS_Q324,North,/plans/compare,2,Product Comparison,application educate,/plans/compare,Bounced/Browsed,6,227,2.5,0,No,Plus,,No,,0.0
AV01624,A6E8712B01DE1752,,,Anonymous Prospect,8/18/2024,09:46,Mobile,Safari,New,Paid Social,SOC_PLANS_Q324,East,/,1,Home Page,application educate,/,Bounced/Browsed,1,113,0.6,0,Yes,Elite,,No,,0.0
AV01625,C24C5253A278BEFC,,L0307,New Lead,8/18/2024,11:31,Mobile,Safari,New,SEM,SEM_SWITCH_Q324,West,/,8,Payment & Confirmation,application complete,,No,15,434,1.6,0,No,Premium,4359.16,Yes,ORD00099,4359.16
AV01626,8E9BD71DB66673F5,,,Anonymous Prospect,8/18/2024,11:33,Mobile,Chrome,New,SEO,,West,/plans/compare,1,Home Page,application educate,/,Bounced/Browsed,3,86,5.4,0,No,Plus,,No,,0.0
AV01627,7859DD2007F66028,,,Anonymous Prospect,8/18/2024,11:40,Desktop,Edge,New,SEO,,West,/,1,Home Page,application educate,/,Bounced/Browsed,1,88,2.5,0,No,Basic,,No,,0.0
AV01628,8E0E4C28FC9BBB61,,L0308,New Lead,8/18/2024,13:41,Mobile,Samsung Internet,New,SEM,SEM_RENEW_Q324,West,/,4,Personal Details,application start,/apply/details,Yes,10,342,4.7,1,Yes,Plus,,No,,0.0
AV01629,389200E67D8746DF,,,Anonymous Prospect,8/18/2024,15:41,Mobile,Chrome,New,Paid Social,SOC_PLANS_Q324,East,/plans/compare,1,Home Page,application educate,/,Bounced/Browsed,2,106,3.7,0,No,Premium,,No,,0.0
AV01630,54B793030F6D74AD,,L0309,New Lead,8/18/2024,16:56,Desktop,Edge,New,SEO,,North,/plans/compare,7,Review & e-Sign,application submit,/apply/review,Yes,11,484,0.9,3,No,Plus,3896.45,No,,0.0
AV01631,3D1D4017D982F149,,,Anonymous Prospect,8/19/2024,06:02,Mobile,Samsung Internet,Returning,SEO,,West,/plans/compare,1,Home Page,application educate,/,Bounced/Browsed,3,115,1.5,0,No,Plus,,No,,0.0
AV01632,B72C033BF746E818,,L0310,New Lead,8/19/2024,06:04,Desktop,Safari,New,Direct Mail,DM_RENEW_Q324,North,/offer,6,Plan Customization & Quote,application submit,/apply/quote,Yes,9,616,2.5,0,No,Elite,8847.91,No,,0.0
AV01633,CA3E6E553A1C5026,,L0311,New Lead,8/19/2024,06:50,Mobile,Safari,New,Email,EM_PLANS_Q324,South,/,4,Personal Details,application start,/apply/details,Yes,8,222,2.9,2,No,Basic,,No,,0.0
AV01634,7965057F27DA29B0,,L0312,New Lead,8/19/2024,09:16,Desktop,Edge,New,Paid Social,SOC_PLANS_Q324,East,/,4,Personal Details,application start,/apply/details,Yes,6,381,3.2,1,No,Premium,,No,,0.0
AV01635,56E01A9C73102DA1,,,Anonymous Prospect,8/19/2024,10:03,Mobile,Chrome,New,Direct Mail,DM_BASIC_Q324,North,/offer,2,Product Comparison,application educate,/plans/compare,Bounced/Browsed,5,184,1.2,0,No,Basic,,No,,0.0
AV01636,3C73E9AC9D0FD057,,L0313,New Lead,8/19/2024,15:57,Desktop,Safari,New,SEM,SEM_RENEW_Q324,West,/,8,Payment & Confirmation,application complete,,No,15,677,2.4,1,No,Basic,2123.47,Yes,ORD00100,2123.47
AV01637,30139FA802865931,,,Anonymous Prospect,8/19/2024,16:32,Tablet,Chrome,Returning,SEM,SEM_RENEW_Q324,South,/,3,Application Start,application start,/apply/start,Yes,5,262,1.3,0,No,Premium,,No,,0.0
AV01638,D4F61456090037F2,,,Anonymous Prospect,8/19/2024,18:10,Desktop,Chrome,New,Email,EM_BASIC_Q324,South,/plans/compare,1,Home Page,application educate,/,Bounced/Browsed,2,116,2.9,0,No,Basic,,No,,0.0
AV01639,25AFBAA5A34FC840,,,Anonymous Prospect,8/19/2024,19:30,Tablet,Edge,New,SEO,,West,/plans/compare,1,Home Page,application educate,/,Bounced/Browsed,4,80,2.1,0,No,Basic,,No,,0.0
AV01640,7327B0E2773BEFC0,,,Anonymous Prospect,8/19/2024,19:33,Desktop,Samsung Internet,Returning,Email,EM_SWITCH_Q324,West,/,1,Home Page,application educate,/,Bounced/Browsed,2,93,2.4,0,No,Basic,,No,,0.0
AV01641,E25893BBA611661E,,L0314,New Lead,8/19/2024,21:33,Desktop,Chrome,Returning,SEO,,East,/,8,Payment & Confirmation,application complete,,No,15,820,0.8,0,No,Premium,4979.31,Yes,ORD00101,4979.31
AV01642,CF5D1AA91B195232,,,Anonymous Prospect,8/19/2024,22:08,Desktop,Chrome,Returning,Email,EM_BRAND_Q324,North,/plans/compare,3,Application Start,application start,/apply/start,Yes,7,256,2.8,0,No,Plus,,No,,0.0
AV01643,F1F743CFD8509694,,,Anonymous Prospect,8/20/2024,06:03,Mobile,Safari,Returning,SEM,SEM_SWITCH_Q324,West,/,1,Home Page,application educate,/,Bounced/Browsed,2,67,4.2,0,No,Plus,,No,,0.0
AV01644,4B785598D5DBBFAC,,L0315,New Lead,8/20/2024,07:17,Desktop,Edge,Returning,Affiliate,AFF_SWITCH_Q324,East,/,4,Personal Details,application start,/apply/details,Yes,7,272,2.8,3,Yes,Plus,,No,,0.0
AV01645,2320AA82B8A59851,,,Anonymous Prospect,8/20/2024,09:17,Desktop,Chrome,Returning,SEO,,South,/,1,Home Page,application educate,/,Bounced/Browsed,4,120,2.4,0,No,Elite,,No,,0.0
AV01646,B14CEBE2862AD620,C046,,Existing Customer,8/20/2024,10:34,Mobile,Firefox,New,Direct,,South,/,8,Payment & Confirmation,application complete,,No,13,715,3.2,1,No,Plus,3295.32,Yes,ORD00102,3295.32
AV01647,628D6A04765FC67F,,,Anonymous Prospect,8/20/2024,11:36,Mobile,Firefox,New,Paid Social,SOC_BRAND_Q324,East,/plans/compare,1,Home Page,application educate,/,Bounced/Browsed,3,113,2.0,0,No,Plus,,No,,0.0
AV01648,ADF0F5502F36D781,,,Anonymous Prospect,8/20/2024,11:46,Mobile,Firefox,New,Direct Mail,DM_PLANS_Q324,East,/offer,1,Home Page,application educate,/,Bounced/Browsed,2,114,5.1,0,No,Plus,,No,,0.0
AV01649,C214A11B4D2417BB,,,Anonymous Prospect,8/20/2024,12:49,Tablet,Edge,New,Direct,,North,/,2,Product Comparison,application educate,/plans/compare,Bounced/Browsed,3,132,0.9,0,No,Elite,,No,,0.0
AV01650,B62740F145D98318,,L0316,New Lead,8/20/2024,14:21,Mobile,Samsung Internet,New,SEO,,North,/,5,Identity Verification,application start,/apply/verify,Yes,8,548,4.2,3,No,Premium,,No,,0.0
AV01651,B365980DCF51061B,,,Anonymous Prospect,8/20/2024,14:28,Mobile,Chrome,Returning,Paid Social,SOC_PLANS_Q324,East,/plans/compare,1,Home Page,application educate,/,Bounced/Browsed,3,118,4.5,0,No,Premium,,No,,0.0
AV01652,A2812FF4F38FB1FD,,,Anonymous Prospect,8/20/2024,15:50,Mobile,Chrome,Returning,SEM,SEM_PLANS_Q324,North,/plans/compare,2,Product Comparison,application educate,/plans/compare,Bounced/Browsed,3,130,4.1,0,No,Basic,,No,,0.0
AV01653,2DF95E684497E3C2,,,Anonymous Prospect,8/20/2024,17:59,Mobile,Chrome,Returning,Affiliate,AFF_BRAND_Q324,North,/plans/compare,2,Product Comparison,application educate,/plans/compare,Bounced/Browsed,5,249,0.6,0,No,Plus,,No,,0.0
AV01654,F8857E814ABABDC5,,,Anonymous Prospect,8/20/2024,19:22,Mobile,Chrome,New,Display,DSP_SWITCH_Q324,South,/plans/compare,1,Home Page,application educate,/,Bounced/Browsed,2,97,3.5,0,No,Premium,,No,,0.0
AV01655,B1A6E2A9CB29368D,,,Anonymous Prospect,8/20/2024,20:27,Desktop,Safari,New,Display,DSP_PREMIUM_Q324,East,/plans/compare,1,Home Page,application educate,/,Bounced/Browsed,3,157,2.1,0,No,Premium,,No,,0.0
AV01656,37CDAD3A942493C0,,,Anonymous Prospect,8/20/2024,22:04,Mobile,Chrome,New,Email,EM_BRAND_Q324,West,/plans/compare,2,Product Comparison,application educate,/plans/compare,Bounced/Browsed,5,231,4.6,0,No,Plus,,No,,0.0
AV01657,A06A8B40CEE210CC,,,Anonymous Prospect,8/21/2024,07:08,Mobile,Safari,New,SEO,,North,/,1,Home Page,application educate,/,Bounced/Browsed,2,147,2.8,0,No,Premium,,No,,0.0
AV01658,10A59FA9E9633E7B,,,Anonymous Prospect,8/21/2024,08:09,Mobile,Firefox,New,SEM,SEM_RENEW_Q324,East,/,2,Product Comparison,application educate,/plans/compare,Bounced/Browsed,5,200,5.2,0,No,Basic,,No,,0.0
AV01659,DB82F96769C2A721,,,Anonymous Prospect,8/21/2024,08:10,Mobile,Safari,New,Email,EM_SWITCH_Q324,East,/plans/compare,1,Home Page,application educate,/,Bounced/Browsed,3,105,4.0,0,No,Premium,,No,,0.0
AV01660,D274D4C9CF622C97,,L0317,New Lead,8/21/2024,08:42,Mobile,Edge,New,SEM,SEM_RENEW_Q324,South,/,5,Identity Verification,application start,/apply/verify,Yes,10,524,5.6,0,Yes,Basic,,No,,0.0
AV01661,58735CC83AD3D115,,L0318,New Lead,8/21/2024,09:40,Mobile,Safari,New,Direct,,West,/,8,Payment & Confirmation,application complete,,No,14,734,4.3,0,No,Elite,7111.03,Yes,ORD00103,7111.03
AV01662,BF5B316AAB97D780,,,Anonymous Prospect,8/21/2024,10:14,Desktop,Edge,Returning,SEO,,West,/,1,Home Page,application educate,/,Bounced/Browsed,3,126,2.2,0,No,Elite,,No,,0.0
AV01663,024FEB7F7939BCC6,,,Anonymous Prospect,8/21/2024,10:52,Desktop,Chrome,Returning,SEO,,East,/plans/compare,2,Product Comparison,application educate,/plans/compare,Bounced/Browsed,4,216,3.4,0,No,Plus,,No,,0.0
AV01664,E7D1BD3883C889B6,,L0319,New Lead,8/21/2024,14:26,Tablet,Safari,New,SEM,SEM_BRAND_Q324,East,/,6,Plan Customization & Quote,application submit,/apply/quote,Yes,9,509,2.0,3,No,Plus,4137.66,No,,0.0
AV01665,14C3387559BD20AF,,,Anonymous Prospect,8/21/2024,14:54,Mobile,Chrome,New,SEM,SEM_PLANS_Q324,North,/,2,Product Comparison,application educate,/plans/compare,Bounced/Browsed,3,123,5.8,0,No,Plus,,No,,0.0
AV01666,81856A0AFD07696B,,,Anonymous Prospect,8/21/2024,15:14,Desktop,Chrome,New,SEO,,North,/,2,Product Comparison,application educate,/plans/compare,Bounced/Browsed,4,131,1.4,0,No,Plus,,No,,0.0
AV01667,A2F754D59586E2F2,,,Anonymous Prospect,8/21/2024,16:16,Mobile,Chrome,Returning,SEO,,East,/,2,Product Comparison,application educate,/plans/compare,Bounced/Browsed,3,247,3.4,0,No,Elite,,No,,0.0
AV01668,40BCCB84969DD7AC,,,Anonymous Prospect,8/21/2024,18:53,Tablet,Firefox,Returning,Direct,,West,/,2,Product Comparison,application educate,/plans/compare,Bounced/Browsed,4,184,2.3,0,No,Basic,,No,,0.0
AV01669,6B3CDF5D99397B55,,L0320,New Lead,8/21/2024,19:42,Mobile,Chrome,New,SEO,,East,/,5,Identity Verification,application start,/apply/verify,Yes,7,248,1.9,1,No,Premium,,No,,0.0
AV01670,BE60B0DF6E8A47B7,,,Anonymous Prospect,8/21/2024,21:30,Mobile,Safari,New,Direct,,South,/,1,Home Page,application educate,/,Bounced/Browsed,2,76,5.0,0,No,Plus,,No,,0.0
AV01671,02DBC27E4D1753CB,,,Anonymous Prospect,8/21/2024,21:43,Desktop,Chrome,New,SEO,,North,/plans/compare,2,Product Comparison,application educate,/plans/compare,Bounced/Browsed,2,155,1.6,0,No,Plus,,No,,0.0
AV01672,13FD4771996ACAE4,,,Anonymous Prospect,8/21/2024,21:47,Desktop,Samsung Internet,New,SEO,,North,/,1,Home Page,application educate,/,Bounced/Browsed,2,122,1.0,0,No,Basic,,No,,0.0
AV01673,445D17BC26715B56,,,Anonymous Prospect,8/21/2024,22:42,Tablet,Safari,New,Paid Social,SOC_SWITCH_Q324,North,/plans/compare,2,Product Comparison,application educate,/plans/compare,Bounced/Browsed,5,231,3.5,0,No,Premium,,No,,0.0
AV01674,9A30123B9416A11B,C044,,Existing Customer,8/22/2024,07:44,Mobile,Edge,Returning,SEO,,South,/plans/compare,3,Application Start,application start,/apply/start,Yes,8,262,4.7,0,No,Basic,,No,,0.0
AV01675,483C4A46D9FB9854,,L0321,New Lead,8/22/2024,08:07,Mobile,Chrome,Returning,Direct Mail,DM_SWITCH_Q324,East,/offer,4,Personal Details,application start,/apply/details,Yes,9,382,4.6,0,No,Plus,,No,,0.0
AV01676,FEFC6FCF3889CDD8,C007,,Existing Customer,8/22/2024,08:27,Tablet,Chrome,Returning,SEM,SEM_SWITCH_Q324,East,/,4,Personal Details,application start,/apply/details,Yes,7,361,2.0,2,No,Plus,,No,,0.0
AV01677,1D63B00E16755CFA,,L0322,New Lead,8/22/2024,08:29,Mobile,Safari,New,Email,EM_BRAND_Q324,South,/plans/compare,8,Payment & Confirmation,application complete,,No,15,808,3.6,0,No,Elite,7233.08,Yes,ORD00104,7233.08
AV01678,E4E13F166E72698B,,,Anonymous Prospect,8/22/2024,10:09,Mobile,Safari,New,SEM,SEM_BASIC_Q324,West,/plans/compare,2,Product Comparison,application educate,/plans/compare,Bounced/Browsed,4,142,2.9,0,No,Basic,,No,,0.0
AV01679,BE5926C1350029CB,,,Anonymous Prospect,8/22/2024,10:32,Desktop,Chrome,New,SEO,,North,/,2,Product Comparison,application educate,/plans/compare,Bounced/Browsed,4,146,1.3,0,No,Plus,,No,,0.0
AV01680,CDEE232F3A324BC8,,,Anonymous Prospect,8/22/2024,12:00,Desktop,Firefox,New,SEM,SEM_PLUS_Q324,East,/,1,Home Page,application educate,/,Bounced/Browsed,3,88,1.5,0,No,Plus,,No,,0.0
AV01681,E8B5AC3C3C4017AF,,,Anonymous Prospect,8/22/2024,12:14,Desktop,Safari,New,SEO,,North,/,2,Product Comparison,application educate,/plans/compare,Bounced/Browsed,2,169,1.5,0,No,Plus,,No,,0.0
AV01682,130366C33A1EB817,,,Anonymous Prospect,8/22/2024,12:54,Mobile,Chrome,New,SEM,SEM_PLANS_Q324,East,/,2,Product Comparison,application educate,/plans/compare,Bounced/Browsed,3,246,4.8,0,No,Premium,,No,,0.0
AV01683,DFE92ACAD084AA52,,,Anonymous Prospect,8/22/2024,14:41,Mobile,Chrome,Returning,Direct Mail,DM_SWITCH_Q324,East,/offer,1,Home Page,application educate,/,Bounced/Browsed,2,86,0.8,0,No,Plus,,No,,0.0
AV01684,5BADCB8746918431,,,Anonymous Prospect,8/22/2024,15:12,Mobile,Chrome,New,SEO,,South,/plans/compare,2,Product Comparison,application educate,/plans/compare,Bounced/Browsed,5,144,5.1,0,No,Basic,,No,,0.0
AV01685,66F4057FCBDFAEAB,,,Anonymous Prospect,8/22/2024,16:04,Desktop,Firefox,Returning,Display,DSP_PLANS_Q324,East,/,1,Home Page,application educate,/,Bounced/Browsed,3,119,1.6,0,No,Premium,,No,,0.0
AV01686,DA8C64ED5568A766,,,Anonymous Prospect,8/22/2024,16:15,Desktop,Chrome,New,SEM,SEM_BASIC_Q324,West,/,1,Home Page,application educate,/,Bounced/Browsed,4,120,2.1,0,No,Basic,,No,,0.0
AV01687,F420D5FE07371AD7,,,Anonymous Prospect,8/22/2024,16:56,Desktop,Edge,New,SEM,SEM_PLANS_Q324,East,/,2,Product Comparison,application educate,/plans/compare,Bounced/Browsed,4,227,0.6,0,No,Plus,,No,,0.0
AV01688,4415B6102621C124,,,Anonymous Prospect,8/22/2024,17:05,Desktop,Chrome,New,Email,EM_PLANS_Q324,East,/plans/compare,1,Home Page,application educate,/,Bounced/Browsed,1,93,1.5,0,No,Basic,,No,,0.0
AV01689,78721CFFCBEF3908,,,Anonymous Prospect,8/22/2024,18:57,Desktop,Chrome,New,Affiliate,AFF_RENEW_Q324,South,/plans/compare,1,Home Page,application educate,/,Bounced/Browsed,3,105,2.0,0,No,Premium,,No,,0.0
AV01690,6273DECA1E3C49A3,,L0323,New Lead,8/22/2024,19:53,Desktop,Chrome,New,SEM,SEM_RENEW_Q324,South,/plans/compare,5,Identity Verification,application start,/apply/verify,Yes,9,400,2.1,1,No,Basic,,No,,0.0
AV01691,DECD7587432F1DF8,,,Anonymous Prospect,8/22/2024,19:58,Mobile,Chrome,New,Email,EM_BASIC_Q324,West,/plans/compare,2,Product Comparison,application educate,/plans/compare,Bounced/Browsed,4,177,5.8,0,No,Basic,,No,,0.0
AV01692,812AFD6F0BCF6EA0,,,Anonymous Prospect,8/22/2024,22:29,Desktop,Chrome,New,SEM,SEM_PLANS_Q324,West,/,2,Product Comparison,application educate,/plans/compare,Bounced/Browsed,4,159,2.5,0,Yes,Basic,,No,,0.0
AV01693,8F3DB8D6234442B2,,,Anonymous Prospect,8/23/2024,06:04,Mobile,Safari,New,Display,DSP_SWITCH_Q324,East,/,1,Home Page,application educate,/,Bounced/Browsed,1,112,1.7,0,No,Plus,,No,,0.0
AV01694,0FD4897350D8CE6F,,,Anonymous Prospect,8/23/2024,17:09,Mobile,Firefox,New,Email,EM_PLANS_Q324,South,/,1,Home Page,application educate,/,Bounced/Browsed,2,143,3.3,0,No,Elite,,No,,0.0
AV01695,AD330553162D598F,,L0324,New Lead,8/23/2024,18:50,Mobile,Chrome,New,SEM,SEM_BRAND_Q324,South,/plans/compare,5,Identity Verification,application start,/apply/verify,Yes,8,422,2.3,2,No,Premium,,No,,0.0
AV01696,1A8CEFE0DB41EE27,,,Anonymous Prospect,8/23/2024,21:26,Mobile,Safari,New,SEO,,North,/plans/compare,1,Home Page,application educate,/,Bounced/Browsed,2,119,2.9,0,No,Premium,,No,,0.0
AV01697,230208BFAD30234C,C054,,Existing Customer,8/23/2024,21:50,Desktop,Safari,New,Direct,,West,/,7,Review & e-Sign,application submit,/apply/review,Yes,18,392,2.0,0,No,Plus,2700.81,No,,0.0
AV01698,688799B10FC15358,,,Anonymous Prospect,8/24/2024,06:40,Desktop,Firefox,New,SEO,,West,/,2,Product Comparison,application educate,/plans/compare,Bounced/Browsed,3,126,1.3,0,No,Plus,,No,,0.0
AV01699,142779DAB80A54AB,,,Anonymous Prospect,8/24/2024,11:22,Desktop,Chrome,Returning,Paid Social,SOC_BASIC_Q324,East,/plans/compare,1,Home Page,application educate,/,Bounced/Browsed,2,93,2.7,0,No,Basic,,No,,0.0
AV01700,BB00E49C755EFD14,,,Anonymous Prospect,8/24/2024,12:44,Mobile,Safari,Returning,SEO,,South,/,1,Home Page,application educate,/,Bounced/Browsed,2,104,3.6,0,No,Plus,,No,,0.0
AV01701,AB187692202F5A8B,,,Anonymous Prospect,8/24/2024,13:07,Desktop,Safari,Returning,Affiliate,AFF_SWITCH_Q324,South,/plans/compare,1,Home Page,application educate,/,Bounced/Browsed,1,104,1.5,0,No,Premium,,No,,0.0
AV01702,24D8207261430D9E,,,Anonymous Prospect,8/24/2024,13:09,Mobile,Safari,Returning,Display,DSP_PLANS_Q324,North,/,2,Product Comparison,application educate,/plans/compare,Bounced/Browsed,5,127,4.8,0,No,Plus,,No,,0.0
AV01703,5547B4C525A5AB33,,,Anonymous Prospect,8/24/2024,13:36,Desktop,Chrome,Returning,Direct Mail,DM_BRAND_Q324,West,/offer,2,Product Comparison,application educate,/plans/compare,Bounced/Browsed,4,228,3.2,0,No,Premium,,No,,0.0
AV01704,F85A6B540E5403F2,,L0325,New Lead,8/24/2024,13:40,Desktop,Safari,New,Direct,,East,/,8,Payment & Confirmation,application complete,,No,14,470,1.1,1,No,Basic,2176.58,Yes,ORD00105,2176.58
AV01705,8C5AFD0AD60F084E,,L0326,New Lead,8/24/2024,13:53,Mobile,Chrome,Returning,SEM,SEM_SWITCH_Q324,North,/,6,Plan Customization & Quote,application submit,/apply/quote,Yes,9,354,5.0,2,No,Plus,4058.98,No,,0.0
AV01706,15AC7CEF1E23EC00,,,Anonymous Prospect,8/24/2024,14:03,Mobile,Chrome,New,SEM,SEM_RENEW_Q324,North,/plans/compare,1,Home Page,application educate,/,Bounced/Browsed,2,91,3.4,0,No,Elite,,No,,0.0
AV01707,31698F46E7E4276F,,,Anonymous Prospect,8/24/2024,14:17,Mobile,Safari,Returning,Email,EM_SWITCH_Q324,East,/,2,Product Comparison,application educate,/plans/compare,Bounced/Browsed,4,208,4.9,0,No,Plus,,No,,0.0
AV01708,7BE8A3EF205BF688,,L0327,New Lead,8/24/2024,14:41,Tablet,Chrome,New,SEO,,West,/plans/compare,6,Plan Customization & Quote,application submit,/apply/quote,Yes,15,584,1.0,0,No,Elite,9262.28,No,,0.0
AV01709,8D26E20BAE270286,,,Anonymous Prospect,8/24/2024,15:00,Mobile,Safari,New,Email,EM_PLUS_Q324,East,/,1,Home Page,application educate,/,Bounced/Browsed,2,126,5.2,0,No,Plus,,No,,0.0
AV01710,0BC9F1D20374399B,,,Anonymous Prospect,8/24/2024,15:09,Mobile,Chrome,Returning,SEO,,East,/,1,Home Page,application educate,/,Bounced/Browsed,2,85,4.1,0,No,Plus,,No,,0.0
AV01711,89FD420422682EFD,,,Anonymous Prospect,8/24/2024,15:10,Tablet,Safari,New,Display,DSP_SWITCH_Q324,West,/,1,Home Page,application educate,/,Bounced/Browsed,2,133,1.6,0,No,Basic,,No,,0.0
AV01712,79986323BF9A8A98,,,Anonymous Prospect,8/24/2024,18:20,Mobile,Safari,New,Email,EM_SWITCH_Q324,East,/plans/compare,2,Product Comparison,application educate,/plans/compare,Bounced/Browsed,5,125,2.1,0,Yes,Elite,,No,,0.0
AV01713,39B772B7CB124D94,,L0328,New Lead,8/24/2024,18:48,Tablet,Chrome,New,Email,EM_BRAND_Q324,West,/,4,Personal Details,application start,/apply/details,Yes,7,367,2.5,2,No,Plus,,No,,0.0
AV01714,D18856C9381853B4,,,Anonymous Prospect,8/24/2024,18:55,Desktop,Chrome,New,Paid Social,SOC_BASIC_Q324,West,/,1,Home Page,application educate,/,Bounced/Browsed,3,123,1.2,0,No,Basic,,No,,0.0
AV01715,5E4277835E653A49,C093,,Existing Customer,8/24/2024,20:06,Mobile,Firefox,Returning,SEM,SEM_SWITCH_Q324,North,/,2,Product Comparison,application educate,/plans/compare,Bounced/Browsed,3,247,2.1,0,No,Basic,,No,,0.0
AV01716,A7BA0FD10F54D20F,,,Anonymous Prospect,8/24/2024,22:20,Mobile,Chrome,New,SEM,SEM_BRAND_Q324,South,/,1,Home Page,application educate,/,Bounced/Browsed,2,103,1.9,0,No,Premium,,No,,0.0
AV01717,D5A5B2EF38B62892,,,Anonymous Prospect,8/24/2024,22:27,Desktop,Chrome,New,Direct,,West,/,1,Home Page,application educate,/,Bounced/Browsed,3,80,1.3,0,No,Basic,,No,,0.0
AV01718,13892D77FA7A4B8E,,,Anonymous Prospect,8/24/2024,22:54,Mobile,Chrome,Returning,Direct Mail,DM_SWITCH_Q324,South,/offer,2,Product Comparison,application educate,/plans/compare,Bounced/Browsed,4,134,4.6,0,No,Basic,,No,,0.0
AV01719,398ACB5A8ED3EFAB,,,Anonymous Prospect,8/25/2024,06:29,Desktop,Chrome,New,Email,EM_SWITCH_Q324,West,/,2,Product Comparison,application educate,/plans/compare,Bounced/Browsed,5,205,2.0,0,No,Plus,,No,,0.0
AV01720,6BEF8A9ED6BCCF5F,,,Anonymous Prospect,8/25/2024,07:21,Mobile,Chrome,New,SEM,SEM_SWITCH_Q324,South,/,1,Home Page,application educate,/,Bounced/Browsed,3,74,3.8,0,No,Elite,,No,,0.0
AV01721,F7E233E865E63370,,,Anonymous Prospect,8/25/2024,07:36,Mobile,Safari,New,Direct Mail,DM_RENEW_Q324,North,/offer,2,Product Comparison,application educate,/plans/compare,Bounced/Browsed,2,246,2.9,0,No,Plus,,No,,0.0
AV01722,39C1C876772C227C,,,Anonymous Prospect,8/25/2024,08:12,Desktop,Safari,New,SEM,SEM_PLANS_Q324,South,/,2,Product Comparison,application educate,/plans/compare,Bounced/Browsed,5,135,1.3,0,No,Plus,,No,,0.0
AV01723,631226D07B68A774,,,Anonymous Prospect,8/25/2024,09:03,Mobile,Firefox,New,Paid Social,SOC_RENEW_Q324,East,/,2,Product Comparison,application educate,/plans/compare,Bounced/Browsed,3,154,2.4,0,No,Basic,,No,,0.0
AV01724,2E97768DDBD7F33D,,,Anonymous Prospect,8/25/2024,09:52,Mobile,Safari,New,Affiliate,AFF_PLUS_Q324,West,/plans/compare,2,Product Comparison,application educate,/plans/compare,Bounced/Browsed,5,114,1.7,0,No,Plus,,No,,0.0
AV01725,E1C34200DBBA0B26,,,Anonymous Prospect,8/25/2024,09:57,Desktop,Edge,New,SEO,,East,/plans/compare,1,Home Page,application educate,/,Bounced/Browsed,2,67,2.1,0,No,Premium,,No,,0.0
AV01726,8FB8011AA141523B,,,Anonymous Prospect,8/25/2024,10:43,Mobile,Chrome,Returning,SEO,,West,/,1,Home Page,application educate,/,Bounced/Browsed,3,113,4.7,0,No,Premium,,No,,0.0
AV01727,5F5889BCB20F48C9,,L0329,New Lead,8/25/2024,10:54,Mobile,Chrome,New,SEM,SEM_RENEW_Q324,East,/,4,Personal Details,application start,/apply/details,Yes,7,280,4.3,0,No,Premium,,No,,0.0
AV01728,BF71A0816CF9B3DB,,,Anonymous Prospect,8/25/2024,11:33,Desktop,Chrome,New,SEO,,West,/,2,Product Comparison,application educate,/plans/compare,Bounced/Browsed,4,131,2.3,0,No,Elite,,No,,0.0
AV01729,DD972936B257BC93,,,Anonymous Prospect,8/25/2024,13:52,Mobile,Chrome,New,SEM,SEM_RENEW_Q324,South,/,1,Home Page,application educate,/,Bounced/Browsed,1,123,1.5,0,No,Premium,,No,,0.0
AV01730,5858D90DAA632533,,,Anonymous Prospect,8/25/2024,15:32,Desktop,Safari,New,SEO,,East,/plans/compare,1,Home Page,application educate,/,Bounced/Browsed,4,132,1.6,0,No,Plus,,No,,0.0
AV01731,C00A708897755AB9,,,Anonymous Prospect,8/25/2024,17:35,Mobile,Chrome,New,SEM,SEM_BRAND_Q324,West,/,1,Home Page,application educate,/,Bounced/Browsed,2,148,1.9,0,No,Plus,,No,,0.0
AV01732,22E6D8C050A66A35,,,Anonymous Prospect,8/25/2024,17:47,Mobile,Chrome,Returning,Email,EM_RENEW_Q324,South,/,3,Application Start,application start,/apply/start,Yes,5,199,3.9,0,No,Basic,,No,,0.0
AV01733,E7CD0DB373883B1D,,,Anonymous Prospect,8/25/2024,17:57,Desktop,Firefox,Returning,SEO,,West,/plans/compare,1,Home Page,application educate,/,Bounced/Browsed,3,101,1.8,0,No,Premium,,No,,0.0
AV01734,7A923F123ECD4BEE,,,Anonymous Prospect,8/25/2024,18:24,Mobile,Chrome,New,SEM,SEM_RENEW_Q324,West,/plans/compare,1,Home Page,application educate,/,Bounced/Browsed,2,137,1.5,0,No,Plus,,No,,0.0
AV01735,07BC6B516189DB3D,,,Anonymous Prospect,8/25/2024,18:52,Mobile,Chrome,New,SEM,SEM_BRAND_Q324,East,/,1,Home Page,application educate,/,Bounced/Browsed,3,142,1.8,0,No,Basic,,No,,0.0
AV01736,369828BF79F8D925,,L0330,New Lead,8/25/2024,20:39,Mobile,Safari,Returning,Direct,,East,/,7,Review & e-Sign,application submit,/apply/review,Yes,10,454,2.8,0,No,Plus,4128.69,No,,0.0
AV01737,62AF20DE845F8DDF,,,Anonymous Prospect,8/25/2024,20:49,Mobile,Edge,New,Affiliate,AFF_BRAND_Q324,West,/,2,Product Comparison,application educate,/plans/compare,Bounced/Browsed,3,267,2.0,0,No,Plus,,No,,0.0
AV01738,C7F9F51FD182713D,,,Anonymous Prospect,8/25/2024,22:24,Desktop,Safari,New,SEM,SEM_PLANS_Q324,West,/,1,Home Page,application educate,/,Bounced/Browsed,4,151,2.9,0,No,Plus,,No,,0.0
AV01739,05842CC816399133,,,Anonymous Prospect,8/26/2024,06:25,Desktop,Safari,Returning,Direct,,East,/,1,Home Page,application educate,/,Bounced/Browsed,4,133,3.4,0,No,Premium,,No,,0.0
AV01740,F83968CB089550B0,,,Anonymous Prospect,8/26/2024,07:04,Mobile,Chrome,New,Affiliate,AFF_SWITCH_Q324,East,/plans/compare,1,Home Page,application educate,/,Bounced/Browsed,2,94,4.2,0,No,Premium,,No,,0.0
AV01741,BB8E0F5572B9CAED,,,Anonymous Prospect,8/26/2024,09:18,Desktop,Safari,New,Direct,,West,/,1,Home Page,application educate,/,Bounced/Browsed,2,110,2.4,0,No,Plus,,No,,0.0
AV01742,2DA0B17B74D9D2BD,,,Anonymous Prospect,8/26/2024,13:19,Mobile,Chrome,New,Direct,,West,/,2,Product Comparison,application educate,/plans/compare,Bounced/Browsed,6,201,4.3,0,No,Plus,,No,,0.0
AV01743,EF53EBFEFB6E2251,,,Anonymous Prospect,8/26/2024,13:46,Desktop,Safari,New,Paid Social,SOC_BRAND_Q324,South,/plans/compare,1,Home Page,application educate,/,Bounced/Browsed,4,129,2.9,0,No,Plus,,No,,0.0
AV01744,F2278E6F2991992A,,,Anonymous Prospect,8/26/2024,14:26,Mobile,Safari,New,Direct,,South,/,2,Product Comparison,application educate,/plans/compare,Bounced/Browsed,4,203,2.9,0,No,Plus,,No,,0.0
AV01745,19627BD50ED95F63,,,Anonymous Prospect,8/26/2024,15:05,Mobile,Firefox,New,SEM,SEM_PLANS_Q324,West,/plans/compare,2,Product Comparison,application educate,/plans/compare,Bounced/Browsed,4,133,4.3,0,No,Basic,,No,,0.0
AV01746,231FD4214291DE20,,,Anonymous Prospect,8/26/2024,16:44,Mobile,Safari,New,SEO,,West,/,2,Product Comparison,application educate,/plans/compare,Bounced/Browsed,4,148,4.5,0,No,Plus,,No,,0.0
AV01747,82EDB8FABC0C9C96,,,Anonymous Prospect,8/26/2024,17:35,Mobile,Safari,New,SEO,,South,/,2,Product Comparison,application educate,/plans/compare,Bounced/Browsed,3,230,1.9,0,No,Basic,,No,,0.0
AV01748,E41F1A81714D15E8,,,Anonymous Prospect,8/26/2024,18:33,Desktop,Edge,New,Affiliate,AFF_SWITCH_Q324,West,/,1,Home Page,application educate,/,Bounced/Browsed,2,142,2.3,0,No,Premium,,No,,0.0
AV01749,D85EADD923BA6F08,,L0331,New Lead,8/26/2024,19:44,Mobile,Chrome,New,Direct,,East,/,6,Plan Customization & Quote,application submit,/apply/quote,Yes,11,390,3.8,1,No,Basic,1423.54,No,,0.0
AV01750,3A777CE272921EF6,,L0332,New Lead,8/27/2024,07:22,Mobile,Chrome,New,Affiliate,AFF_BRAND_Q324,East,/,8,Payment & Confirmation,application complete,,No,14,479,6.0,2,No,Basic,2269.53,Yes,ORD00106,2269.53
AV01751,0E4C4EB69F6E4625,,,Anonymous Prospect,8/27/2024,09:10,Desktop,Safari,New,SEM,SEM_PLANS_Q324,East,/,1,Home Page,application educate,/,Bounced/Browsed,1,108,3.0,0,No,Plus,,No,,0.0
AV01752,6AC761EA44FADEFE,,,Anonymous Prospect,8/27/2024,10:20,Mobile,Chrome,Returning,SEO,,South,/,2,Product Comparison,application educate,/plans/compare,Bounced/Browsed,2,163,2.3,0,No,Premium,,No,,0.0
AV01753,697F8D2641DFBD96,,,Anonymous Prospect,8/27/2024,14:18,Mobile,Firefox,New,Direct Mail,DM_BRAND_Q324,West,/offer,1,Home Page,application educate,/,Bounced/Browsed,2,145,1.6,0,No,Basic,,No,,0.0
AV01754,A45619EC801B6B2A,,,Anonymous Prospect,8/27/2024,16:16,Mobile,Safari,Returning,Display,DSP_PLANS_Q324,North,/,2,Product Comparison,application educate,/plans/compare,Bounced/Browsed,5,191,4.3,0,No,Elite,,No,,0.0
AV01755,885C54E0B1403FC9,,L0333,New Lead,8/27/2024,16:49,Mobile,Chrome,New,Email,EM_RENEW_Q324,South,/,5,Identity Verification,application start,/apply/verify,Yes,8,592,5.3,4,No,Premium,,No,,0.0
AV01756,8AF2F0642BC35E98,,,Anonymous Prospect,8/27/2024,18:34,Mobile,Safari,New,Email,EM_BASIC_Q324,South,/,1,Home Page,application educate,/,Bounced/Browsed,3,90,1.5,0,No,Basic,,No,,0.0
AV01757,5EB51BD8FC1F381F,,,Anonymous Prospect,8/27/2024,19:47,Mobile,Safari,New,SEO,,South,/,1,Home Page,application educate,/,Bounced/Browsed,3,106,5.0,0,No,Elite,,No,,0.0
AV01758,985330CF00A72F8D,,,Anonymous Prospect,8/27/2024,19:51,Mobile,Safari,New,Display,DSP_SWITCH_Q324,North,/,2,Product Comparison,application educate,/plans/compare,Bounced/Browsed,6,148,5.5,0,No,Basic,,No,,0.0
AV01759,928875CD87E61268,,,Anonymous Prospect,8/27/2024,21:36,Desktop,Chrome,New,Paid Social,SOC_RENEW_Q324,South,/,1,Home Page,application educate,/,Bounced/Browsed,4,123,2.0,0,No,Plus,,No,,0.0
AV01760,22D4CF3F8443C905,,,Anonymous Prospect,8/27/2024,22:49,Desktop,Safari,New,Paid Social,SOC_PLANS_Q324,North,/,1,Home Page,application educate,/,Bounced/Browsed,3,91,1.8,0,Yes,Elite,,No,,0.0
AV01761,FC8AD36A815CB4A0,,,Anonymous Prospect,8/28/2024,06:31,Desktop,Chrome,New,Direct Mail,DM_BRAND_Q324,East,/offer,2,Product Comparison,application educate,/plans/compare,Bounced/Browsed,4,184,0.9,0,No,Basic,,No,,0.0
AV01762,9FA035583F05DF78,,,Anonymous Prospect,8/28/2024,07:14,Desktop,Chrome,New,Email,EM_PLANS_Q324,North,/,1,Home Page,application educate,/,Bounced/Browsed,3,121,1.7,0,No,Basic,,No,,0.0
AV01763,C47937A9100A3F15,,,Anonymous Prospect,8/28/2024,07:23,Desktop,Chrome,New,Direct,,East,/,2,Product Comparison,application educate,/plans/compare,Bounced/Browsed,4,173,2.4,0,No,Basic,,No,,0.0
AV01764,0FD7D5D268862DB8,,,Anonymous Prospect,8/28/2024,08:10,Mobile,Chrome,New,SEO,,East,/plans/compare,2,Product Comparison,application educate,/plans/compare,Bounced/Browsed,2,129,5.2,0,No,Plus,,No,,0.0
AV01765,4AA4DBF689BDD240,,,Anonymous Prospect,8/28/2024,09:38,Mobile,Chrome,Returning,Display,DSP_BRAND_Q324,West,/,2,Product Comparison,application educate,/plans/compare,Bounced/Browsed,4,203,4.8,0,No,Plus,,No,,0.0
AV01766,1F9B40D5660D6CEB,,,Anonymous Prospect,8/28/2024,11:17,Desktop,Firefox,New,SEO,,West,/plans/compare,1,Home Page,application educate,/,Bounced/Browsed,3,155,2.1,0,No,Elite,,No,,0.0
AV01767,CF4F1CA80120B9F7,,,Anonymous Prospect,8/28/2024,11:50,Mobile,Chrome,New,Paid Social,SOC_PLANS_Q324,East,/,1,Home Page,application educate,/,Bounced/Browsed,1,87,2.2,0,No,Plus,,No,,0.0
AV01768,03B6874A63691741,C067,,Existing Customer,8/28/2024,13:43,Mobile,Chrome,Returning,Direct,,West,/,2,Product Comparison,application educate,/plans/compare,Bounced/Browsed,6,234,2.1,0,No,Basic,,No,,0.0
AV01769,B0EDEC0E0540EBEA,C004,,Existing Customer,8/28/2024,14:35,Desktop,Edge,Returning,Paid Social,SOC_BRAND_Q324,West,/,1,Home Page,application educate,/,Bounced/Browsed,4,94,1.9,0,No,Basic,,No,,0.0
AV01770,A07ADB3E5CB73F04,,L0334,New Lead,8/28/2024,14:37,Desktop,Safari,Returning,SEO,,East,/plans/compare,8,Payment & Confirmation,application complete,,No,16,437,2.9,0,No,Elite,6957.42,Yes,ORD00107,6957.42
AV01771,6E56F59591832717,,,Anonymous Prospect,8/28/2024,14:58,Tablet,Chrome,Returning,SEO,,East,/,2,Product Comparison,application educate,/plans/compare,Bounced/Browsed,6,244,1.7,0,No,Plus,,No,,0.0
AV01772,D0A4B964EDEC214B,,,Anonymous Prospect,8/28/2024,16:20,Mobile,Edge,New,Paid Social,SOC_BASIC_Q324,South,/plans/compare,1,Home Page,application educate,/,Bounced/Browsed,2,87,1.6,0,No,Basic,,No,,0.0
AV01773,CC51D35343DE8BB1,C049,,Existing Customer,8/28/2024,17:36,Mobile,Safari,New,Email,EM_BASIC_Q324,South,/,5,Identity Verification,application start,/apply/verify,Yes,11,294,2.2,5,No,Basic,,No,,0.0
AV01774,740C0FCBF68D7E05,,,Anonymous Prospect,8/28/2024,20:54,Mobile,Chrome,New,SEM,SEM_BRAND_Q324,East,/,2,Product Comparison,application educate,/plans/compare,Bounced/Browsed,4,148,1.5,0,No,Plus,,No,,0.0
AV01775,4EC1639FE791F552,,,Anonymous Prospect,8/28/2024,20:55,Desktop,Chrome,New,Paid Social,SOC_SWITCH_Q324,East,/plans/compare,1,Home Page,application educate,/,Bounced/Browsed,2,129,3.1,0,No,Basic,,No,,0.0
AV01776,E69DE03D5B32D1BB,,,Anonymous Prospect,8/28/2024,21:08,Tablet,Chrome,New,SEO,,West,/,2,Product Comparison,application educate,/plans/compare,Bounced/Browsed,2,235,1.7,0,No,Plus,,No,,0.0
AV01777,CCCC3E6CC680CB5F,,,Anonymous Prospect,8/28/2024,21:20,Mobile,Safari,New,Affiliate,AFF_RENEW_Q324,North,/plans/compare,1,Home Page,application educate,/,Bounced/Browsed,2,122,2.1,0,No,Basic,,No,,0.0
AV01778,A3B407C744762400,,,Anonymous Prospect,8/28/2024,22:30,Mobile,Firefox,Returning,Display,DSP_BASIC_Q324,West,/,1,Home Page,application educate,/,Bounced/Browsed,2,156,2.3,0,No,Basic,,No,,0.0
AV01779,46B54B04EE9C2241,,,Anonymous Prospect,8/29/2024,06:56,Mobile,Chrome,New,SEM,SEM_PLANS_Q324,South,/,2,Product Comparison,application educate,/plans/compare,Bounced/Browsed,4,221,1.1,0,No,Plus,,No,,0.0
AV01780,B1764057862DB0F5,,,Anonymous Prospect,8/29/2024,08:00,Mobile,Chrome,Returning,Direct Mail,DM_BRAND_Q324,North,/offer,2,Product Comparison,application educate,/plans/compare,Bounced/Browsed,4,180,2.6,0,No,Premium,,No,,0.0
AV01781,5E64C5FA98076D78,,,Anonymous Prospect,8/29/2024,09:27,Mobile,Safari,Returning,Direct,,West,/,2,Product Comparison,application educate,/plans/compare,Bounced/Browsed,3,173,1.7,0,No,Basic,,No,,0.0
AV01782,2FCDE0C328D6C4F2,,,Anonymous Prospect,8/29/2024,10:36,Tablet,Safari,Returning,Paid Social,SOC_RENEW_Q324,South,/,1,Home Page,application educate,/,Bounced/Browsed,3,129,0.7,0,No,Plus,,No,,0.0
AV01783,780F1488BEB80FB1,,,Anonymous Prospect,8/29/2024,10:37,Mobile,Chrome,New,Paid Social,SOC_BASIC_Q324,East,/plans/compare,1,Home Page,application educate,/,Bounced/Browsed,3,121,2.0,0,Yes,Basic,,No,,0.0
AV01784,1EB3A5E22AEB27D9,,,Anonymous Prospect,8/29/2024,15:01,Desktop,Safari,New,Display,DSP_PLANS_Q324,West,/plans/compare,1,Home Page,application educate,/,Bounced/Browsed,1,100,1.5,0,No,Plus,,No,,0.0
AV01785,AAD52A39C5897EE0,,,Anonymous Prospect,8/29/2024,15:20,Mobile,Safari,Returning,Email,EM_BASIC_Q324,South,/plans/compare,2,Product Comparison,application educate,/plans/compare,Bounced/Browsed,4,234,5.9,0,No,Basic,,No,,0.0
AV01786,11869C706AB8B725,,,Anonymous Prospect,8/29/2024,15:56,Desktop,Chrome,New,Direct Mail,DM_PLANS_Q324,West,/offer,1,Home Page,application educate,/,Bounced/Browsed,4,108,2.0,0,No,Premium,,No,,0.0
AV01787,5A6C6E4C8D89A110,,,Anonymous Prospect,8/29/2024,17:53,Desktop,Chrome,New,SEM,SEM_PLUS_Q324,South,/plans/compare,2,Product Comparison,application educate,/plans/compare,Bounced/Browsed,4,210,2.2,0,No,Plus,,No,,0.0
AV01788,E6DF73529DFD38F2,,,Anonymous Prospect,8/29/2024,19:22,Mobile,Chrome,New,Direct Mail,DM_PLANS_Q324,East,/offer,1,Home Page,application educate,/,Bounced/Browsed,2,110,2.6,0,No,Plus,,No,,0.0
AV01789,C714107BC3C8DC52,,,Anonymous Prospect,8/29/2024,22:32,Mobile,Safari,Returning,SEO,,South,/,2,Product Comparison,application educate,/plans/compare,Bounced/Browsed,4,178,1.8,0,Yes,Plus,,No,,0.0
AV01790,FB7FBA79C4E29F97,,,Anonymous Prospect,8/30/2024,06:43,Desktop,Chrome,Returning,SEM,SEM_RENEW_Q324,South,/,1,Home Page,application educate,/,Bounced/Browsed,2,121,1.8,0,No,Elite,,No,,0.0
AV01791,A2C4BFDFE6003F43,,L0335,New Lead,8/30/2024,07:36,Mobile,Safari,Returning,Direct,,North,/,6,Plan Customization & Quote,application submit,/apply/quote,Yes,9,463,5.2,2,Yes,Premium,4773.32,No,,0.0
AV01792,BE14B48E89689709,,,Anonymous Prospect,8/30/2024,07:38,Mobile,Chrome,New,Paid Social,SOC_RENEW_Q324,East,/,2,Product Comparison,application educate,/plans/compare,Bounced/Browsed,3,242,4.2,0,No,Plus,,No,,0.0
AV01793,2CDBDE9E5C3536D6,,,Anonymous Prospect,8/30/2024,08:09,Mobile,Chrome,New,Display,DSP_PLANS_Q324,East,/plans/compare,2,Product Comparison,application educate,/plans/compare,Bounced/Browsed,5,198,1.8,0,No,Premium,,No,,0.0
AV01794,179F1775B55F647D,,,Anonymous Prospect,8/30/2024,08:10,Tablet,Edge,New,Direct,,South,/,2,Product Comparison,application educate,/plans/compare,Bounced/Browsed,5,162,2.9,0,No,Elite,,No,,0.0
AV01795,BED771D940D49BE8,,L0336,New Lead,8/30/2024,12:06,Mobile,Chrome,Returning,SEO,,East,/,5,Identity Verification,application start,/apply/verify,Yes,7,308,2.7,4,No,Plus,,No,,0.0
AV01796,B68E26D523ED670B,,,Anonymous Prospect,8/30/2024,12:27,Desktop,Edge,New,Email,EM_BRAND_Q324,North,/plans/compare,1,Home Page,application educate,/,Bounced/Browsed,1,126,2.5,0,No,Premium,,No,,0.0
AV01797,FD8CDB8FD5CF93B3,,,Anonymous Prospect,8/30/2024,14:14,Mobile,Chrome,New,SEM,SEM_RENEW_Q324,West,/plans/compare,1,Home Page,application educate,/,Bounced/Browsed,3,103,2.5,0,No,Basic,,No,,0.0
AV01798,0E2125DA70167892,,,Anonymous Prospect,8/30/2024,15:53,Mobile,Edge,New,Direct,,South,/,2,Product Comparison,application educate,/plans/compare,Bounced/Browsed,3,230,2.0,0,No,Premium,,No,,0.0
AV01799,74CC107150422ED8,,L0337,New Lead,8/30/2024,16:04,Mobile,Safari,Returning,Direct Mail,DM_RENEW_Q324,West,/offer,8,Payment & Confirmation,application complete,,No,16,463,4.4,0,No,Basic,1800.47,Yes,ORD00108,1800.47
AV01800,805F6AD9E83ADE63,,L0338,New Lead,8/30/2024,17:01,Desktop,Chrome,Returning,SEM,SEM_PLANS_Q324,West,/plans/compare,8,Payment & Confirmation,application complete,,No,11,686,1.7,1,No,Premium,5737.84,Yes,ORD00109,5737.84
AV01801,1A66736F29291F12,,,Anonymous Prospect,8/30/2024,18:16,Mobile,Safari,New,Direct,,East,/,1,Home Page,application educate,/,Bounced/Browsed,4,144,1.8,0,No,Basic,,No,,0.0
AV01802,9F8631CF335F9432,,L0339,New Lead,8/30/2024,19:56,Mobile,Chrome,New,Email,EM_PLUS_Q324,South,/,7,Review & e-Sign,application submit,/apply/review,Yes,14,727,4.2,2,No,Plus,2454.17,No,,0.0
AV01803,9964642E0A05398D,,L0340,New Lead,8/30/2024,20:22,Mobile,Chrome,New,Email,EM_RENEW_Q324,South,/,5,Identity Verification,application start,/apply/verify,Yes,9,453,2.1,3,No,Basic,,No,,0.0
AV01804,24774F0F27D49446,,,Anonymous Prospect,8/31/2024,06:33,Mobile,Chrome,New,SEO,,South,/plans/compare,1,Home Page,application educate,/,Bounced/Browsed,4,90,5.4,0,No,Plus,,No,,0.0
AV01805,D5B12989A75A5027,,L0341,New Lead,8/31/2024,07:53,Mobile,Chrome,Returning,Direct,,South,/,5,Identity Verification,application start,/apply/verify,Yes,11,358,4.2,3,No,Premium,,No,,0.0
AV01806,0A1BEE8A594D2D00,,,Anonymous Prospect,8/31/2024,09:08,Desktop,Safari,New,Paid Social,SOC_SWITCH_Q324,West,/,1,Home Page,application educate,/,Bounced/Browsed,3,100,1.9,0,No,Plus,,No,,0.0
AV01807,AF067D2098022D91,,,Anonymous Prospect,8/31/2024,09:25,Mobile,Firefox,New,SEO,,North,/,1,Home Page,application educate,/,Bounced/Browsed,3,108,4.5,0,No,Plus,,No,,0.0
AV01808,7B7248929E4C07B2,,,Anonymous Prospect,8/31/2024,10:48,Mobile,Chrome,New,Paid Social,SOC_SWITCH_Q324,East,/,1,Home Page,application educate,/,Bounced/Browsed,3,135,5.2,0,No,Plus,,No,,0.0
AV01809,29B6C6F0302FC8C9,,,Anonymous Prospect,8/31/2024,12:45,Mobile,Chrome,Returning,SEM,SEM_BRAND_Q324,West,/,2,Product Comparison,application educate,/plans/compare,Bounced/Browsed,3,140,4.3,0,Yes,Plus,,No,,0.0
AV01810,A26B264A656DF55D,,,Anonymous Prospect,8/31/2024,12:55,Desktop,Chrome,Returning,Direct Mail,DM_BRAND_Q324,North,/offer,1,Home Page,application educate,/,Bounced/Browsed,3,97,1.4,0,No,Basic,,No,,0.0
AV01811,CD0E5901AEEBECEF,,,Anonymous Prospect,8/31/2024,13:02,Desktop,Chrome,New,SEM,SEM_PLUS_Q324,East,/,2,Product Comparison,application educate,/plans/compare,Bounced/Browsed,4,204,1.7,0,No,Plus,,No,,0.0
AV01812,F362D4C5837A3595,,L0342,New Lead,8/31/2024,13:35,Desktop,Chrome,New,Paid Social,SOC_RENEW_Q324,South,/,8,Payment & Confirmation,application complete,,No,13,702,2.8,0,No,Plus,4136.19,Yes,ORD00110,4136.19
AV01813,35394C512B726DC0,,L0343,New Lead,8/31/2024,14:05,Desktop,Chrome,New,SEM,SEM_BASIC_Q324,East,/,8,Payment & Confirmation,application complete,,No,12,443,2.4,1,No,Basic,2380.47,Yes,ORD00111,2380.47
AV01814,AB1EE837E5A21E25,,,Anonymous Prospect,8/31/2024,14:21,Desktop,Safari,New,Display,DSP_SWITCH_Q324,North,/,2,Product Comparison,application educate,/plans/compare,Bounced/Browsed,3,204,1.7,0,No,Basic,,No,,0.0
AV01815,14CB2D15FBC8CEAB,C009,,Existing Customer,8/31/2024,15:13,Mobile,Chrome,Returning,Direct,,North,/,2,Product Comparison,application educate,/plans/compare,Bounced/Browsed,5,217,3.1,0,No,Basic,,No,,0.0
AV01816,F227B7DAC1737670,,,Anonymous Prospect,8/31/2024,17:19,Mobile,Chrome,Returning,Paid Social,SOC_SWITCH_Q324,East,/,1,Home Page,application educate,/,Bounced/Browsed,2,95,1.9,0,No,Plus,,No,,0.0
AV01817,0F755FCB9282978A,,,Anonymous Prospect,8/31/2024,17:58,Desktop,Chrome,Returning,Paid Social,SOC_SWITCH_Q324,West,/plans/compare,1,Home Page,application educate,/,Bounced/Browsed,3,135,2.2,0,No,Plus,,No,,0.0
AV01818,C8B0561C94651C56,,L0344,New Lead,8/31/2024,18:49,Mobile,Samsung Internet,Returning,Email,EM_RENEW_Q324,East,/plans/compare,5,Identity Verification,application start,/apply/verify,Yes,8,267,4.1,6,No,Basic,,No,,0.0
AV01819,C29FB11A7B64EB04,,,Anonymous Prospect,8/31/2024,20:03,Mobile,Edge,Returning,Paid Social,SOC_RENEW_Q324,South,/,1,Home Page,application educate,/,Bounced/Browsed,3,125,5.2,0,No,Premium,,No,,0.0
AV01820,03C968BEE1F2D1A2,,,Anonymous Prospect,8/31/2024,21:23,Tablet,Safari,New,Display,DSP_BASIC_Q324,North,/,2,Product Comparison,application educate,/plans/compare,Bounced/Browsed,5,242,3.2,0,No,Basic,,No,,0.0
AV01821,E1D01668DA17766F,,,Anonymous Prospect,8/31/2024,21:50,Mobile,Safari,Returning,SEO,,North,/plans/compare,2,Product Comparison,application educate,/plans/compare,Bounced/Browsed,4,142,1.9,0,No,Premium,,No,,0.0
AV01822,F0516C67367ACE8A,,,Anonymous Prospect,8/31/2024,21:53,Mobile,Chrome,Returning,SEM,SEM_BRAND_Q324,West,/,1,Home Page,application educate,/,Bounced/Browsed,3,86,3.4,0,No,Basic,,No,,0.0
AV01823,368F4D5F9C9D7E93,,,Anonymous Prospect,9/1/2024,08:59,Desktop,Samsung Internet,New,SEM,SEM_BRAND_Q324,West,/,1,Home Page,application educate,/,Bounced/Browsed,1,107,4.0,0,No,Plus,,No,,0.0
AV01824,5D6D5D5B2F275C23,,,Anonymous Prospect,9/1/2024,10:52,Desktop,Safari,Returning,SEO,,South,/plans/compare,2,Product Comparison,application educate,/plans/compare,Bounced/Browsed,4,231,2.8,0,No,Plus,,No,,0.0
AV01825,EE9D836A25E82703,,,Anonymous Prospect,9/1/2024,11:05,Mobile,Chrome,New,Direct,,North,/,2,Product Comparison,application educate,/plans/compare,Bounced/Browsed,4,145,5.8,0,No,Plus,,No,,0.0
AV01826,DFE3D278297C6A82,,L0345,New Lead,9/1/2024,11:08,Mobile,Safari,New,SEO,,East,/plans/compare,8,Payment & Confirmation,application complete,,No,20,869,1.9,2,No,Premium,5307.47,Yes,ORD00112,5307.47
AV01827,7A8A5218BB9E9826,,,Anonymous Prospect,9/1/2024,11:47,Desktop,Chrome,New,Affiliate,AFF_RENEW_Q324,West,/plans/compare,1,Home Page,application educate,/,Bounced/Browsed,3,111,2.6,0,No,Basic,,No,,0.0
AV01828,1FE93D72801093D5,,L0346,New Lead,9/1/2024,11:57,Mobile,Safari,New,Email,EM_PLANS_Q324,West,/plans/compare,4,Personal Details,application start,/apply/details,Yes,7,398,1.5,3,No,Plus,,No,,0.0
AV01829,C83835C8DD1549C3,,L0347,New Lead,9/1/2024,12:24,Desktop,Safari,New,Display,DSP_BRAND_Q324,North,/,4,Personal Details,application start,/apply/details,Yes,6,246,0.9,1,Yes,Elite,,No,,0.0
AV01830,9FA66F39BA1E910C,,,Anonymous Prospect,9/1/2024,13:07,Mobile,Chrome,New,Direct Mail,DM_SWITCH_Q324,East,/offer,2,Product Comparison,application educate,/plans/compare,Bounced/Browsed,4,158,5.0,0,No,Premium,,No,,0.0
AV01831,0A29D5F3D8D63098,,,Anonymous Prospect,9/1/2024,13:19,Desktop,Chrome,New,Affiliate,AFF_PLANS_Q324,East,/,2,Product Comparison,application educate,/plans/compare,Bounced/Browsed,3,199,0.6,0,No,Basic,,No,,0.0
AV01832,135EFF441DA7C4F1,,,Anonymous Prospect,9/1/2024,15:01,Mobile,Firefox,New,SEO,,South,/plans/compare,2,Product Comparison,application educate,/plans/compare,Bounced/Browsed,4,171,3.0,0,No,Basic,,No,,0.0
AV01833,326899CAD648D055,,,Anonymous Prospect,9/1/2024,15:29,Mobile,Safari,New,Direct,,West,/,1,Home Page,application educate,/,Bounced/Browsed,2,113,1.4,0,No,Basic,,No,,0.0
AV01834,7FB6724E7A1C0691,,,Anonymous Prospect,9/1/2024,16:03,Mobile,Chrome,Returning,SEO,,West,/plans/compare,1,Home Page,application educate,/,Bounced/Browsed,1,74,2.0,0,No,Premium,,No,,0.0
AV01835,F7CFAF8D40748E0F,,L0348,New Lead,9/1/2024,16:13,Mobile,Edge,New,Email,EM_SWITCH_Q324,East,/,6,Plan Customization & Quote,application submit,/apply/quote,Yes,14,557,1.5,0,No,Elite,9099.3,No,,0.0
AV01836,A5DE899478F5F19D,,,Anonymous Prospect,9/1/2024,17:08,Mobile,Safari,Returning,Email,EM_RENEW_Q324,North,/,1,Home Page,application educate,/,Bounced/Browsed,3,125,3.1,0,No,Premium,,No,,0.0
AV01837,F1C40E4C871BC3C7,,,Anonymous Prospect,9/1/2024,18:42,Mobile,Edge,Returning,Paid Social,SOC_RENEW_Q324,South,/,1,Home Page,application educate,/,Bounced/Browsed,3,151,4.5,0,No,Elite,,No,,0.0
AV01838,DA53E5CE382523D2,,,Anonymous Prospect,9/2/2024,06:54,Mobile,Chrome,New,SEO,,South,/plans/compare,2,Product Comparison,application educate,/plans/compare,Bounced/Browsed,4,203,4.2,0,No,Plus,,No,,0.0
AV01839,B0E6E3820FE61080,,L0349,New Lead,9/2/2024,08:29,Mobile,Safari,Returning,SEM,SEM_BRAND_Q324,North,/,8,Payment & Confirmation,application complete,,No,15,694,3.3,2,No,Premium,5288.58,Yes,ORD00113,5288.58
AV01840,457E7803A9D405A6,,,Anonymous Prospect,9/2/2024,10:39,Mobile,Chrome,New,Paid Social,SOC_BRAND_Q324,South,/,1,Home Page,application educate,/,Bounced/Browsed,3,106,2.6,0,No,Plus,,No,,0.0
AV01841,CFEF64B4A9FA9A66,,,Anonymous Prospect,9/2/2024,11:49,Desktop,Chrome,New,Paid Social,SOC_SWITCH_Q324,South,/,1,Home Page,application educate,/,Bounced/Browsed,2,121,3.0,0,No,Elite,,No,,0.0
AV01842,DDACA1B736D10D6A,,,Anonymous Prospect,9/2/2024,12:06,Tablet,Samsung Internet,New,SEO,,East,/,2,Product Comparison,application educate,/plans/compare,Bounced/Browsed,3,239,1.9,0,No,Premium,,No,,0.0
AV01843,762E5F8A8876C008,,,Anonymous Prospect,9/2/2024,12:35,Mobile,Chrome,New,SEM,SEM_PLANS_Q324,West,/plans/compare,2,Product Comparison,application educate,/plans/compare,Bounced/Browsed,3,212,3.2,0,No,Plus,,No,,0.0
AV01844,A0C7E7F3107F4950,,L0350,New Lead,9/2/2024,13:38,Mobile,Chrome,Returning,Paid Social,SOC_BASIC_Q324,North,/plans/compare,8,Payment & Confirmation,application complete,,No,17,746,1.6,0,No,Basic,1751.47,Yes,ORD00114,1751.47
AV01845,83726E8380FD85B6,,L0351,New Lead,9/2/2024,13:51,Tablet,Safari,New,SEM,SEM_BASIC_Q324,North,/plans/compare,4,Personal Details,application start,/apply/details,Yes,9,258,3.1,2,No,Basic,,No,,0.0
AV01846,A8A4521D35F6E9CA,,,Anonymous Prospect,9/2/2024,14:30,Desktop,Chrome,Returning,Display,DSP_SWITCH_Q324,East,/,2,Product Comparison,application educate,/plans/compare,Bounced/Browsed,4,224,2.1,0,No,Plus,,No,,0.0
AV01847,07C6DDEB5CBEA599,,,Anonymous Prospect,9/2/2024,19:36,Mobile,Safari,New,SEM,SEM_BRAND_Q324,North,/plans/compare,1,Home Page,application educate,/,Bounced/Browsed,3,137,3.2,0,No,Plus,,No,,0.0
AV01848,458272F443F96206,,,Anonymous Prospect,9/2/2024,19:47,Mobile,Chrome,New,SEM,SEM_SWITCH_Q324,South,/,2,Product Comparison,application educate,/plans/compare,Bounced/Browsed,6,233,2.3,0,No,Plus,,No,,0.0
AV01849,6403302C8FC7B64F,,,Anonymous Prospect,9/2/2024,22:49,Desktop,Chrome,New,Direct Mail,DM_RENEW_Q324,West,/offer,2,Product Comparison,application educate,/plans/compare,Bounced/Browsed,4,164,1.6,0,No,Plus,,No,,0.0
AV01850,636FF91AF9881D35,,,Anonymous Prospect,9/3/2024,06:48,Mobile,Safari,New,Display,DSP_RENEW_Q324,North,/,1,Home Page,application educate,/,Bounced/Browsed,4,96,2.1,0,No,Premium,,No,,0.0
AV01851,5F7E2F71486C3FB9,,,Anonymous Prospect,9/3/2024,07:03,Tablet,Safari,New,SEO,,West,/plans/compare,1,Home Page,application educate,/,Bounced/Browsed,3,99,0.6,0,No,Elite,,No,,0.0
AV01852,1660DF5E7B7F7B96,,,Anonymous Prospect,9/3/2024,07:05,Desktop,Safari,Returning,SEO,,North,/,2,Product Comparison,application educate,/plans/compare,Bounced/Browsed,4,231,3.1,0,No,Plus,,No,,0.0
AV01853,0666BC855DC567F7,,,Anonymous Prospect,9/3/2024,07:58,Mobile,Safari,New,SEO,,West,/,1,Home Page,application educate,/,Bounced/Browsed,3,97,1.1,0,No,Basic,,No,,0.0
AV01854,CBF02D5A577DE3CF,,,Anonymous Prospect,9/3/2024,08:29,Desktop,Chrome,Returning,Direct,,South,/,2,Product Comparison,application educate,/plans/compare,Bounced/Browsed,4,231,2.4,0,No,Basic,,No,,0.0
AV01855,2BE0DE1CD17CC600,,,Anonymous Prospect,9/3/2024,10:50,Desktop,Safari,New,Paid Social,SOC_SWITCH_Q324,West,/,3,Application Start,application start,/apply/start,Yes,6,201,0.6,0,No,Premium,,No,,0.0
AV01856,A6FBEADD11C4821B,,,Anonymous Prospect,9/3/2024,13:07,Desktop,Firefox,New,Direct,,North,/,1,Home Page,application educate,/,Bounced/Browsed,1,93,2.7,0,No,Basic,,No,,0.0
AV01857,A0E36C1D89A19240,,,Anonymous Prospect,9/3/2024,14:37,Tablet,Safari,New,SEM,SEM_RENEW_Q324,East,/plans/compare,2,Product Comparison,application educate,/plans/compare,Bounced/Browsed,5,165,1.9,0,No,Basic,,No,,0.0
AV01858,ACFDB81553D524D9,,,Anonymous Prospect,9/3/2024,15:06,Mobile,Safari,New,Paid Social,SOC_BRAND_Q324,East,/plans/compare,1,Home Page,application educate,/,Bounced/Browsed,4,91,1.7,0,No,Basic,,No,,0.0
AV01859,3F2B451221673030,,,Anonymous Prospect,9/3/2024,15:23,Desktop,Firefox,Returning,SEM,SEM_RENEW_Q324,North,/,3,Application Start,application start,/apply/start,Yes,7,197,1.7,0,No,Plus,,No,,0.0
AV01860,C68BF0AE23690651,,L0352,New Lead,9/3/2024,19:30,Mobile,Chrome,New,Display,DSP_BRAND_Q324,East,/plans/compare,4,Personal Details,application start,/apply/details,Yes,6,441,1.8,3,No,Plus,,No,,0.0
AV01861,FE44C598BC12AA47,,,Anonymous Prospect,9/3/2024,22:15,Mobile,Chrome,New,Display,DSP_RENEW_Q324,West,/plans/compare,1,Home Page,application educate,/,Bounced/Browsed,2,90,0.6,0,No,Basic,,No,,0.0
AV01862,D8369E95B5F12FBD,,,Anonymous Prospect,9/4/2024,06:08,Mobile,Chrome,New,SEO,,North,/plans/compare,1,Home Page,application educate,/,Bounced/Browsed,1,144,1.0,0,No,Plus,,No,,0.0
AV01863,193C467A8DBB8CB4,C010,,Existing Customer,9/4/2024,06:39,Desktop,Safari,New,Email,EM_PREMIUM_Q324,South,/,2,Product Comparison,application educate,/plans/compare,Bounced/Browsed,5,147,0.9,0,No,Premium,,No,,0.0
AV01864,CF68A3956C1393E6,,,Anonymous Prospect,9/4/2024,06:54,Desktop,Safari,New,SEM,SEM_BASIC_Q324,West,/,1,Home Page,application educate,/,Bounced/Browsed,3,154,2.2,0,No,Basic,,No,,0.0
AV01865,A19B96F651679BE0,,,Anonymous Prospect,9/4/2024,08:06,Desktop,Chrome,New,Affiliate,AFF_SWITCH_Q324,East,/,2,Product Comparison,application educate,/plans/compare,Bounced/Browsed,5,194,0.9,0,No,Plus,,No,,0.0
AV01866,30FE40A185686C26,,,Anonymous Prospect,9/4/2024,08:38,Desktop,Firefox,New,SEO,,East,/,1,Home Page,application educate,/,Bounced/Browsed,4,61,0.6,0,No,Elite,,No,,0.0
AV01867,00C278E3F7D1CD94,,,Anonymous Prospect,9/4/2024,09:21,Mobile,Chrome,Returning,SEO,,West,/plans/compare,1,Home Page,application educate,/,Bounced/Browsed,2,146,4.8,0,No,Premium,,No,,0.0
AV01868,782026D26761D29D,,,Anonymous Prospect,9/4/2024,10:46,Mobile,Safari,New,Paid Social,SOC_SWITCH_Q324,South,/plans/compare,1,Home Page,application educate,/,Bounced/Browsed,3,114,4.4,0,No,Plus,,No,,0.0
AV01869,806F9409F761E76B,,,Anonymous Prospect,9/4/2024,14:46,Mobile,Chrome,Returning,SEO,,West,/,2,Product Comparison,application educate,/plans/compare,Bounced/Browsed,4,253,2.4,0,No,Plus,,No,,0.0
AV01870,C2F92E619A7BF0B7,,,Anonymous Prospect,9/4/2024,19:35,Mobile,Chrome,Returning,Direct,,East,/,2,Product Comparison,application educate,/plans/compare,Bounced/Browsed,4,203,4.6,0,No,Plus,,No,,0.0
AV01871,9B992BAD9C8D87E8,,,Anonymous Prospect,9/4/2024,21:04,Desktop,Safari,New,SEO,,South,/plans/compare,2,Product Comparison,application educate,/plans/compare,Bounced/Browsed,5,177,1.3,0,No,Basic,,No,,0.0
AV01872,3E52B997CDB2A0B8,,,Anonymous Prospect,9/4/2024,21:31,Desktop,Chrome,New,SEM,SEM_BRAND_Q324,East,/,1,Home Page,application educate,/,Bounced/Browsed,4,141,1.4,0,No,Premium,,No,,0.0
AV01873,E0869DCD34487FD5,,,Anonymous Prospect,9/5/2024,08:54,Mobile,Safari,New,Direct,,East,/,1,Home Page,application educate,/,Bounced/Browsed,2,89,5.6,0,No,Premium,,No,,0.0
AV01874,72AF89C82C98F7F2,,,Anonymous Prospect,9/5/2024,09:28,Mobile,Chrome,New,Display,DSP_BASIC_Q324,West,/,1,Home Page,application educate,/,Bounced/Browsed,3,152,4.9,0,No,Basic,,No,,0.0
AV01875,433C94EF7E232F28,,,Anonymous Prospect,9/5/2024,09:29,Desktop,Chrome,New,Email,EM_PLANS_Q324,North,/,1,Home Page,application educate,/,Bounced/Browsed,2,118,2.6,0,No,Premium,,No,,0.0
AV01876,71C21B1934CDE3A3,,L0353,New Lead,9/5/2024,10:46,Mobile,Safari,Returning,Paid Social,SOC_PLANS_Q324,North,/,5,Identity Verification,application start,/apply/verify,Yes,10,330,3.2,3,No,Plus,,No,,0.0
AV01877,74AB06974F1CB761,,L0354,New Lead,9/5/2024,12:46,Mobile,Chrome,New,SEM,SEM_SWITCH_Q324,East,/plans/compare,5,Identity Verification,application start,/apply/verify,Yes,11,513,4.4,1,No,Basic,,No,,0.0
AV01878,B3112D8A0AE7DB97,,,Anonymous Prospect,9/5/2024,12:55,Mobile,Edge,New,Paid Social,SOC_BRAND_Q324,East,/,1,Home Page,application educate,/,Bounced/Browsed,3,94,4.9,0,No,Plus,,No,,0.0
AV01879,FA3389EF6C22ED06,,,Anonymous Prospect,9/5/2024,14:21,Mobile,Edge,New,Direct Mail,DM_SWITCH_Q324,East,/offer,2,Product Comparison,application educate,/plans/compare,Bounced/Browsed,4,180,4.2,0,No,Basic,,No,,0.0
AV01880,B079593CFB52EC76,,L0355,New Lead,9/5/2024,14:45,Desktop,Safari,New,Email,EM_BRAND_Q324,East,/,7,Review & e-Sign,application submit,/apply/review,Yes,14,618,2.3,1,No,Basic,2384.36,No,,0.0
AV01881,7A1CD397E8FD8404,,L0356,New Lead,9/5/2024,14:49,Desktop,Chrome,Returning,SEM,SEM_SWITCH_Q324,North,/plans/compare,8,Payment & Confirmation,application complete,,No,17,607,1.9,2,No,Plus,2797.83,Yes,ORD00115,2797.83
AV01882,25231C39B402FA1B,,,Anonymous Prospect,9/5/2024,15:38,Desktop,Chrome,New,SEO,,East,/,1,Home Page,application educate,/,Bounced/Browsed,3,116,1.7,0,No,Plus,,No,,0.0
AV01883,8D889CB6A50CDC71,,,Anonymous Prospect,9/5/2024,17:50,Mobile,Chrome,Returning,Direct,,South,/,1,Home Page,application educate,/,Bounced/Browsed,1,70,4.2,0,No,Basic,,No,,0.0
AV01884,B404F0300B5E96B4,,,Anonymous Prospect,9/5/2024,20:25,Mobile,Chrome,New,Direct Mail,DM_PLUS_Q324,South,/offer,1,Home Page,application educate,/,Bounced/Browsed,2,147,5.3,0,No,Plus,,No,,0.0
AV01885,F61D9DCDA5CBEE1F,,L0357,New Lead,9/5/2024,21:25,Desktop,Edge,New,Affiliate,AFF_SWITCH_Q324,South,/plans/compare,8,Payment & Confirmation,application complete,,No,17,767,0.6,0,No,Elite,8792.55,Yes,ORD00116,8792.55
AV01886,0386D906FB48D9C3,,L0358,New Lead,9/6/2024,06:20,Desktop,Chrome,New,Paid Social,SOC_RENEW_Q324,West,/plans/compare,8,Payment & Confirmation,application complete,,No,17,872,2.2,2,No,Plus,2470.19,Yes,ORD00117,2470.19
AV01887,66FE0BA5090F957A,,,Anonymous Prospect,9/6/2024,06:56,Desktop,Chrome,Returning,Paid Social,SOC_BRAND_Q324,North,/,1,Home Page,application educate,/,Bounced/Browsed,1,100,1.8,0,No,Premium,,No,,0.0
AV01888,52C243BA4567426D,,L0359,New Lead,9/6/2024,07:21,Mobile,Chrome,New,Affiliate,AFF_SWITCH_Q324,East,/plans/compare,4,Personal Details,application start,/apply/details,Yes,8,298,1.6,3,Yes,Plus,,No,,0.0
AV01889,D70312423667FB12,,,Anonymous Prospect,9/6/2024,08:14,Mobile,Chrome,New,Paid Social,SOC_PREMIUM_Q324,East,/,1,Home Page,application educate,/,Bounced/Browsed,1,147,1.1,0,No,Premium,,No,,0.0
AV01890,F95032C3FCA41152,,,Anonymous Prospect,9/6/2024,09:10,Mobile,Chrome,Returning,SEO,,North,/plans/compare,2,Product Comparison,application educate,/plans/compare,Bounced/Browsed,4,238,2.0,0,No,Premium,,No,,0.0
AV01891,A76C76426961FC9D,,,Anonymous Prospect,9/6/2024,10:57,Desktop,Safari,New,Email,EM_RENEW_Q324,East,/,1,Home Page,application educate,/,Bounced/Browsed,2,91,3.0,0,No,Elite,,No,,0.0
AV01892,FFE77C564FCB3EF9,,,Anonymous Prospect,9/6/2024,12:56,Mobile,Chrome,New,Display,DSP_PLANS_Q324,South,/,1,Home Page,application educate,/,Bounced/Browsed,3,99,4.5,0,No,Plus,,No,,0.0
AV01893,EB9FD07C9ABC4D6E,,,Anonymous Prospect,9/6/2024,13:07,Mobile,Safari,New,Paid Social,SOC_PLANS_Q324,East,/,1,Home Page,application educate,/,Bounced/Browsed,3,118,5.0,0,No,Elite,,No,,0.0
AV01894,5AD2DA61200C9509,,,Anonymous Prospect,9/6/2024,14:52,Desktop,Safari,New,SEM,SEM_BRAND_Q324,East,/,2,Product Comparison,application educate,/plans/compare,Bounced/Browsed,3,176,1.7,0,No,Plus,,No,,0.0
AV01895,A477ED123A83D1E4,,,Anonymous Prospect,9/6/2024,15:16,Mobile,Edge,New,Direct Mail,DM_SWITCH_Q324,North,/offer,3,Application Start,application start,/apply/start,Yes,7,168,3.6,0,No,Elite,,No,,0.0
AV01896,196CCA2DF352406E,,,Anonymous Prospect,9/6/2024,19:09,Desktop,Safari,New,Email,EM_RENEW_Q324,North,/,2,Product Comparison,application educate,/plans/compare,Bounced/Browsed,5,221,2.6,0,No,Premium,,No,,0.0
AV01897,5FA72F4C33CBDEA0,,,Anonymous Prospect,9/6/2024,20:38,Mobile,Chrome,New,Affiliate,AFF_BRAND_Q324,South,/,1,Home Page,application educate,/,Bounced/Browsed,1,105,4.4,0,No,Basic,,No,,0.0
AV01898,5C07D57433EF9E34,,,Anonymous Prospect,9/6/2024,20:52,Desktop,Chrome,New,SEM,SEM_SWITCH_Q324,South,/,1,Home Page,application educate,/,Bounced/Browsed,3,129,3.1,0,No,Plus,,No,,0.0
AV01899,8E308D1E171DBA38,,L0360,New Lead,9/6/2024,21:21,Desktop,Chrome,New,SEM,SEM_BRAND_Q324,East,/,6,Plan Customization & Quote,application submit,/apply/quote,Yes,11,378,1.1,0,No,Elite,9537.09,No,,0.0
AV01900,2B28C4F643BF9C60,,,Anonymous Prospect,9/6/2024,22:57,Desktop,Safari,Returning,Email,EM_PLUS_Q324,East,/,1,Home Page,application educate,/,Bounced/Browsed,2,142,0.8,0,No,Plus,,No,,0.0
AV01901,E4065842531B50D3,,,Anonymous Prospect,9/7/2024,06:40,Desktop,Chrome,New,SEO,,South,/plans/compare,1,Home Page,application educate,/,Bounced/Browsed,3,113,1.9,0,No,Premium,,No,,0.0
AV01902,F01CFFE8E63FC799,,L0361,New Lead,9/7/2024,08:35,Mobile,Safari,New,Email,EM_ELITE_Q324,South,/plans/compare,5,Identity Verification,application start,/apply/verify,Yes,9,344,5.4,3,Yes,Elite,,No,,0.0
AV01903,5DC215D096AB1100,,,Anonymous Prospect,9/7/2024,08:59,Tablet,Safari,New,SEO,,East,/plans/compare,1,Home Page,application educate,/,Bounced/Browsed,4,146,2.2,0,No,Elite,,No,,0.0
AV01904,00C52331487D2F5C,,,Anonymous Prospect,9/7/2024,09:42,Desktop,Edge,New,SEM,SEM_RENEW_Q324,North,/,2,Product Comparison,application educate,/plans/compare,Bounced/Browsed,5,107,1.2,0,No,Basic,,No,,0.0
AV01905,2C6F6846309B1FCE,C045,,Existing Customer,9/7/2024,09:53,Mobile,Samsung Internet,Returning,SEO,,East,/plans/compare,4,Personal Details,application start,/apply/details,Yes,10,240,5.0,0,No,Plus,,No,,0.0
AV01906,8B43198BE5620E0C,,,Anonymous Prospect,9/7/2024,13:29,Desktop,Edge,New,Direct,,South,/,1,Home Page,application educate,/,Bounced/Browsed,2,106,3.1,0,No,Premium,,No,,0.0
AV01907,C474D7E0DBAD7E4A,,,Anonymous Prospect,9/7/2024,13:37,Desktop,Safari,New,Email,EM_RENEW_Q324,North,/plans/compare,2,Product Comparison,application educate,/plans/compare,Bounced/Browsed,6,151,2.3,0,No,Plus,,No,,0.0
AV01908,B2CB7FCCF68573B7,,,Anonymous Prospect,9/7/2024,15:02,Mobile,Chrome,New,SEM,SEM_ELITE_Q324,West,/,1,Home Page,application educate,/,Bounced/Browsed,3,125,3.5,0,No,Elite,,No,,0.0
AV01909,DA9671017DF420E0,,,Anonymous Prospect,9/7/2024,16:23,Mobile,Chrome,New,SEM,SEM_SWITCH_Q324,North,/,2,Product Comparison,application educate,/plans/compare,Bounced/Browsed,5,153,1.3,0,No,Plus,,No,,0.0
AV01910,33A365150A5D4735,,,Anonymous Prospect,9/7/2024,17:44,Desktop,Chrome,Returning,SEM,SEM_PREMIUM_Q324,West,/,2,Product Comparison,application educate,/plans/compare,Bounced/Browsed,2,254,1.7,0,No,Premium,,No,,0.0
AV01911,293DFB8A977B890A,,,Anonymous Prospect,9/7/2024,20:03,Mobile,Edge,Returning,SEO,,North,/,2,Product Comparison,application educate,/plans/compare,Bounced/Browsed,6,240,4.4,0,No,Elite,,No,,0.0
AV01912,4F6DD203C73C7BB0,,,Anonymous Prospect,9/7/2024,20:04,Desktop,Edge,New,Direct Mail,DM_PLANS_Q324,North,/offer,2,Product Comparison,application educate,/plans/compare,Bounced/Browsed,5,145,3.4,0,No,Basic,,No,,0.0
AV01913,5D2875358A011B4E,,,Anonymous Prospect,9/8/2024,06:07,Tablet,Chrome,New,Direct Mail,DM_BRAND_Q324,East,/offer,3,Application Start,application start,/apply/start,Yes,5,346,0.6,0,No,Premium,,No,,0.0
AV01914,CC51D35343DE8BB1,C049,,Existing Customer,9/8/2024,07:15,Mobile,Safari,Returning,Direct,,South,/,8,Payment & Confirmation,application complete,,No,17,558,4.2,0,No,Plus,2668.01,Yes,ORD00118,2668.01
AV01915,B26E456E10AF8298,,,Anonymous Prospect,9/8/2024,07:40,Mobile,Chrome,New,SEO,,South,/,3,Application Start,application start,/apply/start,Yes,5,362,1.9,0,No,Premium,,No,,0.0
AV01916,E0169367278D9F62,,,Anonymous Prospect,9/8/2024,08:35,Mobile,Safari,New,Email,EM_BRAND_Q324,West,/plans/compare,1,Home Page,application educate,/,Bounced/Browsed,1,113,2.1,0,Yes,Premium,,No,,0.0
AV01917,22B9F7C3BFD9A747,,,Anonymous Prospect,9/8/2024,10:14,Mobile,Chrome,New,Paid Social,SOC_BRAND_Q324,West,/,2,Product Comparison,application educate,/plans/compare,Bounced/Browsed,4,166,3.7,0,No,Premium,,No,,0.0
AV01918,9BEF1B4C71A02D57,,,Anonymous Prospect,9/8/2024,11:59,Mobile,Safari,New,SEM,SEM_PLANS_Q324,West,/,2,Product Comparison,application educate,/plans/compare,Bounced/Browsed,5,245,5.2,0,No,Basic,,No,,0.0
AV01919,AFD2D12D09416856,,,Anonymous Prospect,9/8/2024,12:08,Mobile,Samsung Internet,New,Email,EM_SWITCH_Q324,East,/plans/compare,2,Product Comparison,application educate,/plans/compare,Bounced/Browsed,4,223,4.9,0,No,Plus,,No,,0.0
AV01920,27A95DC7B4F76529,,,Anonymous Prospect,9/8/2024,14:35,Desktop,Chrome,New,Direct Mail,DM_PLUS_Q324,East,/offer,2,Product Comparison,application educate,/plans/compare,Bounced/Browsed,5,239,1.5,0,No,Plus,,No,,0.0
AV01921,58478FF55BE6CC56,,,Anonymous Prospect,9/8/2024,14:53,Mobile,Chrome,New,Email,EM_RENEW_Q324,North,/plans/compare,2,Product Comparison,application educate,/plans/compare,Bounced/Browsed,3,192,1.7,0,No,Plus,,No,,0.0
AV01922,7308693703690630,,,Anonymous Prospect,9/8/2024,15:52,Desktop,Safari,New,Direct Mail,DM_BRAND_Q324,North,/offer,1,Home Page,application educate,/,Bounced/Browsed,3,107,2.5,0,No,Plus,,No,,0.0
AV01923,0CD24A03FFC41F01,,,Anonymous Prospect,9/8/2024,16:27,Mobile,Chrome,Returning,SEO,,West,/,2,Product Comparison,application educate,/plans/compare,Bounced/Browsed,5,209,3.4,0,No,Elite,,No,,0.0
AV01924,3DABEE96C0AC011A,,,Anonymous Prospect,9/8/2024,16:52,Mobile,Chrome,Returning,SEO,,West,/,2,Product Comparison,application educate,/plans/compare,Bounced/Browsed,5,193,2.7,0,No,Premium,,No,,0.0
AV01925,7DF996E00100A68E,,,Anonymous Prospect,9/8/2024,19:11,Mobile,Chrome,New,SEM,SEM_PLANS_Q324,North,/,2,Product Comparison,application educate,/plans/compare,Bounced/Browsed,6,235,2.7,0,No,Premium,,No,,0.0
AV01926,6A0E045114E50C31,C052,,Existing Customer,9/8/2024,21:46,Mobile,Samsung Internet,New,Email,EM_BRAND_Q324,East,/,5,Identity Verification,application start,/apply/verify,Yes,12,436,3.0,6,No,Plus,,No,,0.0
AV01927,ADADF23E2BB9C75B,,,Anonymous Prospect,9/8/2024,21:50,Mobile,Chrome,New,Paid Social,SOC_BRAND_Q324,West,/,1,Home Page,application educate,/,Bounced/Browsed,2,134,1.3,0,No,Plus,,No,,0.0
AV01928,0012877DDAA76CB1,,L0362,New Lead,9/8/2024,22:08,Desktop,Firefox,New,Email,EM_RENEW_Q324,South,/,6,Plan Customization & Quote,application submit,/apply/quote,Yes,11,432,3.7,3,No,Plus,3387.25,No,,0.0
AV01929,D9C0E2D0D6AC50BC,,,Anonymous Prospect,9/9/2024,08:54,Mobile,Chrome,New,SEO,,West,/,2,Product Comparison,application educate,/plans/compare,Bounced/Browsed,4,174,2.3,0,No,Plus,,No,,0.0
AV01930,638BCFAC8BDA3E40,,,Anonymous Prospect,9/9/2024,10:23,Mobile,Chrome,New,SEM,SEM_PREMIUM_Q324,South,/,1,Home Page,application educate,/,Bounced/Browsed,4,109,1.6,0,No,Premium,,No,,0.0
AV01931,E1813010B2CEB477,,,Anonymous Prospect,9/9/2024,12:28,Mobile,Chrome,New,SEO,,East,/plans/compare,2,Product Comparison,application educate,/plans/compare,Bounced/Browsed,6,243,2.0,0,No,Plus,,No,,0.0
AV01932,147C662083D585D5,C030,,Existing Customer,9/9/2024,13:35,Desktop,Chrome,New,Direct,,South,/,8,Payment & Confirmation,application complete,,No,14,883,1.4,2,No,Basic,2107.2,Yes,ORD00119,2107.2
AV01933,607165CFC9E37788,,L0363,New Lead,9/9/2024,13:43,Mobile,Chrome,New,Email,EM_BRAND_Q324,North,/,5,Identity Verification,application start,/apply/verify,Yes,10,372,2.0,1,No,Basic,,No,,0.0
AV01934,06CAB41B88C8DC7A,,,Anonymous Prospect,9/9/2024,17:02,Tablet,Chrome,New,Email,EM_BRAND_Q324,North,/plans/compare,2,Product Comparison,application educate,/plans/compare,Bounced/Browsed,4,147,2.9,0,No,Premium,,No,,0.0
AV01935,8CEA2713D2061DFE,,L0364,New Lead,9/9/2024,18:33,Desktop,Safari,New,SEO,,South,/,4,Personal Details,application start,/apply/details,Yes,10,276,3.5,2,Yes,Elite,,No,,0.0
AV01936,3C0BB939DDD4C9E0,,,Anonymous Prospect,9/9/2024,18:44,Mobile,Safari,Returning,SEM,SEM_PLANS_Q324,West,/plans/compare,2,Product Comparison,application educate,/plans/compare,Bounced/Browsed,6,200,4.5,0,No,Elite,,No,,0.0
AV01937,C2A6BFBFEDE805BD,,L0365,New Lead,9/9/2024,19:52,Desktop,Chrome,New,Email,EM_PLANS_Q324,West,/,6,Plan Customization & Quote,application submit,/apply/quote,Yes,11,552,1.1,1,No,Plus,3169.38,No,,0.0
AV01938,78AB3D597969496E,,,Anonymous Prospect,9/9/2024,20:27,Mobile,Firefox,New,Direct,,East,/,2,Product Comparison,application educate,/plans/compare,Bounced/Browsed,5,167,2.2,0,No,Premium,,No,,0.0
AV01939,5EA5A1D43FD86F23,,,Anonymous Prospect,9/9/2024,20:38,Mobile,Safari,Returning,Direct,,North,/,2,Product Comparison,application educate,/plans/compare,Bounced/Browsed,4,229,4.3,0,No,Premium,,No,,0.0
AV01940,84B9BE4ED8D284C3,,,Anonymous Prospect,9/9/2024,22:47,Mobile,Chrome,New,Display,DSP_BRAND_Q324,West,/,1,Home Page,application educate,/,Bounced/Browsed,2,102,5.4,0,No,Premium,,No,,0.0
AV01941,0E829E8E1ACEA124,,,Anonymous Prospect,9/10/2024,06:15,Mobile,Safari,New,SEO,,East,/,2,Product Comparison,application educate,/plans/compare,Bounced/Browsed,5,199,3.4,0,No,Plus,,No,,0.0
AV01942,CFC6B4C05BCFA840,,L0366,New Lead,9/10/2024,13:12,Desktop,Safari,New,Affiliate,AFF_SWITCH_Q324,East,/,5,Identity Verification,application start,/apply/verify,Yes,12,560,1.4,2,No,Elite,,No,,0.0
AV01943,E8B912BB1F077603,,,Anonymous Prospect,9/10/2024,14:51,Desktop,Safari,New,SEM,SEM_PLUS_Q324,East,/,2,Product Comparison,application educate,/plans/compare,Bounced/Browsed,5,160,3.2,0,No,Plus,,No,,0.0
AV01944,D69E414173CE93C2,,,Anonymous Prospect,9/10/2024,15:12,Desktop,Chrome,New,Email,EM_RENEW_Q324,South,/,2,Product Comparison,application educate,/plans/compare,Bounced/Browsed,5,269,2.0,0,No,Plus,,No,,0.0
AV01945,C7793526CFD87E40,,,Anonymous Prospect,9/10/2024,15:18,Desktop,Firefox,Returning,SEM,SEM_BRAND_Q324,West,/,1,Home Page,application educate,/,Bounced/Browsed,3,115,2.3,0,No,Plus,,No,,0.0
AV01946,DAC3F77CBF8CBB2B,,,Anonymous Prospect,9/10/2024,17:10,Mobile,Chrome,New,Affiliate,AFF_SWITCH_Q324,South,/plans/compare,1,Home Page,application educate,/,Bounced/Browsed,3,96,2.3,0,No,Elite,,No,,0.0
AV01947,E21A0B4E8EA03ED2,,L0367,New Lead,9/10/2024,17:19,Mobile,Chrome,New,Direct Mail,DM_PLANS_Q324,West,/offer,8,Payment & Confirmation,application complete,,No,12,533,5.6,0,No,Premium,5428.46,Yes,ORD00120,5428.46
AV01948,EC7FF589E291AE0E,,,Anonymous Prospect,9/10/2024,17:49,Mobile,Safari,New,Paid Social,SOC_BRAND_Q324,West,/plans/compare,1,Home Page,application educate,/,Bounced/Browsed,2,74,2.3,0,No,Basic,,No,,0.0
AV01949,34D41A09B1B996C8,,,Anonymous Prospect,9/10/2024,18:36,Tablet,Safari,New,Paid Social,SOC_PLANS_Q324,East,/,1,Home Page,application educate,/,Bounced/Browsed,2,118,1.1,0,No,Basic,,No,,0.0
AV01950,101FDCE0D2EE919B,,,Anonymous Prospect,9/10/2024,19:04,Mobile,Safari,New,SEO,,North,/plans/compare,2,Product Comparison,application educate,/plans/compare,Bounced/Browsed,5,205,3.8,0,No,Plus,,No,,0.0
AV01951,7B0379DE03244314,,,Anonymous Prospect,9/10/2024,19:14,Mobile,Safari,New,SEM,SEM_SWITCH_Q324,West,/,2,Product Comparison,application educate,/plans/compare,Bounced/Browsed,3,218,5.0,0,No,Basic,,No,,0.0
AV01952,62F09FDB0205679E,,L0368,New Lead,9/10/2024,19:33,Desktop,Safari,New,Email,EM_PLANS_Q324,North,/,5,Identity Verification,application start,/apply/verify,Yes,9,402,3.1,2,No,Basic,,No,,0.0
AV01953,50526BA4C293A8AE,,,Anonymous Prospect,9/10/2024,19:35,Desktop,Chrome,Returning,Paid Social,SOC_RENEW_Q324,West,/plans/compare,1,Home Page,application educate,/,Bounced/Browsed,2,96,2.1,0,No,Premium,,No,,0.0
AV01954,AAB230C3B81F7C88,,,Anonymous Prospect,9/10/2024,20:35,Mobile,Safari,New,SEO,,East,/,2,Product Comparison,application educate,/plans/compare,Bounced/Browsed,3,183,5.0,0,No,Basic,,No,,0.0
AV01955,D3242A775008904E,,,Anonymous Prospect,9/10/2024,22:49,Mobile,Safari,New,SEM,SEM_RENEW_Q324,South,/,1,Home Page,application educate,/,Bounced/Browsed,4,144,4.7,0,Yes,Basic,,No,,0.0
AV01956,698EF34ABA872199,C053,,Existing Customer,9/10/2024,22:54,Mobile,Chrome,Returning,Direct Mail,DM_PLANS_Q324,North,/offer,6,Plan Customization & Quote,application submit,/apply/quote,Yes,10,610,1.0,0,No,Plus,4182.51,No,,0.0
AV01957,F70A27BACE05A340,,,Anonymous Prospect,9/11/2024,07:28,Desktop,Chrome,New,Paid Social,SOC_SWITCH_Q324,North,/,1,Home Page,application educate,/,Bounced/Browsed,1,124,2.2,0,Yes,Plus,,No,,0.0
AV01958,2639FAFA70053D6D,,L0369,New Lead,9/11/2024,10:17,Mobile,Chrome,New,SEM,SEM_PLUS_Q324,West,/plans/compare,8,Payment & Confirmation,application complete,,No,14,567,5.3,0,No,Plus,3820.81,Yes,ORD00121,3820.81
AV01959,053EA45D16FCDE45,,,Anonymous Prospect,9/11/2024,11:32,Mobile,Chrome,New,Affiliate,AFF_BASIC_Q324,West,/plans/compare,2,Product Comparison,application educate,/plans/compare,Bounced/Browsed,3,161,5.9,0,Yes,Basic,,No,,0.0
AV01960,30492BE81C8C85D8,,L0370,New Lead,9/11/2024,13:55,Desktop,Chrome,New,Affiliate,AFF_PLANS_Q324,East,/,8,Payment & Confirmation,application complete,,No,15,654,2.6,0,No,Basic,1370.22,Yes,ORD00122,1370.22
AV01961,6366FD017D2C5BC1,,,Anonymous Prospect,9/11/2024,15:31,Tablet,Edge,New,SEM,SEM_RENEW_Q324,North,/,3,Application Start,application start,/apply/start,Yes,5,198,1.6,0,No,Plus,,No,,0.0
AV01962,6B0EB6F91B83C39A,,,Anonymous Prospect,9/11/2024,16:08,Mobile,Chrome,Returning,SEM,SEM_PLANS_Q324,North,/plans/compare,1,Home Page,application educate,/,Bounced/Browsed,3,120,3.3,0,No,Plus,,No,,0.0
AV01963,ACB0A2E151F0F222,,L0371,New Lead,9/11/2024,19:02,Tablet,Chrome,New,SEM,SEM_PLANS_Q324,South,/plans/compare,5,Identity Verification,application start,/apply/verify,Yes,6,518,1.0,1,No,Plus,,No,,0.0
AV01964,1AB2CEE0611B8364,,,Anonymous Prospect,9/11/2024,20:33,Mobile,Chrome,Returning,SEM,SEM_RENEW_Q324,West,/,3,Application Start,application start,/apply/start,Yes,7,197,1.9,0,No,Basic,,No,,0.0
AV01965,5F1CAF6A4930475E,,,Anonymous Prospect,9/12/2024,06:11,Mobile,Chrome,Returning,Display,DSP_RENEW_Q324,East,/,1,Home Page,application educate,/,Bounced/Browsed,1,106,1.9,0,No,Plus,,No,,0.0
AV01966,304344C3272064FC,,,Anonymous Prospect,9/12/2024,07:28,Desktop,Chrome,New,Direct Mail,DM_PLANS_Q324,West,/offer,2,Product Comparison,application educate,/plans/compare,Bounced/Browsed,5,201,1.3,0,No,Premium,,No,,0.0
AV01967,CC869C5D8FA71614,,L0372,New Lead,9/12/2024,09:25,Mobile,Safari,New,Direct,,East,/,5,Identity Verification,application start,/apply/verify,Yes,11,360,4.6,5,No,Basic,,No,,0.0
AV01968,8AB02A372A7BBA5F,C097,,Existing Customer,9/12/2024,09:49,Mobile,Edge,Returning,Email,EM_RENEW_Q324,South,/,2,Product Comparison,application educate,/plans/compare,Bounced/Browsed,4,202,3.8,0,No,Basic,,No,,0.0
AV01969,584328414C25713A,,L0373,New Lead,9/12/2024,09:56,Desktop,Chrome,New,Paid Social,SOC_BRAND_Q324,West,/,4,Personal Details,application start,/apply/details,Yes,7,294,2.6,0,No,Plus,,No,,0.0
AV01970,F4E674DB71586C3B,,,Anonymous Prospect,9/12/2024,10:26,Desktop,Safari,New,Paid Social,SOC_SWITCH_Q324,South,/,1,Home Page,application educate,/,Bounced/Browsed,2,83,3.3,0,No,Plus,,No,,0.0
AV01971,72F724D3D9F8A04D,,,Anonymous Prospect,9/12/2024,11:35,Mobile,Chrome,Returning,SEM,SEM_PLANS_Q324,West,/,2,Product Comparison,application educate,/plans/compare,Bounced/Browsed,5,186,4.6,0,No,Plus,,No,,0.0
AV01972,8FBE964F7E4AD2AC,,,Anonymous Prospect,9/12/2024,11:44,Mobile,Edge,Returning,SEM,SEM_PLANS_Q324,East,/,2,Product Comparison,application educate,/plans/compare,Bounced/Browsed,5,167,1.8,0,No,Basic,,No,,0.0
AV01973,430888F2EFA0CFE5,,,Anonymous Prospect,9/12/2024,13:49,Mobile,Safari,Returning,Direct,,West,/,2,Product Comparison,application educate,/plans/compare,Bounced/Browsed,3,208,2.7,0,No,Elite,,No,,0.0
AV01974,23A9BAD8A7151D87,,,Anonymous Prospect,9/12/2024,15:04,Desktop,Chrome,New,Direct,,South,/,2,Product Comparison,application educate,/plans/compare,Bounced/Browsed,5,170,1.5,0,No,Plus,,No,,0.0
AV01975,C5571F9D60291AAA,,,Anonymous Prospect,9/12/2024,16:05,Mobile,Edge,Returning,Email,EM_PLUS_Q324,East,/,2,Product Comparison,application educate,/plans/compare,Bounced/Browsed,5,220,4.1,0,No,Plus,,No,,0.0
AV01976,C56ACC618BC7E36F,,,Anonymous Prospect,9/12/2024,16:49,Mobile,Chrome,New,SEO,,North,/,1,Home Page,application educate,/,Bounced/Browsed,3,90,2.8,0,No,Elite,,No,,0.0
AV01977,B8D40320CF90BD77,,,Anonymous Prospect,9/12/2024,18:52,Desktop,Chrome,New,Paid Social,SOC_BRAND_Q324,East,/plans/compare,3,Application Start,application start,/apply/start,Yes,7,180,2.2,0,No,Elite,,No,,0.0
AV01978,D3E84ED21BA47397,,,Anonymous Prospect,9/12/2024,19:32,Mobile,Safari,New,Paid Social,SOC_RENEW_Q324,North,/,1,Home Page,application educate,/,Bounced/Browsed,3,137,4.5,0,No,Plus,,No,,0.0
AV01979,95E74FD40961BE4B,,,Anonymous Prospect,9/12/2024,19:33,Desktop,Chrome,New,SEO,,East,/,1,Home Page,application educate,/,Bounced/Browsed,1,121,2.1,0,No,Basic,,No,,0.0
AV01980,040863C034078BA4,,L0374,New Lead,9/12/2024,20:13,Mobile,Safari,New,SEM,SEM_RENEW_Q324,North,/plans/compare,5,Identity Verification,application start,/apply/verify,Yes,6,344,1.0,3,No,Plus,,No,,0.0
AV01981,ABDE2C8BA4267C81,,,Anonymous Prospect,9/12/2024,20:26,Desktop,Edge,New,Display,DSP_BRAND_Q324,West,/,2,Product Comparison,application educate,/plans/compare,Bounced/Browsed,4,254,3.1,0,No,Plus,,No,,0.0
AV01982,FB5E9836E6202B72,,L0375,New Lead,9/12/2024,20:47,Mobile,Edge,New,SEO,,East,/plans/compare,8,Payment & Confirmation,application complete,,No,14,880,5.1,1,No,Plus,3348.01,Yes,ORD00123,3348.01
AV01983,91E0B07570F41E1A,,,Anonymous Prospect,9/12/2024,22:38,Tablet,Edge,New,Direct Mail,DM_PLANS_Q324,West,/offer,2,Product Comparison,application educate,/plans/compare,Bounced/Browsed,4,167,1.7,0,No,Basic,,No,,0.0
AV01984,338B9C3D2590F6B5,,,Anonymous Prospect,9/13/2024,06:45,Tablet,Firefox,New,SEM,SEM_RENEW_Q324,East,/plans/compare,2,Product Comparison,application educate,/plans/compare,Bounced/Browsed,4,221,2.4,0,No,Plus,,No,,0.0
AV01985,E65335326A7140CF,,,Anonymous Prospect,9/13/2024,11:47,Mobile,Safari,New,SEM,SEM_PLANS_Q324,South,/plans/compare,2,Product Comparison,application educate,/plans/compare,Bounced/Browsed,5,215,3.0,0,No,Basic,,No,,0.0
AV01986,77519DC6D3B4B9AA,,,Anonymous Prospect,9/13/2024,15:59,Desktop,Chrome,New,SEM,SEM_PREMIUM_Q324,East,/,1,Home Page,application educate,/,Bounced/Browsed,3,136,3.3,0,No,Premium,,No,,0.0
AV01987,E1EB6FC3DEF3961B,,,Anonymous Prospect,9/13/2024,18:05,Mobile,Edge,New,Paid Social,SOC_PLANS_Q324,South,/,1,Home Page,application educate,/,Bounced/Browsed,1,79,2.3,0,No,Elite,,No,,0.0
AV01988,39B39DC9206BE67B,,,Anonymous Prospect,9/13/2024,19:16,Desktop,Safari,Returning,Affiliate,AFF_BASIC_Q324,East,/plans/compare,1,Home Page,application educate,/,Bounced/Browsed,2,164,1.8,0,No,Basic,,No,,0.0
AV01989,1E277E524BAFE504,,,Anonymous Prospect,9/14/2024,08:06,Mobile,Firefox,New,SEO,,West,/,1,Home Page,application educate,/,Bounced/Browsed,1,138,1.1,0,No,Basic,,No,,0.0
AV01990,D00B7D3790B10778,,,Anonymous Prospect,9/14/2024,09:02,Desktop,Edge,New,Paid Social,SOC_BRAND_Q324,East,/,1,Home Page,application educate,/,Bounced/Browsed,3,99,2.4,0,No,Plus,,No,,0.0
AV01991,208C8F4BA947358C,,,Anonymous Prospect,9/14/2024,09:24,Mobile,Safari,New,Direct Mail,DM_PLANS_Q324,South,/offer,1,Home Page,application educate,/,Bounced/Browsed,3,143,4.1,0,No,Basic,,No,,0.0
AV01992,C2E39728C50567B6,,,Anonymous Prospect,9/14/2024,09:36,Mobile,Safari,New,Display,DSP_PREMIUM_Q324,South,/,2,Product Comparison,application educate,/plans/compare,Bounced/Browsed,4,227,2.0,0,No,Premium,,No,,0.0
AV01993,B005DC1E2F63887B,,,Anonymous Prospect,9/14/2024,11:04,Desktop,Safari,Returning,SEO,,South,/,2,Product Comparison,application educate,/plans/compare,Bounced/Browsed,6,255,2.4,0,No,Plus,,No,,0.0
AV01994,13B62F57F1E4387D,,,Anonymous Prospect,9/14/2024,11:20,Mobile,Edge,Returning,Affiliate,AFF_ELITE_Q324,West,/,2,Product Comparison,application educate,/plans/compare,Bounced/Browsed,5,198,3.6,0,Yes,Elite,,No,,0.0
AV01995,BFAE1A566A17CFBB,,L0376,New Lead,9/14/2024,11:32,Tablet,Chrome,New,SEM,SEM_PLANS_Q324,East,/plans/compare,7,Review & e-Sign,application submit,/apply/review,Yes,12,521,1.8,1,No,Basic,1610.37,No,,0.0
AV01996,9D397F772F0AE627,,,Anonymous Prospect,9/14/2024,12:58,Mobile,Chrome,Returning,Paid Social,SOC_PLANS_Q324,West,/,1,Home Page,application educate,/,Bounced/Browsed,2,157,1.6,0,No,Premium,,No,,0.0
AV01997,FFFABFA56419AC53,,L0377,New Lead,9/14/2024,13:47,Desktop,Firefox,New,Direct Mail,DM_PREMIUM_Q324,North,/offer,6,Plan Customization & Quote,application submit,/apply/quote,Yes,10,557,2.2,0,No,Premium,5925.35,No,,0.0
AV01998,AE0638B81E1B7983,,,Anonymous Prospect,9/14/2024,15:02,Desktop,Chrome,New,Paid Social,SOC_PLANS_Q324,North,/,1,Home Page,application educate,/,Bounced/Browsed,2,104,1.3,0,No,Plus,,No,,0.0
AV01999,C6F10CAAA4F25C67,,,Anonymous Prospect,9/14/2024,16:45,Desktop,Chrome,New,Paid Social,SOC_BASIC_Q324,South,/plans/compare,2,Product Comparison,application educate,/plans/compare,Bounced/Browsed,5,180,1.6,0,No,Basic,,No,,0.0
AV02000,D4C00B97037F24E5,,,Anonymous Prospect,9/14/2024,18:25,Mobile,Safari,New,Direct,,East,/,2,Product Comparison,application educate,/plans/compare,Bounced/Browsed,4,187,1.5,0,No,Basic,,No,,0.0
AV02001,1414573FBF581438,,,Anonymous Prospect,9/14/2024,18:42,Mobile,Safari,New,SEM,SEM_SWITCH_Q324,North,/,1,Home Page,application educate,/,Bounced/Browsed,3,97,2.4,0,No,Basic,,No,,0.0
AV02002,1D8483B1F4CBB64B,,L0378,New Lead,9/14/2024,19:01,Mobile,Safari,New,Direct Mail,DM_PLANS_Q324,East,/offer,4,Personal Details,application start,/apply/details,Yes,5,480,1.7,3,No,Basic,,No,,0.0
AV02003,2F2A1082DB10E437,,,Anonymous Prospect,9/14/2024,20:43,Tablet,Safari,Returning,Affiliate,AFF_PLUS_Q324,West,/plans/compare,1,Home Page,application educate,/,Bounced/Browsed,2,108,2.1,0,No,Plus,,No,,0.0
AV02004,9A30123B9416A11B,C044,,Existing Customer,9/14/2024,21:46,Mobile,Chrome,Returning,Paid Social,SOC_PLANS_Q324,South,/plans/compare,2,Product Comparison,application educate,/plans/compare,Bounced/Browsed,5,156,4.0,0,No,Plus,,No,,0.0
AV02005,AC705BCFE87BA4D4,,,Anonymous Prospect,9/14/2024,22:39,Mobile,Chrome,Returning,Email,EM_RENEW_Q324,East,/,2,Product Comparison,application educate,/plans/compare,Bounced/Browsed,5,137,4.1,0,No,Plus,,No,,0.0
AV02006,4B49DF45BE72B4E4,,,Anonymous Prospect,9/15/2024,06:56,Desktop,Chrome,New,Affiliate,AFF_SWITCH_Q324,North,/plans/compare,2,Product Comparison,application educate,/plans/compare,Bounced/Browsed,3,189,2.7,0,No,Plus,,No,,0.0
AV02007,0BE70452963FA6FB,,L0379,New Lead,9/15/2024,07:46,Mobile,Chrome,New,Display,DSP_ELITE_Q324,West,/plans/compare,6,Plan Customization & Quote,application submit,/apply/quote,Yes,10,589,2.2,2,No,Elite,9201.35,No,,0.0
AV02008,B7A26721911802AF,,,Anonymous Prospect,9/15/2024,08:19,Mobile,Chrome,Returning,Paid Social,SOC_BRAND_Q324,East,/plans/compare,1,Home Page,application educate,/,Bounced/Browsed,4,105,3.9,0,No,Basic,,No,,0.0
AV02009,5FDF02C26E8329B9,,,Anonymous Prospect,9/15/2024,13:44,Mobile,Chrome,New,SEO,,East,/plans/compare,1,Home Page,application educate,/,Bounced/Browsed,2,131,5.4,0,No,Basic,,No,,0.0
AV02010,14B25DD20B9515AF,,L0380,New Lead,9/15/2024,15:51,Mobile,Samsung Internet,New,Direct,,East,/,7,Review & e-Sign,application submit,/apply/review,Yes,18,457,5.7,2,No,Plus,3459.91,No,,0.0
AV02011,A387DF37CC3B7420,,,Anonymous Prospect,9/15/2024,17:36,Mobile,Safari,Returning,SEM,SEM_BRAND_Q324,East,/plans/compare,2,Product Comparison,application educate,/plans/compare,Bounced/Browsed,3,111,1.2,0,No,Plus,,No,,0.0
AV02012,F1DF7881845EC778,,,Anonymous Prospect,9/15/2024,21:50,Mobile,Safari,New,SEM,SEM_BASIC_Q324,South,/plans/compare,1,Home Page,application educate,/,Bounced/Browsed,1,97,5.3,0,No,Basic,,No,,0.0
AV02013,6B9F4F74F383829F,,,Anonymous Prospect,9/15/2024,22:46,Desktop,Safari,New,Paid Social,SOC_SWITCH_Q324,East,/,1,Home Page,application educate,/,Bounced/Browsed,1,159,1.2,0,No,Plus,,No,,0.0
AV02014,01EF689BF399A0CA,,,Anonymous Prospect,9/16/2024,06:05,Desktop,Edge,New,Email,EM_PLANS_Q324,East,/plans/compare,1,Home Page,application educate,/,Bounced/Browsed,1,66,2.5,0,No,Premium,,No,,0.0
AV02015,60D826DE896CB3FE,,,Anonymous Prospect,9/16/2024,06:47,Desktop,Chrome,New,SEO,,South,/,1,Home Page,application educate,/,Bounced/Browsed,2,119,2.8,0,Yes,Plus,,No,,0.0
AV02016,ECC7EAABBB72BC18,,L0381,New Lead,9/16/2024,07:04,Tablet,Edge,New,SEM,SEM_RENEW_Q324,North,/,5,Identity Verification,application start,/apply/verify,Yes,10,540,2.0,0,No,Premium,,No,,0.0
AV02017,7D333259BD533C36,,L0382,New Lead,9/16/2024,07:15,Mobile,Edge,Returning,Direct,,North,/,5,Identity Verification,application start,/apply/verify,Yes,12,488,4.7,2,No,Plus,,No,,0.0
AV02018,25F6874A2F993B91,,,Anonymous Prospect,9/16/2024,09:22,Mobile,Edge,New,SEM,SEM_RENEW_Q324,West,/,2,Product Comparison,application educate,/plans/compare,Bounced/Browsed,6,224,5.6,0,No,Plus,,No,,0.0
AV02019,01463885986B1A57,,,Anonymous Prospect,9/16/2024,10:35,Desktop,Chrome,New,Email,EM_SWITCH_Q324,West,/plans/compare,2,Product Comparison,application educate,/plans/compare,Bounced/Browsed,5,200,3.1,0,No,Plus,,No,,0.0
AV02020,CA836769BF830774,,,Anonymous Prospect,9/16/2024,11:11,Mobile,Chrome,New,SEM,SEM_SWITCH_Q324,South,/,2,Product Comparison,application educate,/plans/compare,Bounced/Browsed,4,129,2.1,0,No,Basic,,No,,0.0
AV02021,3E3CCC3C72DEBAF4,,,Anonymous Prospect,9/16/2024,12:01,Desktop,Edge,New,Paid Social,SOC_RENEW_Q324,South,/plans/compare,2,Product Comparison,application educate,/plans/compare,Bounced/Browsed,3,134,3.0,0,No,Premium,,No,,0.0
AV02022,C7FA40E8820337A8,,,Anonymous Prospect,9/16/2024,12:04,Mobile,Safari,New,Paid Social,SOC_BASIC_Q324,North,/plans/compare,1,Home Page,application educate,/,Bounced/Browsed,1,154,1.6,0,No,Basic,,No,,0.0
AV02023,7ED1781AA0AC5DE4,,L0383,New Lead,9/16/2024,14:49,Mobile,Chrome,New,Display,DSP_RENEW_Q324,East,/plans/compare,5,Identity Verification,application start,/apply/verify,Yes,7,262,4.0,3,No,Premium,,No,,0.0
AV02024,FD951D5B3364E7D5,,,Anonymous Prospect,9/16/2024,16:24,Mobile,Chrome,New,SEM,SEM_PLUS_Q324,East,/plans/compare,2,Product Comparison,application educate,/plans/compare,Bounced/Browsed,3,241,5.1,0,No,Plus,,No,,0.0
AV02025,F07170067FD45D72,,,Anonymous Prospect,9/16/2024,17:03,Mobile,Safari,New,Paid Social,SOC_BRAND_Q324,East,/plans/compare,2,Product Comparison,application educate,/plans/compare,Bounced/Browsed,5,250,3.9,0,No,Elite,,No,,0.0
AV02026,100DBC79FF9CB936,,,Anonymous Prospect,9/16/2024,18:18,Mobile,Safari,New,SEO,,North,/,1,Home Page,application educate,/,Bounced/Browsed,3,156,4.9,0,No,Premium,,No,,0.0
AV02027,A4439BF5F2F17FE0,,,Anonymous Prospect,9/16/2024,19:36,Mobile,Safari,New,SEM,SEM_RENEW_Q324,North,/,1,Home Page,application educate,/,Bounced/Browsed,2,122,1.3,0,No,Plus,,No,,0.0
AV02028,C04D3F0DF39337D8,,L0384,New Lead,9/16/2024,20:56,Mobile,Chrome,Returning,SEM,SEM_PLANS_Q324,West,/plans/compare,4,Personal Details,application start,/apply/details,Yes,9,399,4.4,2,Yes,Elite,,No,,0.0
AV02029,D47E7341AE1A0831,,,Anonymous Prospect,9/16/2024,21:19,Mobile,Chrome,Returning,Direct Mail,DM_RENEW_Q324,West,/offer,2,Product Comparison,application educate,/plans/compare,Bounced/Browsed,5,156,1.0,0,No,Elite,,No,,0.0
AV02030,3ACBAE8FD520B2CE,,,Anonymous Prospect,9/16/2024,22:38,Mobile,Safari,New,Email,EM_BRAND_Q324,North,/,3,Application Start,application start,/apply/start,Yes,8,233,2.4,0,No,Basic,,No,,0.0
AV02031,C819FD9ECA446685,,,Anonymous Prospect,9/17/2024,06:26,Mobile,Chrome,New,Paid Social,SOC_PLANS_Q324,South,/,2,Product Comparison,application educate,/plans/compare,Bounced/Browsed,4,146,3.0,0,No,Basic,,No,,0.0
AV02032,EDA1A6E18BA6B907,,,Anonymous Prospect,9/17/2024,07:44,Mobile,Safari,Returning,Paid Social,SOC_BASIC_Q324,West,/plans/compare,1,Home Page,application educate,/,Bounced/Browsed,1,98,2.9,0,No,Basic,,No,,0.0
AV02033,EC8F5C006A935CBD,,,Anonymous Prospect,9/17/2024,12:51,Mobile,Samsung Internet,New,SEO,,East,/,2,Product Comparison,application educate,/plans/compare,Bounced/Browsed,4,238,2.8,0,No,Premium,,No,,0.0
AV02034,574D62B4AB9912D3,,L0385,New Lead,9/17/2024,13:03,Mobile,Chrome,New,Direct,,South,/,4,Personal Details,application start,/apply/details,Yes,7,384,4.9,1,No,Basic,,No,,0.0
AV02035,3ACBAC346B4EE906,,,Anonymous Prospect,9/17/2024,13:50,Mobile,Safari,New,Paid Social,SOC_RENEW_Q324,East,/,2,Product Comparison,application educate,/plans/compare,Bounced/Browsed,4,200,1.4,0,No,Plus,,No,,0.0
AV02036,07FA240C90A004F5,,,Anonymous Prospect,9/17/2024,14:34,Mobile,Edge,New,SEO,,West,/,1,Home Page,application educate,/,Bounced/Browsed,1,143,4.0,0,No,Premium,,No,,0.0
AV02037,B29E0431701247A6,,,Anonymous Prospect,9/17/2024,17:04,Mobile,Chrome,Returning,Paid Social,SOC_BRAND_Q324,South,/,1,Home Page,application educate,/,Bounced/Browsed,3,138,5.2,0,No,Basic,,No,,0.0
AV02038,B54D608A6A7D1DB3,,,Anonymous Prospect,9/17/2024,17:59,Mobile,Chrome,Returning,Affiliate,AFF_BRAND_Q324,West,/,2,Product Comparison,application educate,/plans/compare,Bounced/Browsed,6,193,5.6,0,No,Plus,,No,,0.0
AV02039,E3A84A56FB62D7A5,,,Anonymous Prospect,9/17/2024,18:13,Mobile,Edge,New,Direct,,North,/,2,Product Comparison,application educate,/plans/compare,Bounced/Browsed,4,127,0.6,0,Yes,Premium,,No,,0.0
AV02040,C78441E41AC7CFF1,,,Anonymous Prospect,9/17/2024,18:53,Tablet,Chrome,Returning,SEO,,East,/,1,Home Page,application educate,/,Bounced/Browsed,2,79,2.9,0,No,Plus,,No,,0.0
AV02041,209BD6FF51D9586D,,,Anonymous Prospect,9/17/2024,18:56,Mobile,Safari,Returning,Paid Social,SOC_BRAND_Q324,South,/,1,Home Page,application educate,/,Bounced/Browsed,3,127,4.4,0,No,Basic,,No,,0.0
AV02042,570C25B11405ED8D,,L0386,New Lead,9/17/2024,19:59,Mobile,Chrome,New,SEO,,East,/plans/compare,8,Payment & Confirmation,application complete,,No,13,539,3.9,0,No,Basic,2169.58,Yes,ORD00124,2169.58
AV02043,3A1FCD647A3681CE,,,Anonymous Prospect,9/17/2024,21:05,Tablet,Chrome,Returning,SEM,SEM_ELITE_Q324,South,/,2,Product Comparison,application educate,/plans/compare,Bounced/Browsed,4,269,1.7,0,No,Elite,,No,,0.0
AV02044,B1BD7CE3CE2503BF,,,Anonymous Prospect,9/18/2024,11:57,Mobile,Chrome,New,Email,EM_SWITCH_Q324,East,/plans/compare,1,Home Page,application educate,/,Bounced/Browsed,4,102,1.9,0,No,Plus,,No,,0.0
AV02045,AAF63153E09E0ED9,,,Anonymous Prospect,9/18/2024,13:30,Mobile,Chrome,Returning,SEO,,South,/,1,Home Page,application educate,/,Bounced/Browsed,4,95,5.5,0,No,Plus,,No,,0.0
AV02046,7637A998442393D4,,,Anonymous Prospect,9/18/2024,17:32,Mobile,Chrome,New,Display,DSP_SWITCH_Q324,West,/,1,Home Page,application educate,/,Bounced/Browsed,1,145,4.8,0,Yes,Basic,,No,,0.0
AV02047,DE22D3490E837B18,,,Anonymous Prospect,9/18/2024,17:58,Mobile,Safari,New,Email,EM_BRAND_Q324,East,/,1,Home Page,application educate,/,Bounced/Browsed,4,101,4.7,0,No,Premium,,No,,0.0
AV02048,81FA68BCA5A67163,,,Anonymous Prospect,9/18/2024,18:14,Mobile,Chrome,New,SEM,SEM_PREMIUM_Q324,North,/plans/compare,1,Home Page,application educate,/,Bounced/Browsed,2,71,4.2,0,No,Premium,,No,,0.0
AV02049,86A87749B3F0E2BE,,,Anonymous Prospect,9/18/2024,20:04,Mobile,Chrome,New,Direct,,West,/,3,Application Start,application start,/apply/start,Yes,7,202,1.8,0,No,Plus,,No,,0.0
AV02050,2A4160DE5BC198EA,,,Anonymous Prospect,9/18/2024,20:04,Mobile,Chrome,New,Direct,,South,/,1,Home Page,application educate,/,Bounced/Browsed,3,124,2.2,0,No,Premium,,No,,0.0
AV02051,6E60445E0843F3DF,,L0387,New Lead,9/18/2024,22:40,Mobile,Edge,Returning,Direct,,East,/,5,Identity Verification,application start,/apply/verify,Yes,7,446,2.1,2,No,Premium,,No,,0.0
AV02052,04CA00FE0803B2C1,,,Anonymous Prospect,9/19/2024,07:40,Desktop,Safari,New,SEM,SEM_SWITCH_Q324,North,/plans/compare,2,Product Comparison,application educate,/plans/compare,Bounced/Browsed,3,161,1.2,0,No,Plus,,No,,0.0
AV02053,D41708DC30AE4E74,,,Anonymous Prospect,9/19/2024,08:07,Mobile,Chrome,New,SEO,,West,/,2,Product Comparison,application educate,/plans/compare,Bounced/Browsed,5,119,2.7,0,No,Plus,,No,,0.0
AV02054,B771C747FFBFE4A4,,,Anonymous Prospect,9/19/2024,09:15,Mobile,Chrome,New,Direct,,South,/,1,Home Page,application educate,/,Bounced/Browsed,2,102,2.1,0,No,Plus,,No,,0.0
AV02055,9AF219381156F7E4,,,Anonymous Prospect,9/19/2024,11:47,Mobile,Samsung Internet,Returning,SEM,SEM_SWITCH_Q324,West,/,1,Home Page,application educate,/,Bounced/Browsed,1,87,2.5,0,No,Basic,,No,,0.0
AV02056,EFA2C9841F141A63,,,Anonymous Prospect,9/19/2024,14:19,Desktop,Safari,New,SEO,,West,/,2,Product Comparison,application educate,/plans/compare,Bounced/Browsed,4,122,2.3,0,No,Elite,,No,,0.0
AV02057,B3907201EBFD9418,,,Anonymous Prospect,9/19/2024,16:06,Mobile,Chrome,Returning,Email,EM_PLUS_Q324,South,/plans/compare,2,Product Comparison,application educate,/plans/compare,Bounced/Browsed,3,197,2.0,0,No,Plus,,No,,0.0
AV02058,5A193F0A1C5906BD,,,Anonymous Prospect,9/19/2024,17:38,Mobile,Safari,New,SEO,,West,/plans/compare,2,Product Comparison,application educate,/plans/compare,Bounced/Browsed,3,114,3.9,0,No,Basic,,No,,0.0
AV02059,4CD098467790D674,,,Anonymous Prospect,9/19/2024,20:17,Desktop,Edge,New,Paid Social,SOC_PREMIUM_Q324,West,/plans/compare,1,Home Page,application educate,/,Bounced/Browsed,2,110,1.2,0,No,Premium,,No,,0.0
AV02060,FD9D573DA8378B59,,L0388,New Lead,9/19/2024,20:20,Mobile,Safari,New,Email,EM_RENEW_Q324,North,/,7,Review & e-Sign,application submit,/apply/review,Yes,14,477,6.0,3,No,Premium,6362.43,No,,0.0
AV02061,9BB8142D0EF9A83A,,,Anonymous Prospect,9/19/2024,20:47,Mobile,Chrome,New,Paid Social,SOC_PLANS_Q324,South,/plans/compare,1,Home Page,application educate,/,Bounced/Browsed,1,152,3.5,0,No,Basic,,No,,0.0
AV02062,E751C86E02D67CB6,,,Anonymous Prospect,9/19/2024,21:16,Mobile,Firefox,New,Direct,,East,/,2,Product Comparison,application educate,/plans/compare,Bounced/Browsed,4,135,4.2,0,No,Plus,,No,,0.0
AV02063,12B16AC13A8AB533,,,Anonymous Prospect,9/19/2024,22:06,Desktop,Safari,New,Display,DSP_BRAND_Q324,North,/plans/compare,1,Home Page,application educate,/,Bounced/Browsed,3,79,3.1,0,No,Plus,,No,,0.0
AV02064,366262D3E41E9F2E,,,Anonymous Prospect,9/20/2024,06:14,Mobile,Chrome,New,SEO,,East,/,2,Product Comparison,application educate,/plans/compare,Bounced/Browsed,6,241,2.0,0,No,Plus,,No,,0.0
AV02065,078EBDCCBB8C62CC,,,Anonymous Prospect,9/20/2024,06:31,Desktop,Safari,Returning,SEM,SEM_SWITCH_Q324,North,/plans/compare,2,Product Comparison,application educate,/plans/compare,Bounced/Browsed,4,244,1.6,0,No,Basic,,No,,0.0
AV02066,5FD3026FB2E61542,,,Anonymous Prospect,9/20/2024,06:35,Desktop,Chrome,Returning,Affiliate,AFF_RENEW_Q324,West,/,2,Product Comparison,application educate,/plans/compare,Bounced/Browsed,6,230,1.4,0,No,Basic,,No,,0.0
AV02067,FEDE2DD5B32D4071,,,Anonymous Prospect,9/20/2024,06:51,Mobile,Edge,New,Display,DSP_BRAND_Q324,South,/,1,Home Page,application educate,/,Bounced/Browsed,2,122,2.5,0,No,Plus,,No,,0.0
AV02068,733D72D4082EC02B,,,Anonymous Prospect,9/20/2024,08:34,Mobile,Safari,Returning,SEM,SEM_PLUS_Q324,East,/,2,Product Comparison,application educate,/plans/compare,Bounced/Browsed,3,257,2.8,0,No,Plus,,No,,0.0
AV02069,D2B5F3BA017508DC,,,Anonymous Prospect,9/20/2024,08:37,Mobile,Chrome,Returning,Direct Mail,DM_RENEW_Q324,North,/offer,1,Home Page,application educate,/,Bounced/Browsed,3,138,2.6,0,No,Plus,,No,,0.0
AV02070,AF13AC5391104770,,L0389,New Lead,9/20/2024,09:10,Mobile,Chrome,Returning,Email,EM_BRAND_Q324,East,/plans/compare,8,Payment & Confirmation,application complete,,No,12,797,3.4,1,No,Basic,1880.08,Yes,ORD00125,1880.08
AV02071,33C325DC8C0AB839,,,Anonymous Prospect,9/20/2024,09:22,Mobile,Safari,New,Affiliate,AFF_RENEW_Q324,West,/,2,Product Comparison,application educate,/plans/compare,Bounced/Browsed,6,191,3.5,0,No,Plus,,No,,0.0
AV02072,B859F5C34644D8EE,,,Anonymous Prospect,9/20/2024,10:58,Mobile,Safari,New,SEM,SEM_BRAND_Q324,East,/plans/compare,3,Application Start,application start,/apply/start,Yes,7,313,5.6,0,No,Premium,,No,,0.0
AV02073,B7F4FB0427EF8A9B,,,Anonymous Prospect,9/20/2024,11:52,Mobile,Edge,New,Direct,,East,/,1,Home Page,application educate,/,Bounced/Browsed,2,62,4.2,0,No,Plus,,No,,0.0
AV02074,FD014BDE7DADF563,,,Anonymous Prospect,9/20/2024,12:25,Tablet,Chrome,New,Paid Social,SOC_BRAND_Q324,East,/,1,Home Page,application educate,/,Bounced/Browsed,1,133,1.9,0,No,Basic,,No,,0.0
AV02075,9754E099EA9D942C,,,Anonymous Prospect,9/20/2024,13:16,Mobile,Edge,New,SEM,SEM_PREMIUM_Q324,East,/,1,Home Page,application educate,/,Bounced/Browsed,2,82,2.4,0,No,Premium,,No,,0.0
AV02076,5C1623EF62A9C242,,,Anonymous Prospect,9/20/2024,19:40,Mobile,Chrome,New,SEM,SEM_RENEW_Q324,North,/,1,Home Page,application educate,/,Bounced/Browsed,2,112,4.9,0,No,Premium,,No,,0.0
AV02077,35C54FD684E35C9A,,,Anonymous Prospect,9/20/2024,20:16,Mobile,Chrome,New,Email,EM_PLANS_Q324,East,/,1,Home Page,application educate,/,Bounced/Browsed,1,84,5.4,0,No,Elite,,No,,0.0
AV02078,F7B203A378157CA0,,L0390,New Lead,9/20/2024,22:09,Mobile,Safari,Returning,SEO,,South,/plans/compare,5,Identity Verification,application start,/apply/verify,Yes,7,412,3.9,4,Yes,Basic,,No,,0.0
AV02079,AF1A79483652ADED,,,Anonymous Prospect,9/21/2024,12:47,Tablet,Chrome,New,SEM,SEM_SWITCH_Q324,East,/plans/compare,1,Home Page,application educate,/,Bounced/Browsed,2,69,1.5,0,No,Premium,,No,,0.0
AV02080,5D110D5C5A547A74,,,Anonymous Prospect,9/21/2024,13:08,Mobile,Safari,Returning,Paid Social,SOC_PLANS_Q324,East,/,2,Product Comparison,application educate,/plans/compare,Bounced/Browsed,4,185,2.0,0,No,Premium,,No,,0.0
AV02081,0F749FE6CCF3E7A5,,,Anonymous Prospect,9/21/2024,14:32,Mobile,Chrome,New,SEO,,East,/,2,Product Comparison,application educate,/plans/compare,Bounced/Browsed,5,248,2.8,0,No,Plus,,No,,0.0
AV02082,35E1E426DEDC02F6,,,Anonymous Prospect,9/21/2024,15:14,Desktop,Safari,New,SEM,SEM_SWITCH_Q324,North,/plans/compare,1,Home Page,application educate,/,Bounced/Browsed,1,112,1.6,0,No,Plus,,No,,0.0
AV02083,11C29F2A2A7E08B3,,L0391,New Lead,9/21/2024,16:25,Desktop,Safari,Returning,Direct Mail,DM_RENEW_Q324,North,/offer,5,Identity Verification,application start,/apply/verify,Yes,10,428,3.1,0,No,Plus,,No,,0.0
AV02084,B3DBCD3F9F9B9891,,,Anonymous Prospect,9/21/2024,17:04,Desktop,Safari,New,SEO,,West,/plans/compare,2,Product Comparison,application educate,/plans/compare,Bounced/Browsed,5,177,1.5,0,No,Plus,,No,,0.0
AV02085,E22A4C27792E7DD6,,L0392,New Lead,9/21/2024,17:53,Desktop,Firefox,New,Direct,,West,/,7,Review & e-Sign,application submit,/apply/review,Yes,13,673,1.7,2,No,Basic,1710.96,No,,0.0
AV02086,3F237D1F69A85A06,,,Anonymous Prospect,9/21/2024,18:05,Desktop,Chrome,New,Affiliate,AFF_BRAND_Q324,North,/,1,Home Page,application educate,/,Bounced/Browsed,1,125,3.0,0,No,Plus,,No,,0.0
AV02087,081DE708C9E2E87F,,,Anonymous Prospect,9/21/2024,18:20,Desktop,Safari,New,Paid Social,SOC_RENEW_Q324,East,/,1,Home Page,application educate,/,Bounced/Browsed,2,122,1.6,0,No,Basic,,No,,0.0
AV02088,C181B87EADC26C2A,,,Anonymous Prospect,9/21/2024,20:50,Mobile,Chrome,New,Direct Mail,DM_SWITCH_Q324,South,/offer,2,Product Comparison,application educate,/plans/compare,Bounced/Browsed,4,104,5.3,0,No,Elite,,No,,0.0
AV02089,5F19CA96956BB2AC,C061,,Existing Customer,9/21/2024,21:20,Mobile,Firefox,Returning,Direct,,West,/,5,Identity Verification,application start,/apply/verify,Yes,10,257,4.8,2,No,Premium,,No,,0.0
AV02090,A403529D07BA8E6C,,,Anonymous Prospect,9/21/2024,21:40,Mobile,Edge,New,SEM,SEM_RENEW_Q324,South,/plans/compare,2,Product Comparison,application educate,/plans/compare,Bounced/Browsed,4,153,6.0,0,No,Basic,,No,,0.0
AV02091,AAAC0A3766ED498F,,L0393,New Lead,9/22/2024,07:10,Desktop,Safari,Returning,SEM,SEM_SWITCH_Q324,South,/plans/compare,5,Identity Verification,application start,/apply/verify,Yes,8,301,1.9,2,No,Premium,,No,,0.0
AV02092,827442F84CFB9B72,,,Anonymous Prospect,9/22/2024,07:37,Desktop,Safari,Returning,Display,DSP_BRAND_Q324,West,/,1,Home Page,application educate,/,Bounced/Browsed,2,108,1.5,0,No,Plus,,No,,0.0
AV02093,A531FAA87F6E0EA2,,,Anonymous Prospect,9/22/2024,08:30,Desktop,Safari,New,Direct Mail,DM_PREMIUM_Q324,North,/offer,1,Home Page,application educate,/,Bounced/Browsed,1,108,2.6,0,No,Premium,,No,,0.0
AV02094,677A7F93EB1490CA,,,Anonymous Prospect,9/22/2024,14:38,Mobile,Safari,New,Direct Mail,DM_SWITCH_Q324,South,/offer,2,Product Comparison,application educate,/plans/compare,Bounced/Browsed,5,196,5.2,0,Yes,Premium,,No,,0.0
AV02095,530039130CB23276,,,Anonymous Prospect,9/22/2024,15:50,Desktop,Safari,New,SEM,SEM_RENEW_Q324,North,/,1,Home Page,application educate,/,Bounced/Browsed,4,98,2.2,0,No,Plus,,No,,0.0
AV02096,7F2939A8D4689E6D,,,Anonymous Prospect,9/22/2024,17:33,Desktop,Chrome,New,SEM,SEM_RENEW_Q324,North,/,2,Product Comparison,application educate,/plans/compare,Bounced/Browsed,2,238,1.8,0,No,Premium,,No,,0.0
AV02097,BDF73161D3509452,,L0394,New Lead,9/22/2024,18:09,Mobile,Firefox,New,Email,EM_RENEW_Q324,North,/plans/compare,5,Identity Verification,application start,/apply/verify,Yes,10,554,1.3,3,No,Plus,,No,,0.0
AV02098,3498FD57122E7857,,,Anonymous Prospect,9/22/2024,18:24,Mobile,Chrome,New,SEO,,North,/plans/compare,2,Product Comparison,application educate,/plans/compare,Bounced/Browsed,3,171,2.2,0,No,Basic,,No,,0.0
AV02099,010C769992E91A3A,,,Anonymous Prospect,9/22/2024,19:36,Mobile,Safari,Returning,Direct Mail,DM_BRAND_Q324,South,/offer,1,Home Page,application educate,/,Bounced/Browsed,2,64,2.8,0,No,Plus,,No,,0.0
AV02100,5E4277835E653A49,C093,,Existing Customer,9/22/2024,20:44,Mobile,Safari,Returning,Email,EM_PLANS_Q324,North,/,3,Application Start,application start,/apply/start,Yes,5,210,4.4,0,No,Elite,,No,,0.0
AV02101,58C73238CAA80D35,,,Anonymous Prospect,9/22/2024,21:31,Mobile,Safari,New,Paid Social,SOC_RENEW_Q324,West,/plans/compare,1,Home Page,application educate,/,Bounced/Browsed,2,72,2.0,0,Yes,Premium,,No,,0.0
AV02102,1422CB4FC8BCFBA4,,,Anonymous Prospect,9/22/2024,21:45,Tablet,Edge,New,Paid Social,SOC_PLANS_Q324,South,/plans/compare,2,Product Comparison,application educate,/plans/compare,Bounced/Browsed,4,222,1.4,0,No,Elite,,No,,0.0
AV02103,8A6AFC9087DC08F4,,L0395,New Lead,9/22/2024,22:30,Tablet,Chrome,Returning,Direct Mail,DM_PLANS_Q324,South,/offer,5,Identity Verification,application start,/apply/verify,Yes,10,561,2.3,1,No,Plus,,No,,0.0
AV02104,C5A5505A39A955A6,,,Anonymous Prospect,9/23/2024,06:50,Mobile,Chrome,New,Paid Social,SOC_RENEW_Q324,East,/,1,Home Page,application educate,/,Bounced/Browsed,1,129,1.8,0,No,Plus,,No,,0.0
AV02105,8EDC2F824D4574CC,,,Anonymous Prospect,9/23/2024,07:15,Desktop,Chrome,New,SEO,,West,/,2,Product Comparison,application educate,/plans/compare,Bounced/Browsed,4,158,1.6,0,No,Basic,,No,,0.0
AV02106,6C0189CCD51DF721,,,Anonymous Prospect,9/23/2024,07:31,Mobile,Chrome,New,SEO,,West,/plans/compare,1,Home Page,application educate,/,Bounced/Browsed,2,107,2.2,0,No,Basic,,No,,0.0
AV02107,D98E8A897D792438,,,Anonymous Prospect,9/23/2024,08:01,Mobile,Chrome,New,Email,EM_BASIC_Q324,East,/plans/compare,1,Home Page,application educate,/,Bounced/Browsed,1,137,5.4,0,No,Basic,,No,,0.0
AV02108,7069BC80DD7F06D5,C011,,Existing Customer,9/23/2024,10:18,Desktop,Safari,Returning,SEO,,West,/plans/compare,2,Product Comparison,application educate,/plans/compare,Bounced/Browsed,4,210,2.2,0,No,Premium,,No,,0.0
AV02109,A643340A7EDF9FC1,,L0396,New Lead,9/23/2024,10:50,Tablet,Safari,Returning,Email,EM_RENEW_Q324,West,/,8,Payment & Confirmation,application complete,,No,16,737,2.1,1,No,Plus,2595.26,Yes,ORD00126,2595.26
AV02110,C4DC15BE4115308B,,,Anonymous Prospect,9/23/2024,11:21,Desktop,Chrome,New,Paid Social,SOC_PLANS_Q324,North,/plans/compare,1,Home Page,application educate,/,Bounced/Browsed,3,98,1.5,0,No,Premium,,No,,0.0
AV02111,43087955D25A3638,,,Anonymous Prospect,9/23/2024,12:04,Mobile,Safari,New,SEO,,North,/plans/compare,1,Home Page,application educate,/,Bounced/Browsed,2,148,1.7,0,No,Plus,,No,,0.0
AV02112,E803818D0B7DB0F2,,,Anonymous Prospect,9/23/2024,14:08,Desktop,Safari,New,SEM,SEM_RENEW_Q324,North,/,3,Application Start,application start,/apply/start,Yes,6,309,1.5,0,No,Premium,,No,,0.0
AV02113,431863E2314C34E4,,,Anonymous Prospect,9/23/2024,14:29,Desktop,Chrome,New,Direct,,North,/,1,Home Page,application educate,/,Bounced/Browsed,2,102,2.6,0,No,Plus,,No,,0.0
AV02114,667433B643D39AF9,,,Anonymous Prospect,9/23/2024,14:47,Mobile,Safari,New,SEM,SEM_BRAND_Q324,West,/,2,Product Comparison,application educate,/plans/compare,Bounced/Browsed,4,137,2.3,0,No,Premium,,No,,0.0
AV02115,6FEB5257B1C9E5D3,,,Anonymous Prospect,9/23/2024,14:47,Tablet,Chrome,New,Display,DSP_BRAND_Q324,West,/,1,Home Page,application educate,/,Bounced/Browsed,2,83,3.2,0,No,Elite,,No,,0.0
AV02116,486FBDFC2EAE338A,,,Anonymous Prospect,9/23/2024,15:56,Tablet,Safari,New,Paid Social,SOC_PLANS_Q324,North,/,2,Product Comparison,application educate,/plans/compare,Bounced/Browsed,4,216,2.3,0,No,Premium,,No,,0.0
AV02117,BD9B76B0E2503917,,,Anonymous Prospect,9/23/2024,19:26,Mobile,Chrome,New,SEM,SEM_BASIC_Q324,North,/,2,Product Comparison,application educate,/plans/compare,Bounced/Browsed,5,139,2.2,0,No,Basic,,No,,0.0
AV02118,D5DDF1260D87D390,,L0397,New Lead,9/24/2024,07:45,Mobile,Chrome,New,SEM,SEM_SWITCH_Q324,North,/,8,Payment & Confirmation,application complete,,No,16,887,3.1,0,No,Basic,1822.89,Yes,ORD00127,1822.89
AV02119,138CEFE5BEE136B0,,,Anonymous Prospect,9/24/2024,09:42,Mobile,Samsung Internet,New,SEM,SEM_PREMIUM_Q324,East,/plans/compare,1,Home Page,application educate,/,Bounced/Browsed,4,111,2.2,0,No,Premium,,No,,0.0
AV02120,71BF9D0D1C4AE0CA,,,Anonymous Prospect,9/24/2024,12:12,Mobile,Edge,Returning,Affiliate,AFF_SWITCH_Q324,East,/plans/compare,3,Application Start,application start,/apply/start,Yes,5,326,4.1,0,No,Premium,,No,,0.0
AV02121,DB73C38FE00F111C,,,Anonymous Prospect,9/24/2024,12:28,Mobile,Safari,New,Direct Mail,DM_PLANS_Q324,North,/offer,1,Home Page,application educate,/,Bounced/Browsed,2,102,2.4,0,No,Basic,,No,,0.0
AV02122,1C45697193062CB6,,,Anonymous Prospect,9/24/2024,13:59,Desktop,Chrome,New,Paid Social,SOC_BRAND_Q324,West,/,1,Home Page,application educate,/,Bounced/Browsed,3,96,3.0,0,No,Elite,,No,,0.0
AV02123,34908CB8B1B43F0E,,,Anonymous Prospect,9/24/2024,14:57,Desktop,Chrome,New,SEO,,East,/plans/compare,2,Product Comparison,application educate,/plans/compare,Bounced/Browsed,6,153,1.9,0,No,Plus,,No,,0.0
AV02124,8C7CC67695505A7D,,L0398,New Lead,9/24/2024,15:20,Mobile,Chrome,Returning,SEM,SEM_PLANS_Q324,East,/plans/compare,5,Identity Verification,application start,/apply/verify,Yes,13,293,4.5,3,No,Premium,,No,,0.0
AV02125,1C4383705BE3241B,,,Anonymous Prospect,9/24/2024,15:36,Mobile,Chrome,New,Email,EM_PLUS_Q324,East,/,1,Home Page,application educate,/,Bounced/Browsed,3,142,1.4,0,No,Plus,,No,,0.0
AV02126,CE9A4EABD61E5C05,,,Anonymous Prospect,9/24/2024,18:24,Desktop,Firefox,New,SEO,,South,/,1,Home Page,application educate,/,Bounced/Browsed,4,118,1.2,0,No,Basic,,No,,0.0
AV02127,04AF90E91D5690D4,,,Anonymous Prospect,9/24/2024,20:18,Desktop,Chrome,New,Display,DSP_SWITCH_Q324,North,/plans/compare,1,Home Page,application educate,/,Bounced/Browsed,4,99,1.7,0,No,Plus,,No,,0.0
AV02128,686B9926A5839A7E,,,Anonymous Prospect,9/24/2024,20:29,Desktop,Samsung Internet,New,Email,EM_PREMIUM_Q324,North,/,3,Application Start,application start,/apply/start,Yes,5,244,3.4,0,No,Premium,,No,,0.0
AV02129,5FC86BBEC196FF0E,,,Anonymous Prospect,9/25/2024,06:34,Mobile,Chrome,New,SEO,,East,/,2,Product Comparison,application educate,/plans/compare,Bounced/Browsed,4,211,2.4,0,Yes,Basic,,No,,0.0
AV02130,2EF547419A4C275B,,L0399,New Lead,9/25/2024,06:37,Desktop,Safari,New,Direct Mail,DM_PLANS_Q324,North,/offer,8,Payment & Confirmation,application complete,,No,13,505,2.0,1,No,Plus,3796.68,Yes,ORD00128,3796.68
AV02131,BB6510CC6F2B6576,,,Anonymous Prospect,9/25/2024,07:35,Desktop,Safari,New,SEM,SEM_BASIC_Q324,West,/,2,Product Comparison,application educate,/plans/compare,Bounced/Browsed,5,237,1.9,0,No,Basic,,No,,0.0
AV02132,CE7978C8E2AA43A8,,,Anonymous Prospect,9/25/2024,10:50,Mobile,Chrome,Returning,Direct,,North,/,2,Product Comparison,application educate,/plans/compare,Bounced/Browsed,6,155,3.9,0,No,Basic,,No,,0.0
AV02133,1909D38BD14C5570,,,Anonymous Prospect,9/25/2024,11:18,Tablet,Chrome,New,SEO,,East,/plans/compare,1,Home Page,application educate,/,Bounced/Browsed,3,128,1.4,0,No,Plus,,No,,0.0
AV02134,251415211A57CD06,,L0400,New Lead,9/25/2024,12:05,Desktop,Samsung Internet,New,SEM,SEM_BRAND_Q324,North,/plans/compare,7,Review & e-Sign,application submit,/apply/review,Yes,10,511,2.2,1,No,Plus,2486.23,No,,0.0
AV02135,0B17B77BF689757B,,,Anonymous Prospect,9/25/2024,13:55,Desktop,Chrome,New,SEO,,North,/,1,Home Page,application educate,/,Bounced/Browsed,4,87,2.9,0,No,Plus,,No,,0.0
AV02136,E6900E549B8F848A,,L0401,New Lead,9/25/2024,14:23,Desktop,Safari,New,Direct,,North,/,8,Payment & Confirmation,application complete,,No,11,797,2.8,0,No,Plus,4011.75,Yes,ORD00129,4011.75
AV02137,3942613BE26FAEDE,,L0402,New Lead,9/25/2024,16:50,Mobile,Safari,New,Direct,,South,/,8,Payment & Confirmation,application complete,,No,12,412,5.9,0,No,Plus,3029.42,Yes,ORD00130,3029.42
AV02138,ACF838D61DF43527,,,Anonymous Prospect,9/25/2024,17:33,Mobile,Safari,New,Paid Social,SOC_BRAND_Q324,West,/,2,Product Comparison,application educate,/plans/compare,Bounced/Browsed,2,154,2.5,0,No,Basic,,No,,0.0
AV02139,75DE685299AA3339,,,Anonymous Prospect,9/25/2024,18:01,Mobile,Edge,Returning,Paid Social,SOC_SWITCH_Q324,West,/,1,Home Page,application educate,/,Bounced/Browsed,3,114,0.7,0,No,Basic,,No,,0.0
AV02140,34019F81B584EB44,,L0403,New Lead,9/25/2024,18:43,Desktop,Safari,Returning,Paid Social,SOC_SWITCH_Q324,South,/,8,Payment & Confirmation,application complete,,No,11,606,2.3,1,No,Plus,3883.91,Yes,ORD00131,3883.91
AV02141,849C808768DC653B,,,Anonymous Prospect,9/25/2024,20:04,Tablet,Chrome,New,Email,EM_SWITCH_Q324,North,/,1,Home Page,application educate,/,Bounced/Browsed,2,143,1.0,0,No,Plus,,No,,0.0
AV02142,F3D4740B7D65B93A,,,Anonymous Prospect,9/25/2024,20:59,Mobile,Safari,New,Email,EM_RENEW_Q324,East,/,2,Product Comparison,application educate,/plans/compare,Bounced/Browsed,5,145,4.5,0,No,Premium,,No,,0.0
AV02143,06683A20A32B582B,,,Anonymous Prospect,9/25/2024,22:25,Mobile,Chrome,New,Display,DSP_BRAND_Q324,North,/plans/compare,1,Home Page,application educate,/,Bounced/Browsed,1,124,6.8,0,No,Basic,,No,,0.0
AV02144,CD6739D57BBE2B47,,L0404,New Lead,9/26/2024,06:16,Desktop,Chrome,Returning,Direct Mail,DM_BRAND_Q324,West,/offer,5,Identity Verification,application start,/apply/verify,Yes,12,288,1.8,0,Yes,Plus,,No,,0.0
AV02145,F060DB33A1006032,,,Anonymous Prospect,9/26/2024,07:01,Mobile,Chrome,New,SEO,,South,/plans/compare,1,Home Page,application educate,/,Bounced/Browsed,2,143,5.6,0,Yes,Premium,,No,,0.0
AV02146,B888BC7038726537,,L0405,New Lead,9/26/2024,07:14,Mobile,Chrome,New,SEM,SEM_SWITCH_Q324,South,/plans/compare,5,Identity Verification,application start,/apply/verify,Yes,12,481,4.7,4,No,Plus,,No,,0.0
AV02147,FA90CFA79F90756A,,,Anonymous Prospect,9/26/2024,07:35,Mobile,Safari,New,Paid Social,SOC_RENEW_Q324,West,/,1,Home Page,application educate,/,Bounced/Browsed,2,116,1.7,0,No,Plus,,No,,0.0
AV02148,ED430DF81A6D2D38,,,Anonymous Prospect,9/26/2024,08:14,Mobile,Safari,New,Paid Social,SOC_BRAND_Q324,East,/,2,Product Comparison,application educate,/plans/compare,Bounced/Browsed,6,197,2.6,0,No,Basic,,No,,0.0
AV02149,E588E44342B1B11A,,L0406,New Lead,9/26/2024,09:21,Desktop,Samsung Internet,New,SEM,SEM_RENEW_Q324,East,/plans/compare,6,Plan Customization & Quote,application submit,/apply/quote,Yes,11,681,3.7,0,No,Plus,3975.57,No,,0.0
AV02150,18CF6B26857CEDC1,,,Anonymous Prospect,9/26/2024,09:47,Mobile,Chrome,New,Affiliate,AFF_BASIC_Q324,North,/,2,Product Comparison,application educate,/plans/compare,Bounced/Browsed,6,199,4.0,0,No,Basic,,No,,0.0
AV02151,2C4698FC29BC237F,,,Anonymous Prospect,9/26/2024,10:01,Mobile,Chrome,New,Display,DSP_SWITCH_Q324,South,/plans/compare,3,Application Start,application start,/apply/start,Yes,6,367,2.2,0,No,Plus,,No,,0.0
AV02152,4CDF6786A994E6A1,,L0407,New Lead,9/26/2024,11:14,Mobile,Safari,Returning,Direct,,South,/,5,Identity Verification,application start,/apply/verify,Yes,10,451,5.1,4,No,Basic,,No,,0.0
AV02153,279380865F411445,,,Anonymous Prospect,9/26/2024,12:58,Desktop,Safari,New,SEO,,North,/plans/compare,2,Product Comparison,application educate,/plans/compare,Bounced/Browsed,4,190,2.1,0,No,Basic,,No,,0.0
AV02154,B36EEC50E4CF4B42,,,Anonymous Prospect,9/26/2024,13:23,Tablet,Chrome,Returning,SEO,,North,/,2,Product Comparison,application educate,/plans/compare,Bounced/Browsed,3,220,2.9,0,No,Plus,,No,,0.0
AV02155,D55FAB2575FB4FB0,,,Anonymous Prospect,9/26/2024,13:53,Mobile,Edge,New,Direct Mail,DM_SWITCH_Q324,West,/offer,3,Application Start,application start,/apply/start,Yes,7,385,1.4,0,No,Basic,,No,,0.0
AV02156,52714668A85B391F,C087,,Existing Customer,9/26/2024,14:56,Mobile,Safari,Returning,Direct Mail,DM_BASIC_Q324,East,/offer,8,Payment & Confirmation,application complete,,No,15,652,0.8,0,No,Basic,1880.97,Yes,ORD00132,1880.97
AV02157,9EDF9408BF071BEC,,,Anonymous Prospect,9/26/2024,15:02,Desktop,Edge,New,Direct,,South,/,2,Product Comparison,application educate,/plans/compare,Bounced/Browsed,2,212,2.4,0,No,Premium,,No,,0.0
AV02158,AF7E65EA45562314,,,Anonymous Prospect,9/26/2024,16:05,Desktop,Chrome,Returning,Direct Mail,DM_SWITCH_Q324,West,/offer,1,Home Page,application educate,/,Bounced/Browsed,2,99,0.8,0,No,Plus,,No,,0.0
AV02159,C194BE1742B65985,,,Anonymous Prospect,9/26/2024,16:52,Tablet,Chrome,New,Display,DSP_RENEW_Q324,South,/,2,Product Comparison,application educate,/plans/compare,Bounced/Browsed,4,153,1.6,0,No,Elite,,No,,0.0
AV02160,F5D49AC1F9A42227,,,Anonymous Prospect,9/26/2024,19:34,Desktop,Safari,New,Affiliate,AFF_RENEW_Q324,North,/,2,Product Comparison,application educate,/plans/compare,Bounced/Browsed,3,260,1.6,0,No,Plus,,No,,0.0
AV02161,98B42753C1A7E944,,,Anonymous Prospect,9/26/2024,19:39,Mobile,Safari,New,Direct,,North,/,2,Product Comparison,application educate,/plans/compare,Bounced/Browsed,4,225,1.7,0,No,Plus,,No,,0.0
AV02162,0928B6AF046CE8C6,,,Anonymous Prospect,9/26/2024,20:35,Desktop,Edge,New,Direct Mail,DM_RENEW_Q324,East,/offer,1,Home Page,application educate,/,Bounced/Browsed,1,121,1.2,0,No,Plus,,No,,0.0
AV02163,0B4130E1098F91E0,,,Anonymous Prospect,9/27/2024,07:09,Mobile,Safari,New,Display,DSP_RENEW_Q324,South,/,1,Home Page,application educate,/,Bounced/Browsed,1,97,4.4,0,No,Basic,,No,,0.0
AV02164,00441F175DAE2D07,,,Anonymous Prospect,9/27/2024,08:02,Mobile,Chrome,New,SEO,,North,/,1,Home Page,application educate,/,Bounced/Browsed,2,90,4.8,0,No,Basic,,No,,0.0
AV02165,CD4368EB07D42223,,,Anonymous Prospect,9/27/2024,09:54,Desktop,Chrome,New,Display,DSP_SWITCH_Q324,North,/,1,Home Page,application educate,/,Bounced/Browsed,1,82,0.6,0,No,Basic,,No,,0.0
AV02166,F8CD4A6FFA36CC70,,L0408,New Lead,9/27/2024,12:10,Mobile,Safari,New,SEM,SEM_SWITCH_Q324,East,/,5,Identity Verification,application start,/apply/verify,Yes,13,363,2.8,0,No,Basic,,No,,0.0
AV02167,435A852E2DA74AB3,,,Anonymous Prospect,9/27/2024,14:32,Desktop,Safari,New,Display,DSP_SWITCH_Q324,South,/plans/compare,2,Product Comparison,application educate,/plans/compare,Bounced/Browsed,6,199,2.3,0,No,Basic,,No,,0.0
AV02168,8CDC68466AAF80E5,,L0409,New Lead,9/27/2024,14:42,Desktop,Edge,New,SEM,SEM_PLUS_Q324,East,/plans/compare,8,Payment & Confirmation,application complete,,No,15,758,2.0,0,No,Plus,3615.03,Yes,ORD00133,3615.03
AV02169,17B9EAFB0FCABCD4,,,Anonymous Prospect,9/27/2024,15:13,Mobile,Safari,New,Paid Social,SOC_BRAND_Q324,West,/,1,Home Page,application educate,/,Bounced/Browsed,2,83,3.1,0,No,Elite,,No,,0.0
AV02170,DD5D03DF4FD4C331,,L0410,New Lead,9/27/2024,15:36,Desktop,Edge,New,Email,EM_BASIC_Q324,North,/,4,Personal Details,application start,/apply/details,Yes,9,396,1.1,0,No,Basic,,No,,0.0
AV02171,52C29096AFF3A757,,L0411,New Lead,9/27/2024,15:48,Desktop,Firefox,New,Direct,,East,/,6,Plan Customization & Quote,application submit,/apply/quote,Yes,9,449,1.7,0,No,Premium,4778.45,No,,0.0
AV02172,136D30B199BEFD46,,,Anonymous Prospect,9/27/2024,18:58,Desktop,Firefox,New,Display,DSP_BRAND_Q324,South,/,1,Home Page,application educate,/,Bounced/Browsed,3,59,1.8,0,No,Basic,,No,,0.0
AV02173,F63CE2A8E9DDE49D,,,Anonymous Prospect,9/27/2024,19:25,Mobile,Safari,Returning,Email,EM_BRAND_Q324,East,/plans/compare,2,Product Comparison,application educate,/plans/compare,Bounced/Browsed,3,173,1.9,0,No,Basic,,No,,0.0
AV02174,CC0F4FA455222AFD,,,Anonymous Prospect,9/27/2024,20:34,Mobile,Safari,New,Direct Mail,DM_PLUS_Q324,South,/offer,2,Product Comparison,application educate,/plans/compare,Bounced/Browsed,3,141,4.4,0,No,Plus,,No,,0.0
AV02175,ECB6628B2A3EF205,C079,,Existing Customer,9/27/2024,20:52,Mobile,Edge,New,Direct,,South,/,2,Product Comparison,application educate,/plans/compare,Bounced/Browsed,5,230,2.2,0,No,Premium,,No,,0.0
AV02176,DA420FA8629869E0,,,Anonymous Prospect,9/27/2024,21:17,Mobile,Safari,New,Paid Social,SOC_PLANS_Q324,South,/plans/compare,1,Home Page,application educate,/,Bounced/Browsed,3,101,2.0,0,No,Basic,,No,,0.0
AV02177,AC462686F24CC5DE,,,Anonymous Prospect,9/27/2024,22:25,Desktop,Chrome,New,Display,DSP_RENEW_Q324,West,/plans/compare,1,Home Page,application educate,/,Bounced/Browsed,4,101,2.1,0,No,Basic,,No,,0.0
AV02178,6314E2D5FCDFA8B8,,L0412,New Lead,9/27/2024,22:43,Desktop,Edge,Returning,SEO,,East,/,8,Payment & Confirmation,application complete,,No,18,887,2.1,1,Yes,Plus,3448.34,Yes,ORD00134,3448.34
AV02179,F42A59C964075D56,,,Anonymous Prospect,9/28/2024,06:09,Desktop,Chrome,New,Affiliate,AFF_RENEW_Q324,South,/,2,Product Comparison,application educate,/plans/compare,Bounced/Browsed,3,206,3.7,0,No,Premium,,No,,0.0
AV02180,EB6CF280D6D5B45F,,,Anonymous Prospect,9/28/2024,07:22,Mobile,Firefox,New,Affiliate,AFF_RENEW_Q324,North,/plans/compare,1,Home Page,application educate,/,Bounced/Browsed,3,75,1.1,0,No,Plus,,No,,0.0
AV02181,5470818EA4A78364,,,Anonymous Prospect,9/28/2024,08:54,Mobile,Edge,New,SEO,,East,/,1,Home Page,application educate,/,Bounced/Browsed,2,74,1.6,0,Yes,Premium,,No,,0.0
AV02182,6367062AE0BADC2C,,,Anonymous Prospect,9/28/2024,09:16,Desktop,Safari,New,Email,EM_RENEW_Q324,East,/,1,Home Page,application educate,/,Bounced/Browsed,2,120,1.6,0,No,Basic,,No,,0.0
AV02183,D7D86A67D8B5A4FF,,,Anonymous Prospect,9/28/2024,10:44,Tablet,Chrome,New,Direct Mail,DM_RENEW_Q324,East,/offer,1,Home Page,application educate,/,Bounced/Browsed,3,72,0.6,0,No,Premium,,No,,0.0
AV02184,A75D6E2341355273,,,Anonymous Prospect,9/28/2024,12:17,Mobile,Safari,New,Display,DSP_SWITCH_Q324,North,/,2,Product Comparison,application educate,/plans/compare,Bounced/Browsed,4,123,5.3,0,No,Basic,,No,,0.0
AV02185,E32A45A401ABB89F,,,Anonymous Prospect,9/28/2024,13:08,Desktop,Chrome,New,SEM,SEM_PLUS_Q324,North,/plans/compare,2,Product Comparison,application educate,/plans/compare,Bounced/Browsed,4,209,2.1,0,No,Plus,,No,,0.0
AV02186,95EAD1CC929B85BD,,,Anonymous Prospect,9/28/2024,13:38,Mobile,Chrome,Returning,Paid Social,SOC_BASIC_Q324,West,/plans/compare,1,Home Page,application educate,/,Bounced/Browsed,2,127,2.3,0,No,Basic,,No,,0.0
AV02187,FE852B12F30E0AC5,,,Anonymous Prospect,9/28/2024,16:04,Mobile,Safari,Returning,SEM,SEM_BRAND_Q324,North,/plans/compare,2,Product Comparison,application educate,/plans/compare,Bounced/Browsed,3,170,2.7,0,No,Basic,,No,,0.0
AV02188,021217FB68EBAB30,,,Anonymous Prospect,9/28/2024,19:43,Mobile,Safari,New,Direct Mail,DM_PLANS_Q324,South,/offer,1,Home Page,application educate,/,Bounced/Browsed,1,136,5.4,0,No,Basic,,No,,0.0
AV02189,315911A4AB5B609C,,,Anonymous Prospect,9/28/2024,19:48,Tablet,Safari,New,SEO,,East,/,1,Home Page,application educate,/,Bounced/Browsed,3,108,3.7,0,No,Premium,,No,,0.0
AV02190,CC5A514B9AF3AB8F,,,Anonymous Prospect,9/28/2024,19:57,Mobile,Chrome,Returning,Paid Social,SOC_BRAND_Q324,North,/,1,Home Page,application educate,/,Bounced/Browsed,4,110,1.8,0,No,Premium,,No,,0.0
AV02191,2D24E0D8C3B291BB,,,Anonymous Prospect,9/28/2024,20:05,Desktop,Chrome,New,Display,DSP_BRAND_Q324,North,/plans/compare,1,Home Page,application educate,/,Bounced/Browsed,2,96,1.7,0,No,Plus,,No,,0.0
AV02192,762CA7C2FD36489A,,,Anonymous Prospect,9/28/2024,20:37,Desktop,Safari,New,SEM,SEM_BRAND_Q324,North,/,2,Product Comparison,application educate,/plans/compare,Bounced/Browsed,4,156,3.4,0,No,Premium,,No,,0.0
AV02193,1B8C9B07CC0CF9CA,,,Anonymous Prospect,9/28/2024,20:47,Desktop,Chrome,Returning,SEM,SEM_RENEW_Q324,South,/plans/compare,1,Home Page,application educate,/,Bounced/Browsed,2,125,2.0,0,No,Plus,,No,,0.0
AV02194,8B5A4A3E70B2EEA0,,,Anonymous Prospect,9/28/2024,22:01,Mobile,Chrome,Returning,Display,DSP_BASIC_Q324,East,/,1,Home Page,application educate,/,Bounced/Browsed,3,90,1.3,0,No,Basic,,No,,0.0
AV02195,C216D9269FFF62A2,,,Anonymous Prospect,9/29/2024,07:56,Desktop,Chrome,Returning,SEO,,North,/,1,Home Page,application educate,/,Bounced/Browsed,3,88,2.2,0,No,Plus,,No,,0.0
AV02196,6607FB42BB9CBB29,,,Anonymous Prospect,9/29/2024,11:28,Mobile,Edge,Returning,Email,EM_BASIC_Q324,North,/,2,Product Comparison,application educate,/plans/compare,Bounced/Browsed,4,253,4.2,0,No,Basic,,No,,0.0
AV02197,8583BC71C4BC417B,,L0413,New Lead,9/29/2024,13:38,Mobile,Chrome,New,SEO,,North,/,4,Personal Details,application start,/apply/details,Yes,6,390,4.4,0,No,Elite,,No,,0.0
AV02198,FD5A42987C9CABB0,,,Anonymous Prospect,9/29/2024,15:26,Mobile,Chrome,New,Direct Mail,DM_SWITCH_Q324,North,/offer,2,Product Comparison,application educate,/plans/compare,Bounced/Browsed,4,165,4.8,0,No,Plus,,No,,0.0
AV02199,A8601FDD203BB2AC,,,Anonymous Prospect,9/29/2024,18:13,Desktop,Chrome,New,SEM,SEM_RENEW_Q324,West,/plans/compare,1,Home Page,application educate,/,Bounced/Browsed,1,128,2.4,0,No,Elite,,No,,0.0
AV02200,71306F784A72C818,,,Anonymous Prospect,9/29/2024,18:46,Mobile,Chrome,New,SEM,SEM_RENEW_Q324,South,/,2,Product Comparison,application educate,/plans/compare,Bounced/Browsed,5,247,2.9,0,No,Basic,,No,,0.0
AV02201,57F8F5B7B6715E3A,,,Anonymous Prospect,9/29/2024,19:34,Mobile,Safari,New,Email,EM_PLANS_Q324,West,/plans/compare,2,Product Comparison,application educate,/plans/compare,Bounced/Browsed,2,129,2.1,0,No,Basic,,No,,0.0
AV02202,944CB4C9ECA23A56,,,Anonymous Prospect,9/29/2024,21:09,Desktop,Edge,New,Email,EM_BRAND_Q324,South,/,1,Home Page,application educate,/,Bounced/Browsed,3,110,2.8,0,No,Plus,,No,,0.0
AV02203,E0C6FD2F40D3ED05,,,Anonymous Prospect,9/29/2024,21:21,Desktop,Chrome,Returning,Display,DSP_SWITCH_Q324,West,/,1,Home Page,application educate,/,Bounced/Browsed,4,118,1.4,0,No,Basic,,No,,0.0
AV02204,1173F06C0AB2C786,,,Anonymous Prospect,9/29/2024,22:31,Mobile,Safari,New,SEM,SEM_PLANS_Q324,North,/,1,Home Page,application educate,/,Bounced/Browsed,3,107,1.5,0,No,Plus,,No,,0.0
AV02205,D3DD0CA5CEAFA382,,,Anonymous Prospect,9/29/2024,22:55,Desktop,Samsung Internet,New,Paid Social,SOC_BRAND_Q324,West,/plans/compare,1,Home Page,application educate,/,Bounced/Browsed,1,117,3.5,0,No,Premium,,No,,0.0
AV02206,5A8B188190909CCA,C098,,Existing Customer,9/30/2024,06:16,Mobile,Edge,New,Email,EM_BRAND_Q324,West,/,2,Product Comparison,application educate,/plans/compare,Bounced/Browsed,3,249,3.5,0,No,Plus,,No,,0.0
AV02207,110B06432A38F9C4,,,Anonymous Prospect,9/30/2024,08:55,Mobile,Chrome,New,SEO,,South,/,2,Product Comparison,application educate,/plans/compare,Bounced/Browsed,4,155,3.4,0,No,Plus,,No,,0.0
AV02208,31F26605E583EB94,,,Anonymous Prospect,9/30/2024,09:24,Mobile,Firefox,New,SEM,SEM_SWITCH_Q324,South,/plans/compare,1,Home Page,application educate,/,Bounced/Browsed,2,129,2.2,0,No,Premium,,No,,0.0
AV02209,399DA9268D9B285E,,,Anonymous Prospect,9/30/2024,11:38,Tablet,Chrome,Returning,SEO,,West,/plans/compare,1,Home Page,application educate,/,Bounced/Browsed,1,86,3.4,0,No,Elite,,No,,0.0
AV02210,9DEADB96CAD8064E,,,Anonymous Prospect,9/30/2024,13:35,Mobile,Safari,New,Email,EM_PLANS_Q324,North,/plans/compare,1,Home Page,application educate,/,Bounced/Browsed,1,69,2.8,0,No,Plus,,No,,0.0
AV02211,022E6B9F559887E3,,,Anonymous Prospect,9/30/2024,14:28,Mobile,Safari,New,SEM,SEM_BRAND_Q324,East,/plans/compare,1,Home Page,application educate,/,Bounced/Browsed,1,103,2.1,0,No,Premium,,No,,0.0
AV02212,96FF381CF7489433,,L0414,New Lead,9/30/2024,15:28,Desktop,Chrome,Returning,SEM,SEM_PLANS_Q324,West,/,6,Plan Customization & Quote,application submit,/apply/quote,Yes,13,360,1.2,1,No,Plus,4054.25,No,,0.0
AV02213,D2FD8588B8CFED8A,,,Anonymous Prospect,9/30/2024,15:56,Mobile,Safari,Returning,Display,DSP_BRAND_Q324,East,/,1,Home Page,application educate,/,Bounced/Browsed,4,120,5.7,0,No,Premium,,No,,0.0
AV02214,F9C9AD041DF97522,,,Anonymous Prospect,9/30/2024,18:01,Desktop,Chrome,Returning,SEM,SEM_PLANS_Q324,East,/plans/compare,3,Application Start,application start,/apply/start,Yes,8,181,1.6,0,No,Plus,,No,,0.0
AV02215,88BB95731EE187A6,,,Anonymous Prospect,9/30/2024,18:12,Mobile,Chrome,New,SEM,SEM_RENEW_Q324,South,/plans/compare,2,Product Comparison,application educate,/plans/compare,Bounced/Browsed,3,201,1.2,0,No,Plus,,No,,0.0
AV02216,A8B5F9CEB08D7EBA,,L0415,New Lead,9/30/2024,19:27,Mobile,Chrome,New,Direct,,East,/,8,Payment & Confirmation,application complete,,No,13,886,3.0,0,No,Basic,1488.57,Yes,ORD00135,1488.57
AV02217,BDFA794CACF6A85C,,,Anonymous Prospect,9/30/2024,19:28,Mobile,Chrome,New,SEM,SEM_SWITCH_Q324,North,/,1,Home Page,application educate,/,Bounced/Browsed,3,120,4.5,0,No,Premium,,No,,0.0
AV02218,CAA3712F6AE8280F,,,Anonymous Prospect,9/30/2024,19:32,Mobile,Chrome,Returning,SEO,,East,/plans/compare,1,Home Page,application educate,/,Bounced/Browsed,2,78,1.8,0,No,Basic,,No,,0.0
AV02219,B292859ADA031F37,,,Anonymous Prospect,10/1/2024,06:13,Tablet,Safari,New,SEO,,East,/plans/compare,1,Home Page,application educate,/,Bounced/Browsed,4,114,1.3,0,No,Plus,,No,,0.0
AV02220,BAE97B1C3147C561,,,Anonymous Prospect,10/1/2024,07:12,Mobile,Safari,New,SEO,,North,/,2,Product Comparison,application educate,/plans/compare,Bounced/Browsed,3,143,3.1,0,No,Premium,,No,,0.0
AV02221,DBD34BE5E416FEA4,,,Anonymous Prospect,10/1/2024,07:18,Desktop,Chrome,New,SEM,SEM_SWITCH_Q424,East,/plans/compare,1,Home Page,application educate,/,Bounced/Browsed,3,98,2.4,0,Yes,Elite,,No,,0.0
AV02222,5731B4CE391E4FCD,,,Anonymous Prospect,10/1/2024,09:34,Desktop,Chrome,Returning,Paid Social,SOC_RENEW_Q424,South,/,1,Home Page,application educate,/,Bounced/Browsed,3,96,1.0,0,No,Basic,,No,,0.0
AV02223,6EDDF69EC981F1EC,,,Anonymous Prospect,10/1/2024,09:35,Mobile,Chrome,New,SEO,,South,/,1,Home Page,application educate,/,Bounced/Browsed,4,121,1.8,0,No,Basic,,No,,0.0
AV02224,2F865326E41AB77F,,,Anonymous Prospect,10/1/2024,09:47,Mobile,Safari,New,SEO,,West,/,1,Home Page,application educate,/,Bounced/Browsed,2,77,2.3,0,No,Plus,,No,,0.0
AV02225,E016DDB5EA7FA2AA,,,Anonymous Prospect,10/1/2024,11:32,Mobile,Safari,New,SEM,SEM_PREMIUM_Q424,East,/plans/compare,1,Home Page,application educate,/,Bounced/Browsed,2,127,4.4,0,No,Premium,,No,,0.0
AV02226,FA5D7FE2DBF56600,,,Anonymous Prospect,10/1/2024,12:08,Tablet,Chrome,New,SEM,SEM_PLUS_Q424,South,/plans/compare,2,Product Comparison,application educate,/plans/compare,Bounced/Browsed,2,172,2.2,0,No,Plus,,No,,0.0
AV02227,88063D692ACBC388,,,Anonymous Prospect,10/1/2024,14:23,Mobile,Firefox,Returning,Paid Social,SOC_BRAND_Q424,East,/,2,Product Comparison,application educate,/plans/compare,Bounced/Browsed,4,228,4.7,0,No,Premium,,No,,0.0
AV02228,70B222A0AD026FAD,,,Anonymous Prospect,10/1/2024,17:55,Mobile,Chrome,New,Direct Mail,DM_BRAND_Q424,North,/offer,1,Home Page,application educate,/,Bounced/Browsed,1,110,5.2,0,No,Plus,,No,,0.0
AV02229,17EE73AAD47BF4EB,,,Anonymous Prospect,10/1/2024,18:18,Mobile,Edge,New,Display,DSP_BRAND_Q424,South,/plans/compare,2,Product Comparison,application educate,/plans/compare,Bounced/Browsed,6,168,5.1,0,No,Premium,,No,,0.0
AV02230,1A94046215B6B1B5,,L0416,New Lead,10/1/2024,20:55,Mobile,Safari,Returning,SEM,SEM_RENEW_Q424,West,/plans/compare,5,Identity Verification,application start,/apply/verify,Yes,12,523,1.5,4,No,Premium,,No,,0.0
AV02231,423985419C0FBD15,,,Anonymous Prospect,10/1/2024,21:40,Mobile,Chrome,Returning,Affiliate,AFF_BRAND_Q424,North,/,1,Home Page,application educate,/,Bounced/Browsed,1,97,2.5,0,No,Basic,,No,,0.0
AV02232,42A0D8CEA984883A,C095,,Existing Customer,10/1/2024,21:55,Mobile,Safari,New,Email,EM_SWITCH_Q424,East,/plans/compare,3,Application Start,application start,/apply/start,Yes,7,263,2.9,0,No,Plus,,No,,0.0
AV02233,D02CF6DCA2167318,,,Anonymous Prospect,10/2/2024,07:40,Mobile,Chrome,New,Direct,,South,/,1,Home Page,application educate,/,Bounced/Browsed,2,120,2.4,0,No,Premium,,No,,0.0
AV02234,23E212AABA479299,,,Anonymous Prospect,10/2/2024,08:05,Mobile,Edge,New,Paid Social,SOC_BRAND_Q424,West,/plans/compare,1,Home Page,application educate,/,Bounced/Browsed,2,74,2.2,0,No,Premium,,No,,0.0
AV02235,24F1F860946EA7BD,,L0417,New Lead,10/2/2024,08:15,Desktop,Chrome,New,SEO,,West,/,4,Personal Details,application start,/apply/details,Yes,5,382,2.3,1,No,Basic,,No,,0.0
AV02236,E86F521010174B3E,,,Anonymous Prospect,10/2/2024,08:18,Mobile,Chrome,Returning,SEO,,North,/plans/compare,1,Home Page,application educate,/,Bounced/Browsed,2,89,5.0,0,No,Plus,,No,,0.0
AV02237,7E4CF222FDEE6ACC,,,Anonymous Prospect,10/2/2024,08:34,Mobile,Samsung Internet,New,Direct,,North,/,1,Home Page,application educate,/,Bounced/Browsed,3,114,1.4,0,No,Elite,,No,,0.0
AV02238,905DCF035F64ECAF,,,Anonymous Prospect,10/2/2024,09:32,Desktop,Chrome,Returning,SEO,,North,/plans/compare,2,Product Comparison,application educate,/plans/compare,Bounced/Browsed,4,168,1.3,0,No,Basic,,No,,0.0
AV02239,484305BB3E76A9D7,,,Anonymous Prospect,10/2/2024,09:52,Mobile,Chrome,Returning,SEO,,North,/,3,Application Start,application start,/apply/start,Yes,4,326,1.8,0,No,Basic,,No,,0.0
AV02240,3FA356CC05A3BFC1,,L0418,New Lead,10/2/2024,10:45,Mobile,Chrome,Returning,Paid Social,SOC_PLUS_Q424,West,/,7,Review & e-Sign,application submit,/apply/review,Yes,16,613,5.5,1,No,Plus,2782.53,No,,0.0
AV02241,74B3B09DD597C72E,,L0419,New Lead,10/2/2024,11:26,Desktop,Chrome,New,SEM,SEM_RENEW_Q424,South,/,8,Payment & Confirmation,application complete,,No,13,426,3.0,0,No,Basic,1385.84,Yes,ORD00136,1385.84
AV02242,B48C217FEBA5022F,,,Anonymous Prospect,10/2/2024,11:46,Mobile,Safari,New,Display,DSP_BRAND_Q424,North,/plans/compare,1,Home Page,application educate,/,Bounced/Browsed,1,71,5.6,0,No,Premium,,No,,0.0
AV02243,66D3FADF4344EED9,,,Anonymous Prospect,10/2/2024,17:25,Mobile,Safari,Returning,Email,EM_BRAND_Q424,West,/,1,Home Page,application educate,/,Bounced/Browsed,3,85,4.2,0,No,Premium,,No,,0.0
AV02244,4A2ABFC98BC77CAD,,,Anonymous Prospect,10/2/2024,17:30,Mobile,Chrome,Returning,SEM,SEM_BRAND_Q424,West,/,2,Product Comparison,application educate,/plans/compare,Bounced/Browsed,6,240,1.5,0,No,Basic,,No,,0.0
AV02245,F758215B892ADB7C,,,Anonymous Prospect,10/2/2024,17:36,Desktop,Safari,New,Email,EM_PLUS_Q424,East,/plans/compare,3,Application Start,application start,/apply/start,Yes,6,228,1.7,0,No,Plus,,No,,0.0
AV02246,D78FE29A45B1EC73,,,Anonymous Prospect,10/2/2024,18:45,Desktop,Safari,New,Display,DSP_BRAND_Q424,North,/,2,Product Comparison,application educate,/plans/compare,Bounced/Browsed,5,144,3.3,0,No,Premium,,No,,0.0
AV02247,7FBF5BC7B2800685,,L0420,New Lead,10/2/2024,19:39,Desktop,Chrome,New,SEM,SEM_BASIC_Q424,East,/plans/compare,8,Payment & Confirmation,application complete,,No,19,886,2.0,0,No,Basic,1998.62,Yes,ORD00137,1998.62
AV02248,3CF106E9164EF304,,,Anonymous Prospect,10/2/2024,21:26,Desktop,Chrome,New,SEM,SEM_BASIC_Q424,North,/,2,Product Comparison,application educate,/plans/compare,Bounced/Browsed,5,144,1.7,0,No,Basic,,No,,0.0
AV02249,5849E2CC60DB19ED,,,Anonymous Prospect,10/2/2024,22:49,Desktop,Chrome,New,SEM,SEM_SWITCH_Q424,North,/,1,Home Page,application educate,/,Bounced/Browsed,2,102,1.4,0,No,Premium,,No,,0.0
AV02250,9A5452B9AF98C203,,,Anonymous Prospect,10/3/2024,06:24,Mobile,Chrome,New,Affiliate,AFF_PLANS_Q424,East,/,1,Home Page,application educate,/,Bounced/Browsed,1,114,4.1,0,No,Plus,,No,,0.0
AV02251,73D6407E41DF18AD,,,Anonymous Prospect,10/3/2024,06:31,Desktop,Firefox,New,Affiliate,AFF_RENEW_Q424,West,/plans/compare,1,Home Page,application educate,/,Bounced/Browsed,3,95,2.3,0,No,Basic,,No,,0.0
AV02252,FB8FD278D1F87C37,,,Anonymous Prospect,10/3/2024,07:58,Mobile,Edge,New,Direct Mail,DM_PLUS_Q424,North,/offer,1,Home Page,application educate,/,Bounced/Browsed,3,136,4.9,0,No,Plus,,No,,0.0
AV02253,BDBBF36C09F6BD31,,,Anonymous Prospect,10/3/2024,09:04,Mobile,Chrome,New,SEM,SEM_ELITE_Q424,South,/,1,Home Page,application educate,/,Bounced/Browsed,3,62,3.9,0,No,Elite,,No,,0.0
AV02254,A709F00CED896E15,,,Anonymous Prospect,10/3/2024,11:20,Mobile,Edge,Returning,SEO,,West,/,2,Product Comparison,application educate,/plans/compare,Bounced/Browsed,2,147,2.7,0,No,Basic,,No,,0.0
AV02255,B58CA2D8683097C2,,,Anonymous Prospect,10/3/2024,12:37,Desktop,Safari,New,SEM,SEM_PLUS_Q424,East,/,2,Product Comparison,application educate,/plans/compare,Bounced/Browsed,5,153,2.3,0,No,Plus,,No,,0.0
AV02256,77502B1C5ECE2FF7,,,Anonymous Prospect,10/3/2024,13:07,Desktop,Safari,Returning,SEO,,East,/,1,Home Page,application educate,/,Bounced/Browsed,4,159,1.5,0,No,Premium,,No,,0.0
AV02257,FE399517A38517BC,,,Anonymous Prospect,10/3/2024,15:22,Desktop,Chrome,New,Affiliate,AFF_SWITCH_Q424,East,/plans/compare,3,Application Start,application start,/apply/start,Yes,5,211,1.2,0,No,Premium,,No,,0.0
AV02258,3861FA47AE53DE97,,,Anonymous Prospect,10/3/2024,16:20,Mobile,Chrome,New,SEM,SEM_SWITCH_Q424,North,/plans/compare,1,Home Page,application educate,/,Bounced/Browsed,2,99,5.2,0,No,Elite,,No,,0.0
AV02259,961CBE474BF27805,,,Anonymous Prospect,10/3/2024,16:39,Desktop,Firefox,Returning,SEO,,North,/plans/compare,3,Application Start,application start,/apply/start,Yes,7,330,2.0,0,No,Premium,,No,,0.0
AV02260,84AAE61CA8C76620,,,Anonymous Prospect,10/3/2024,17:20,Desktop,Samsung Internet,New,Direct,,North,/,1,Home Page,application educate,/,Bounced/Browsed,1,141,2.3,0,No,Basic,,No,,0.0
AV02261,940D9CE75EC6787C,,,Anonymous Prospect,10/3/2024,17:22,Desktop,Chrome,New,SEM,SEM_PLANS_Q424,North,/plans/compare,1,Home Page,application educate,/,Bounced/Browsed,4,160,0.6,0,No,Plus,,No,,0.0
AV02262,7F35D4E761EC89FD,,,Anonymous Prospect,10/3/2024,17:36,Mobile,Chrome,New,SEO,,West,/,1,Home Page,application educate,/,Bounced/Browsed,1,113,1.8,0,No,Basic,,No,,0.0
AV02263,5ED9AB17D5622948,,,Anonymous Prospect,10/3/2024,19:48,Desktop,Chrome,Returning,Affiliate,AFF_SWITCH_Q424,East,/plans/compare,1,Home Page,application educate,/,Bounced/Browsed,2,106,1.4,0,No,Plus,,No,,0.0
AV02264,35A8462610AB43B8,C078,,Existing Customer,10/3/2024,21:25,Mobile,Safari,Returning,Direct Mail,DM_RENEW_Q424,East,/offer,1,Home Page,application educate,/,Bounced/Browsed,3,110,2.1,0,No,Premium,,No,,0.0
AV02265,35BA5E7B6A90D465,,,Anonymous Prospect,10/3/2024,21:56,Tablet,Chrome,New,Email,EM_RENEW_Q424,West,/,2,Product Comparison,application educate,/plans/compare,Bounced/Browsed,5,130,3.2,0,No,Basic,,No,,0.0
AV02266,6F3C5755BC0BDC55,,L0421,New Lead,10/3/2024,22:03,Desktop,Chrome,New,SEM,SEM_SWITCH_Q424,East,/,7,Review & e-Sign,application submit,/apply/review,Yes,14,366,2.6,1,No,Elite,9200.85,No,,0.0
AV02267,7603E684D6DCC9A7,,L0422,New Lead,10/3/2024,22:04,Mobile,Edge,New,SEM,SEM_BRAND_Q424,East,/plans/compare,8,Payment & Confirmation,application complete,,No,11,474,4.5,0,No,Premium,4336.93,Yes,ORD00138,4336.93
AV02268,4FC1E50C356CA5CF,,,Anonymous Prospect,10/4/2024,06:45,Mobile,Safari,New,SEM,SEM_PLANS_Q424,South,/plans/compare,1,Home Page,application educate,/,Bounced/Browsed,1,152,2.4,0,No,Premium,,No,,0.0
AV02269,E5DA9406E7363B73,,,Anonymous Prospect,10/4/2024,07:37,Tablet,Chrome,Returning,SEM,SEM_BRAND_Q424,South,/plans/compare,1,Home Page,application educate,/,Bounced/Browsed,2,112,2.5,0,No,Plus,,No,,0.0
AV02270,6672C57626309EFA,,,Anonymous Prospect,10/4/2024,08:15,Desktop,Samsung Internet,New,Display,DSP_PLANS_Q424,West,/plans/compare,3,Application Start,application start,/apply/start,Yes,5,191,1.9,0,Yes,Premium,,No,,0.0
AV02271,20ECB42CF286F345,,,Anonymous Prospect,10/4/2024,08:28,Tablet,Chrome,New,Display,DSP_PLUS_Q424,South,/plans/compare,1,Home Page,application educate,/,Bounced/Browsed,1,148,2.0,0,No,Plus,,No,,0.0
AV02272,1076B801BDFDB29A,,,Anonymous Prospect,10/4/2024,08:31,Mobile,Chrome,Returning,Display,DSP_PREMIUM_Q424,North,/,2,Product Comparison,application educate,/plans/compare,Bounced/Browsed,5,229,4.5,0,No,Premium,,No,,0.0
AV02273,F43382FEB7761953,,,Anonymous Prospect,10/4/2024,09:45,Desktop,Safari,Returning,SEM,SEM_ELITE_Q424,South,/,1,Home Page,application educate,/,Bounced/Browsed,2,100,2.2,0,No,Elite,,No,,0.0
AV02274,C29C10BBB3FCE5CC,,,Anonymous Prospect,10/4/2024,13:13,Mobile,Chrome,New,SEO,,East,/,1,Home Page,application educate,/,Bounced/Browsed,2,124,5.3,0,No,Premium,,No,,0.0
AV02275,F84CD2044948E523,,,Anonymous Prospect,10/4/2024,14:02,Mobile,Safari,New,Direct,,South,/,1,Home Page,application educate,/,Bounced/Browsed,1,79,4.0,0,No,Basic,,No,,0.0
AV02276,77B444DEC730A318,,,Anonymous Prospect,10/4/2024,15:42,Desktop,Chrome,New,Display,DSP_RENEW_Q424,West,/plans/compare,2,Product Comparison,application educate,/plans/compare,Bounced/Browsed,4,166,3.4,0,No,Basic,,No,,0.0
AV02277,1908E279320F23D6,,,Anonymous Prospect,10/4/2024,16:47,Mobile,Samsung Internet,Returning,Direct,,East,/,2,Product Comparison,application educate,/plans/compare,Bounced/Browsed,4,123,5.6,0,No,Basic,,No,,0.0
AV02278,AAF5AC6E68FE9DAD,,L0423,New Lead,10/4/2024,18:05,Mobile,Chrome,New,Email,EM_BRAND_Q424,East,/,5,Identity Verification,application start,/apply/verify,Yes,12,330,5.2,2,No,Basic,,No,,0.0
AV02279,442B0EA8E0991AF1,,,Anonymous Prospect,10/4/2024,18:37,Mobile,Safari,New,Direct,,East,/,2,Product Comparison,application educate,/plans/compare,Bounced/Browsed,3,234,2.8,0,No,Basic,,No,,0.0
AV02280,34971BFB741DA170,,,Anonymous Prospect,10/4/2024,22:46,Desktop,Chrome,New,SEM,SEM_PLANS_Q424,South,/,2,Product Comparison,application educate,/plans/compare,Bounced/Browsed,5,241,1.7,0,No,Basic,,No,,0.0
AV02281,61B8871185EC3E9D,,,Anonymous Prospect,10/5/2024,07:24,Mobile,Chrome,New,Direct Mail,DM_PLANS_Q424,South,/offer,1,Home Page,application educate,/,Bounced/Browsed,2,74,4.9,0,No,Basic,,No,,0.0
AV02282,C478DE6D0830DFDE,,,Anonymous Prospect,10/5/2024,07:24,Desktop,Chrome,Returning,SEM,SEM_RENEW_Q424,South,/,2,Product Comparison,application educate,/plans/compare,Bounced/Browsed,3,205,1.6,0,No,Premium,,No,,0.0
AV02283,8C0A4AA61192E30A,,,Anonymous Prospect,10/5/2024,08:03,Mobile,Chrome,New,Paid Social,SOC_PLANS_Q424,West,/,1,Home Page,application educate,/,Bounced/Browsed,2,151,4.4,0,No,Plus,,No,,0.0
AV02284,C1D0D4B882604D7D,,L0424,New Lead,10/5/2024,08:49,Mobile,Firefox,New,Display,DSP_BRAND_Q424,North,/,5,Identity Verification,application start,/apply/verify,Yes,11,565,2.5,5,No,Elite,,No,,0.0
AV02285,7069BC80DD7F06D5,C011,,Existing Customer,10/5/2024,10:55,Mobile,Chrome,Returning,SEO,,West,/plans/compare,2,Product Comparison,application educate,/plans/compare,Bounced/Browsed,5,146,5.0,0,No,Premium,,No,,0.0
AV02286,8DEFAB38A001A2B7,,,Anonymous Prospect,10/5/2024,11:36,Mobile,Safari,New,SEM,SEM_SWITCH_Q424,North,/,2,Product Comparison,application educate,/plans/compare,Bounced/Browsed,5,228,5.5,0,No,Plus,,No,,0.0
AV02287,5DDE5EDB65F1CF43,,,Anonymous Prospect,10/5/2024,13:01,Mobile,Safari,Returning,Paid Social,SOC_SWITCH_Q424,North,/,1,Home Page,application educate,/,Bounced/Browsed,3,88,4.9,0,No,Plus,,No,,0.0
AV02288,3B2ADF295E694098,,,Anonymous Prospect,10/5/2024,13:59,Mobile,Samsung Internet,New,Email,EM_BRAND_Q424,North,/plans/compare,2,Product Comparison,application educate,/plans/compare,Bounced/Browsed,4,203,1.7,0,No,Elite,,No,,0.0
AV02289,078E5E3327026120,,L0425,New Lead,10/5/2024,15:06,Desktop,Safari,Returning,SEM,SEM_BASIC_Q424,South,/,5,Identity Verification,application start,/apply/verify,Yes,8,411,3.1,3,No,Basic,,No,,0.0
AV02290,244F0DFCC7DC4BD2,C055,,Existing Customer,10/5/2024,16:49,Mobile,Safari,Returning,Email,EM_BRAND_Q424,South,/plans/compare,8,Payment & Confirmation,application complete,,No,19,500,1.9,0,No,Premium,6706.52,Yes,ORD00139,6706.52
AV02291,4E1DF1C6A4BB14FA,,,Anonymous Prospect,10/5/2024,17:30,Mobile,Edge,New,Direct,,South,/,1,Home Page,application educate,/,Bounced/Browsed,2,120,2.1,0,No,Basic,,No,,0.0
AV02292,F4FD19F7EAFC7E30,,,Anonymous Prospect,10/5/2024,17:40,Mobile,Safari,Returning,Paid Social,SOC_RENEW_Q424,East,/,1,Home Page,application educate,/,Bounced/Browsed,1,59,1.8,0,No,Basic,,No,,0.0
AV02293,3F1A958E05DC3550,,L0426,New Lead,10/5/2024,17:44,Mobile,Chrome,New,SEM,SEM_PLANS_Q424,East,/plans/compare,4,Personal Details,application start,/apply/details,Yes,10,208,4.9,2,No,Premium,,No,,0.0
AV02294,92A565445CA8461E,,,Anonymous Prospect,10/5/2024,18:23,Desktop,Safari,New,Direct,,North,/,2,Product Comparison,application educate,/plans/compare,Bounced/Browsed,4,180,2.4,0,No,Plus,,No,,0.0
AV02295,69615146FCB9F74B,,,Anonymous Prospect,10/5/2024,19:02,Desktop,Safari,New,SEM,SEM_RENEW_Q424,North,/,1,Home Page,application educate,/,Bounced/Browsed,2,110,2.8,0,No,Elite,,No,,0.0
AV02296,B89AB99B26EB97C5,C100,,Existing Customer,10/5/2024,20:11,Mobile,Chrome,New,Direct Mail,DM_SWITCH_Q424,South,/offer,8,Payment & Confirmation,application complete,,No,18,761,4.3,0,No,Elite,8138.82,Yes,ORD00140,8138.82
AV02297,4AB25E5DB0A799A2,,,Anonymous Prospect,10/5/2024,20:20,Mobile,Safari,Returning,SEO,,West,/,3,Application Start,application start,/apply/start,Yes,5,334,3.5,0,No,Plus,,No,,0.0
AV02298,CE2A8E0927947A2D,,,Anonymous Prospect,10/5/2024,22:14,Mobile,Chrome,New,Affiliate,AFF_BRAND_Q424,South,/,2,Product Comparison,application educate,/plans/compare,Bounced/Browsed,5,243,4.1,0,No,Premium,,No,,0.0
AV02299,B1A1190B97320000,,,Anonymous Prospect,10/6/2024,07:16,Mobile,Chrome,New,Affiliate,AFF_BRAND_Q424,West,/,1,Home Page,application educate,/,Bounced/Browsed,3,99,1.0,0,No,Basic,,No,,0.0
AV02300,560B5853600FE0FC,,,Anonymous Prospect,10/6/2024,07:28,Mobile,Chrome,New,Direct,,West,/,2,Product Comparison,application educate,/plans/compare,Bounced/Browsed,6,198,1.5,0,No,Basic,,No,,0.0
AV02301,A00DF773A23D0582,,,Anonymous Prospect,10/6/2024,09:06,Desktop,Safari,New,Affiliate,AFF_PLANS_Q424,South,/plans/compare,3,Application Start,application start,/apply/start,Yes,8,232,1.8,0,No,Basic,,No,,0.0
AV02302,364AE7EF3BD828CF,,,Anonymous Prospect,10/6/2024,10:42,Tablet,Chrome,New,Affiliate,AFF_SWITCH_Q424,East,/plans/compare,3,Application Start,application start,/apply/start,Yes,6,331,1.7,0,No,Premium,,No,,0.0
AV02303,446453692827655D,,,Anonymous Prospect,10/6/2024,11:31,Desktop,Chrome,Returning,Direct,,East,/,1,Home Page,application educate,/,Bounced/Browsed,3,117,1.8,0,No,Basic,,No,,0.0
AV02304,C8A47D2925673BE4,,L0427,New Lead,10/6/2024,12:12,Desktop,Chrome,New,SEO,,North,/,4,Personal Details,application start,/apply/details,Yes,6,414,2.9,3,No,Plus,,No,,0.0
AV02305,B1F417FDCF4D7D12,,L0428,New Lead,10/6/2024,12:19,Desktop,Safari,New,Direct,,North,/,8,Payment & Confirmation,application complete,,No,13,653,0.6,1,No,Premium,5302.66,Yes,ORD00141,5302.66
AV02306,E77814780A167207,,,Anonymous Prospect,10/6/2024,14:42,Desktop,Chrome,New,SEM,SEM_BRAND_Q424,South,/plans/compare,2,Product Comparison,application educate,/plans/compare,Bounced/Browsed,5,165,3.4,0,No,Premium,,No,,0.0
AV02307,A65D4D02897738A9,,,Anonymous Prospect,10/6/2024,15:23,Mobile,Safari,Returning,SEM,SEM_BRAND_Q424,South,/,2,Product Comparison,application educate,/plans/compare,Bounced/Browsed,4,157,3.1,0,No,Premium,,No,,0.0
AV02308,CA8FA231B9A3C77A,,,Anonymous Prospect,10/6/2024,16:09,Mobile,Edge,New,Paid Social,SOC_PLANS_Q424,East,/plans/compare,1,Home Page,application educate,/,Bounced/Browsed,2,107,5.4,0,No,Premium,,No,,0.0
AV02309,B929A710E4C65153,,,Anonymous Prospect,10/6/2024,16:17,Mobile,Edge,Returning,SEM,SEM_PLANS_Q424,South,/plans/compare,1,Home Page,application educate,/,Bounced/Browsed,1,106,1.0,0,No,Basic,,No,,0.0
AV02310,A799EF6F914707CC,,,Anonymous Prospect,10/6/2024,16:30,Desktop,Safari,Returning,Direct,,West,/,2,Product Comparison,application educate,/plans/compare,Bounced/Browsed,2,205,2.2,0,No,Basic,,No,,0.0
AV02311,2B25A291DB77B73C,,,Anonymous Prospect,10/6/2024,16:35,Desktop,Chrome,New,Display,DSP_PREMIUM_Q424,East,/,1,Home Page,application educate,/,Bounced/Browsed,2,90,2.9,0,No,Premium,,No,,0.0
AV02312,BE0E665F8C7D6FBD,,L0429,New Lead,10/6/2024,16:44,Mobile,Chrome,New,Direct Mail,DM_PLANS_Q424,North,/offer,6,Plan Customization & Quote,application submit,/apply/quote,Yes,8,663,2.5,2,No,Premium,5412.99,No,,0.0
AV02313,A656631386F5930B,,,Anonymous Prospect,10/6/2024,18:10,Tablet,Chrome,New,SEO,,South,/plans/compare,1,Home Page,application educate,/,Bounced/Browsed,3,127,2.8,0,No,Elite,,No,,0.0
AV02314,1114B3BF76134B6B,C014,,Existing Customer,10/6/2024,19:40,Mobile,Safari,Returning,Direct,,East,/,3,Application Start,application start,/apply/start,Yes,7,336,2.4,0,No,Basic,,No,,0.0
AV02315,768358A4D2A890FD,,,Anonymous Prospect,10/6/2024,20:47,Mobile,Chrome,Returning,SEM,SEM_BRAND_Q424,South,/plans/compare,1,Home Page,application educate,/,Bounced/Browsed,1,89,4.1,0,No,Plus,,No,,0.0
AV02316,4E8E426AEA689B09,,,Anonymous Prospect,10/6/2024,20:48,Tablet,Edge,New,Paid Social,SOC_PLUS_Q424,North,/plans/compare,1,Home Page,application educate,/,Bounced/Browsed,3,114,2.8,0,No,Plus,,No,,0.0
AV02317,AACB5F4607F82D40,,L0430,New Lead,10/6/2024,21:58,Mobile,Chrome,New,SEO,,North,/plans/compare,8,Payment & Confirmation,application complete,,No,17,868,4.3,1,No,Elite,8331.28,Yes,ORD00142,8331.28
AV02318,360AB2D5698365DB,,,Anonymous Prospect,10/6/2024,22:10,Tablet,Safari,New,Display,DSP_BRAND_Q424,East,/,1,Home Page,application educate,/,Bounced/Browsed,3,108,1.5,0,No,Basic,,No,,0.0
AV02319,E55B0B75F14B488F,,L0431,New Lead,10/6/2024,22:10,Mobile,Safari,New,Direct,,South,/,5,Identity Verification,application start,/apply/verify,Yes,11,312,1.8,1,No,Premium,,No,,0.0
AV02320,E7890A26FC7857B3,,,Anonymous Prospect,10/7/2024,07:26,Desktop,Chrome,New,SEM,SEM_SWITCH_Q424,South,/plans/compare,1,Home Page,application educate,/,Bounced/Browsed,3,148,2.1,0,No,Basic,,No,,0.0
AV02321,33A6501EC94E9B4C,,L0432,New Lead,10/7/2024,08:08,Mobile,Safari,New,Display,DSP_SWITCH_Q424,East,/,8,Payment & Confirmation,application complete,,No,13,518,2.2,1,No,Basic,1396.63,Yes,ORD00143,1396.63
AV02322,3E8A5B8243F353D8,,,Anonymous Prospect,10/7/2024,10:30,Mobile,Safari,New,SEM,SEM_SWITCH_Q424,South,/plans/compare,1,Home Page,application educate,/,Bounced/Browsed,2,116,2.1,0,No,Premium,,No,,0.0
AV02323,821C1C5C9AD532EB,,,Anonymous Prospect,10/7/2024,11:11,Mobile,Chrome,New,SEM,SEM_BRAND_Q424,South,/,2,Product Comparison,application educate,/plans/compare,Bounced/Browsed,4,232,1.0,0,No,Plus,,No,,0.0
AV02324,01671D22736D6DC8,,,Anonymous Prospect,10/7/2024,14:53,Mobile,Chrome,New,SEM,SEM_SWITCH_Q424,South,/,1,Home Page,application educate,/,Bounced/Browsed,2,157,4.7,0,No,Basic,,No,,0.0
AV02325,9BC5368A634A93F9,,,Anonymous Prospect,10/7/2024,14:58,Tablet,Safari,New,SEO,,West,/,2,Product Comparison,application educate,/plans/compare,Bounced/Browsed,4,199,3.2,0,No,Basic,,No,,0.0
AV02326,271798592B0DE708,,,Anonymous Prospect,10/7/2024,15:21,Mobile,Chrome,New,Paid Social,SOC_RENEW_Q424,North,/plans/compare,1,Home Page,application educate,/,Bounced/Browsed,4,94,3.0,0,No,Plus,,No,,0.0
AV02327,EACE11E25B805CAA,,L0433,New Lead,10/7/2024,16:13,Desktop,Samsung Internet,New,Direct Mail,DM_SWITCH_Q424,South,/offer,6,Plan Customization & Quote,application submit,/apply/quote,Yes,10,632,2.5,0,No,Plus,2972.72,No,,0.0
AV02328,5E3005FE704DF463,,,Anonymous Prospect,10/7/2024,19:14,Mobile,Chrome,New,Display,DSP_SWITCH_Q424,East,/,1,Home Page,application educate,/,Bounced/Browsed,3,155,4.2,0,No,Plus,,No,,0.0
AV02329,28D185BD5EC0318E,,,Anonymous Prospect,10/7/2024,21:57,Desktop,Chrome,New,SEM,SEM_BRAND_Q424,West,/plans/compare,2,Product Comparison,application educate,/plans/compare,Bounced/Browsed,4,254,1.7,0,No,Plus,,No,,0.0
AV02330,F05193A1D6D9FDC8,,,Anonymous Prospect,10/7/2024,22:35,Desktop,Samsung Internet,Returning,Direct Mail,DM_PLANS_Q424,East,/offer,1,Home Page,application educate,/,Bounced/Browsed,2,133,0.7,0,No,Basic,,No,,0.0
AV02331,36DFE9D4AE9798C0,,L0434,New Lead,10/8/2024,09:51,Mobile,Chrome,Returning,Direct Mail,DM_SWITCH_Q424,North,/offer,6,Plan Customization & Quote,application submit,/apply/quote,Yes,13,648,1.8,2,No,Plus,3542.18,No,,0.0
AV02332,E41C7E923E00EA27,,L0435,New Lead,10/8/2024,09:55,Desktop,Samsung Internet,New,SEM,SEM_SWITCH_Q424,West,/,4,Personal Details,application start,/apply/details,Yes,6,245,0.8,1,Yes,Elite,,No,,0.0
AV02333,6C9A12D1150DD985,,,Anonymous Prospect,10/8/2024,12:16,Mobile,Safari,New,Display,DSP_BASIC_Q424,North,/,1,Home Page,application educate,/,Bounced/Browsed,3,109,4.2,0,No,Basic,,No,,0.0
AV02334,6D76B23F6AC5E338,,L0436,New Lead,10/8/2024,12:25,Mobile,Chrome,New,Display,DSP_BRAND_Q424,South,/plans/compare,4,Personal Details,application start,/apply/details,Yes,7,302,0.7,2,No,Basic,,No,,0.0
AV02335,3C9F881598A5B4B3,,L0437,New Lead,10/8/2024,12:30,Mobile,Chrome,New,Paid Social,SOC_PLANS_Q424,East,/,4,Personal Details,application start,/apply/details,Yes,5,408,1.3,2,No,Plus,,No,,0.0
AV02336,760F26A347ED17A1,,,Anonymous Prospect,10/8/2024,14:57,Mobile,Chrome,New,SEM,SEM_RENEW_Q424,North,/,2,Product Comparison,application educate,/plans/compare,Bounced/Browsed,6,159,2.3,0,No,Basic,,No,,0.0
AV02337,769098EDCED5B01B,,,Anonymous Prospect,10/8/2024,15:26,Mobile,Chrome,New,SEM,SEM_BRAND_Q424,South,/,1,Home Page,application educate,/,Bounced/Browsed,4,94,4.0,0,No,Elite,,No,,0.0
AV02338,5EC4BBB64B5EBABB,,,Anonymous Prospect,10/8/2024,16:05,Desktop,Safari,New,Direct,,East,/,1,Home Page,application educate,/,Bounced/Browsed,3,85,1.8,0,No,Plus,,No,,0.0
AV02339,6108A6410590CDFC,,,Anonymous Prospect,10/8/2024,17:42,Mobile,Chrome,New,SEO,,West,/,2,Product Comparison,application educate,/plans/compare,Bounced/Browsed,5,141,4.1,0,No,Premium,,No,,0.0
AV02340,B552F7A544CDC809,,L0438,New Lead,10/8/2024,17:45,Mobile,Chrome,New,Direct Mail,DM_ELITE_Q424,South,/offer,5,Identity Verification,application start,/apply/verify,Yes,9,428,2.1,4,No,Elite,,No,,0.0
AV02341,6F45B8F3F71739A0,,L0439,New Lead,10/8/2024,18:25,Desktop,Chrome,Returning,Email,EM_RENEW_Q424,West,/,8,Payment & Confirmation,application complete,,No,15,893,2.7,1,No,Elite,7271.21,Yes,ORD00144,7271.21
AV02342,93B474602448C511,,,Anonymous Prospect,10/8/2024,18:43,Desktop,Chrome,New,SEM,SEM_SWITCH_Q424,East,/plans/compare,1,Home Page,application educate,/,Bounced/Browsed,4,160,1.9,0,No,Elite,,No,,0.0
AV02343,782B4CFA8CE22E6A,,,Anonymous Prospect,10/8/2024,18:50,Mobile,Samsung Internet,New,Direct Mail,DM_RENEW_Q424,East,/offer,3,Application Start,application start,/apply/start,Yes,6,252,1.0,0,No,Premium,,No,,0.0
AV02344,D6C886009821E045,,,Anonymous Prospect,10/8/2024,21:30,Mobile,Edge,Returning,SEM,SEM_SWITCH_Q424,North,/,2,Product Comparison,application educate,/plans/compare,Bounced/Browsed,6,253,3.5,0,No,Premium,,No,,0.0
AV02345,037CEC353B107DEC,C075,,Existing Customer,10/9/2024,06:02,Mobile,Chrome,Returning,Direct,,East,/,1,Home Page,application educate,/,Bounced/Browsed,2,125,1.8,0,No,Premium,,No,,0.0
AV02346,E0100472118046CC,,L0440,New Lead,10/9/2024,07:03,Mobile,Edge,New,Email,EM_SWITCH_Q424,South,/,6,Plan Customization & Quote,application submit,/apply/quote,Yes,10,658,2.5,2,No,Plus,3890.19,No,,0.0
AV02347,CFA9EFF788A8637E,,,Anonymous Prospect,10/9/2024,07:07,Mobile,Safari,New,Paid Social,SOC_PLANS_Q424,East,/plans/compare,2,Product Comparison,application educate,/plans/compare,Bounced/Browsed,3,200,3.3,0,No,Premium,,No,,0.0
AV02348,131F4D3BC0AF4E68,,,Anonymous Prospect,10/9/2024,07:33,Desktop,Edge,New,Email,EM_PLANS_Q424,East,/,1,Home Page,application educate,/,Bounced/Browsed,4,129,2.7,0,No,Basic,,No,,0.0
AV02349,FECC326D4FBC183A,,,Anonymous Prospect,10/9/2024,07:49,Desktop,Firefox,Returning,Direct,,West,/,1,Home Page,application educate,/,Bounced/Browsed,3,132,2.0,0,No,Premium,,No,,0.0
AV02350,2D9EB3192BA552C9,,,Anonymous Prospect,10/9/2024,10:01,Desktop,Chrome,Returning,Display,DSP_SWITCH_Q424,South,/plans/compare,2,Product Comparison,application educate,/plans/compare,Bounced/Browsed,4,127,2.3,0,No,Basic,,No,,0.0
AV02351,3D5877A04757030A,,,Anonymous Prospect,10/9/2024,10:25,Mobile,Edge,Returning,Direct,,East,/,2,Product Comparison,application educate,/plans/compare,Bounced/Browsed,4,208,2.0,0,No,Basic,,No,,0.0
AV02352,41772BC7C5B7C89A,,,Anonymous Prospect,10/9/2024,11:10,Mobile,Safari,Returning,SEM,SEM_BASIC_Q424,North,/,1,Home Page,application educate,/,Bounced/Browsed,3,161,2.6,0,No,Basic,,No,,0.0
AV02353,8F1EC3CC129080F6,,,Anonymous Prospect,10/9/2024,11:22,Desktop,Safari,New,Paid Social,SOC_BRAND_Q424,East,/plans/compare,1,Home Page,application educate,/,Bounced/Browsed,3,86,2.9,0,No,Premium,,No,,0.0
AV02354,1A19F31E8F17BF03,,,Anonymous Prospect,10/9/2024,11:43,Mobile,Safari,Returning,SEM,SEM_PLANS_Q424,North,/plans/compare,1,Home Page,application educate,/,Bounced/Browsed,1,69,3.8,0,No,Plus,,No,,0.0
AV02355,B127511F374E98B9,,,Anonymous Prospect,10/9/2024,14:16,Tablet,Safari,New,SEM,SEM_BASIC_Q424,East,/,2,Product Comparison,application educate,/plans/compare,Bounced/Browsed,6,200,2.1,0,No,Basic,,No,,0.0
AV02356,F15C3DA4B650FF3F,C094,,Existing Customer,10/9/2024,14:21,Tablet,Samsung Internet,New,SEO,,North,/plans/compare,4,Personal Details,application start,/apply/details,Yes,9,417,2.8,4,No,Basic,,No,,0.0
AV02357,230F90CDDC41934D,,,Anonymous Prospect,10/9/2024,16:42,Mobile,Edge,New,Affiliate,AFF_BRAND_Q424,East,/plans/compare,3,Application Start,application start,/apply/start,Yes,8,233,5.0,0,No,Elite,,No,,0.0
AV02358,94D8AEAD0220113A,,,Anonymous Prospect,10/9/2024,16:50,Mobile,Chrome,Returning,SEO,,West,/plans/compare,1,Home Page,application educate,/,Bounced/Browsed,1,124,4.9,0,No,Elite,,No,,0.0
AV02359,42EB2A52A002E6D9,,,Anonymous Prospect,10/9/2024,17:52,Tablet,Chrome,New,SEM,SEM_BRAND_Q424,South,/,2,Product Comparison,application educate,/plans/compare,Bounced/Browsed,3,217,1.8,0,No,Elite,,No,,0.0
AV02360,7031BD7FBF1F7EAC,,,Anonymous Prospect,10/9/2024,19:11,Mobile,Edge,New,Display,DSP_BRAND_Q424,South,/,1,Home Page,application educate,/,Bounced/Browsed,2,92,4.6,0,No,Basic,,No,,0.0
AV02361,D8D90FF81A79B3AD,,,Anonymous Prospect,10/9/2024,20:11,Desktop,Firefox,New,Email,EM_BRAND_Q424,West,/,1,Home Page,application educate,/,Bounced/Browsed,2,106,2.6,0,No,Plus,,No,,0.0
AV02362,741D2E3C942EB21F,,,Anonymous Prospect,10/9/2024,21:02,Mobile,Chrome,Returning,Affiliate,AFF_PLANS_Q424,South,/plans/compare,2,Product Comparison,application educate,/plans/compare,Bounced/Browsed,4,176,2.2,0,No,Plus,,No,,0.0
AV02363,6476D69D48290E84,,,Anonymous Prospect,10/9/2024,21:33,Mobile,Safari,New,Paid Social,SOC_BRAND_Q424,East,/plans/compare,1,Home Page,application educate,/,Bounced/Browsed,2,100,4.3,0,No,Plus,,No,,0.0
AV02364,A6D46EF350C7639A,,,Anonymous Prospect,10/9/2024,22:19,Desktop,Safari,New,Direct,,North,/,2,Product Comparison,application educate,/plans/compare,Bounced/Browsed,4,208,1.3,0,No,Plus,,No,,0.0
AV02365,B93402DA346F53A6,,L0441,New Lead,10/10/2024,06:39,Mobile,Edge,New,Direct,,East,/,8,Payment & Confirmation,application complete,,No,12,872,5.2,1,No,Plus,3635.76,Yes,ORD00145,3635.76
AV02366,5A8B188190909CCA,C098,,Existing Customer,10/10/2024,07:22,Mobile,Edge,Returning,SEO,,West,/plans/compare,7,Review & e-Sign,application submit,/apply/review,Yes,12,758,2.5,0,No,Plus,4301.28,No,,0.0
AV02367,E7CCCD067191829E,C086,,Existing Customer,10/10/2024,07:45,Desktop,Chrome,Returning,SEO,,North,/plans/compare,8,Payment & Confirmation,application complete,,No,18,467,2.3,1,No,Basic,1334.2,Yes,ORD00146,1334.2
AV02368,37C04D577062FDDF,,,Anonymous Prospect,10/10/2024,08:39,Mobile,Edge,New,Paid Social,SOC_SWITCH_Q424,North,/,2,Product Comparison,application educate,/plans/compare,Bounced/Browsed,3,183,2.5,0,No,Basic,,No,,0.0
AV02369,3460BD6D5242378B,,,Anonymous Prospect,10/10/2024,08:43,Mobile,Chrome,New,Paid Social,SOC_PLANS_Q424,North,/plans/compare,1,Home Page,application educate,/,Bounced/Browsed,1,161,2.7,0,No,Plus,,No,,0.0
AV02370,B4E73A033B262DF5,,,Anonymous Prospect,10/10/2024,10:40,Mobile,Safari,New,Direct,,North,/,2,Product Comparison,application educate,/plans/compare,Bounced/Browsed,6,138,1.6,0,No,Basic,,No,,0.0
AV02371,22633809C973FEBC,,,Anonymous Prospect,10/10/2024,15:04,Desktop,Safari,New,SEM,SEM_SWITCH_Q424,North,/plans/compare,2,Product Comparison,application educate,/plans/compare,Bounced/Browsed,6,216,1.6,0,No,Plus,,No,,0.0
AV02372,1E127F1F180802A9,,L0442,New Lead,10/10/2024,17:10,Desktop,Chrome,New,Affiliate,AFF_PLANS_Q424,North,/,4,Personal Details,application start,/apply/details,Yes,8,253,2.0,4,No,Basic,,No,,0.0
AV02373,96E38CE3F2E8BF38,,,Anonymous Prospect,10/10/2024,18:45,Desktop,Chrome,Returning,Display,DSP_RENEW_Q424,South,/,1,Home Page,application educate,/,Bounced/Browsed,2,99,1.2,0,No,Elite,,No,,0.0
AV02374,263204DC70A5FFD2,,L0443,New Lead,10/10/2024,19:20,Desktop,Safari,Returning,Direct,,West,/,8,Payment & Confirmation,application complete,,No,13,862,1.6,0,No,Premium,4473.45,Yes,ORD00147,4473.45
AV02375,EF8263B6F8F882AF,,,Anonymous Prospect,10/10/2024,19:30,Mobile,Chrome,Returning,Paid Social,SOC_PREMIUM_Q424,East,/,1,Home Page,application educate,/,Bounced/Browsed,3,105,2.0,0,No,Premium,,No,,0.0
AV02376,5FB26A5A5E444547,,,Anonymous Prospect,10/10/2024,20:02,Mobile,Samsung Internet,New,Paid Social,SOC_PLANS_Q424,North,/,1,Home Page,application educate,/,Bounced/Browsed,3,112,5.3,0,No,Premium,,No,,0.0
AV02377,7E9F4D84FC8605CA,,L0444,New Lead,10/10/2024,20:23,Mobile,Safari,Returning,SEM,SEM_BRAND_Q424,South,/,7,Review & e-Sign,application submit,/apply/review,Yes,13,524,1.4,2,No,Basic,1473.51,No,,0.0
AV02378,87658DF8DFF766FC,,,Anonymous Prospect,10/10/2024,21:29,Mobile,Chrome,Returning,Paid Social,SOC_RENEW_Q424,East,/plans/compare,1,Home Page,application educate,/,Bounced/Browsed,3,129,1.7,0,Yes,Plus,,No,,0.0
AV02379,274AB95C2B3CA35D,,L0445,New Lead,10/10/2024,22:55,Desktop,Chrome,Returning,SEM,SEM_BASIC_Q424,South,/,8,Payment & Confirmation,application complete,,No,18,914,1.5,0,No,Basic,1746.34,Yes,ORD00148,1746.34
AV02380,F42E9CF9102C4A4D,,,Anonymous Prospect,10/11/2024,06:06,Tablet,Safari,New,Display,DSP_BRAND_Q424,East,/,1,Home Page,application educate,/,Bounced/Browsed,2,107,2.5,0,No,Premium,,No,,0.0
AV02381,5A537122EB0FB45C,,L0446,New Lead,10/11/2024,06:08,Mobile,Chrome,Returning,SEM,SEM_RENEW_Q424,South,/plans/compare,7,Review & e-Sign,application submit,/apply/review,Yes,9,767,4.1,2,No,Plus,3189.01,No,,0.0
AV02382,E75BFD83BFE2B1AB,,L0447,New Lead,10/11/2024,08:16,Tablet,Chrome,New,Email,EM_BRAND_Q424,West,/plans/compare,8,Payment & Confirmation,application complete,,No,13,515,1.7,1,No,Premium,5342.64,Yes,ORD00149,5342.64
AV02383,42A0D8CEA984883A,C095,,Existing Customer,10/11/2024,09:11,Mobile,Chrome,Returning,Direct,,East,/,2,Product Comparison,application educate,/plans/compare,Bounced/Browsed,3,191,1.8,0,No,Plus,,No,,0.0
AV02384,73961170AC878195,,,Anonymous Prospect,10/11/2024,10:48,Mobile,Safari,New,SEO,,North,/,1,Home Page,application educate,/,Bounced/Browsed,1,111,1.8,0,No,Premium,,No,,0.0
AV02385,9F3A8ADAB734EBDB,,,Anonymous Prospect,10/11/2024,11:15,Desktop,Edge,New,Paid Social,SOC_SWITCH_Q424,West,/,1,Home Page,application educate,/,Bounced/Browsed,2,107,1.9,0,No,Plus,,No,,0.0
AV02386,153998AD7993142B,,,Anonymous Prospect,10/11/2024,11:43,Mobile,Safari,New,Paid Social,SOC_SWITCH_Q424,North,/,1,Home Page,application educate,/,Bounced/Browsed,3,125,3.3,0,No,Plus,,No,,0.0
AV02387,1E3BAE3B97EB2963,,,Anonymous Prospect,10/11/2024,11:56,Desktop,Edge,New,Direct Mail,DM_PLANS_Q424,East,/offer,1,Home Page,application educate,/,Bounced/Browsed,2,136,2.3,0,No,Basic,,No,,0.0
AV02388,9BB7632EE9426768,,,Anonymous Prospect,10/11/2024,12:05,Desktop,Safari,New,Paid Social,SOC_PREMIUM_Q424,South,/,1,Home Page,application educate,/,Bounced/Browsed,2,111,1.6,0,No,Premium,,No,,0.0
AV02389,A8AF70A12A60D307,,,Anonymous Prospect,10/11/2024,12:43,Desktop,Samsung Internet,Returning,Paid Social,SOC_PREMIUM_Q424,North,/,1,Home Page,application educate,/,Bounced/Browsed,4,144,3.3,0,No,Premium,,No,,0.0
AV02390,CCA10F29CA044F0F,,L0448,New Lead,10/11/2024,13:42,Mobile,Safari,New,SEM,SEM_BASIC_Q424,West,/,5,Identity Verification,application start,/apply/verify,Yes,7,354,3.0,0,Yes,Basic,,No,,0.0
AV02391,10B67579F68E549F,,,Anonymous Prospect,10/11/2024,14:08,Mobile,Edge,New,SEO,,South,/plans/compare,1,Home Page,application educate,/,Bounced/Browsed,2,116,3.3,0,No,Basic,,No,,0.0
AV02392,015E39DE57E437F8,,L0449,New Lead,10/11/2024,14:33,Mobile,Safari,New,Affiliate,AFF_BRAND_Q424,East,/plans/compare,8,Payment & Confirmation,application complete,,No,13,385,2.5,1,Yes,Premium,4580.2,Yes,ORD00150,4580.2
AV02393,1F38AC52F445DC02,,,Anonymous Prospect,10/11/2024,16:06,Mobile,Safari,New,Display,DSP_PREMIUM_Q424,East,/plans/compare,2,Product Comparison,application educate,/plans/compare,Bounced/Browsed,4,186,3.8,0,No,Premium,,No,,0.0
AV02394,E4B46BD04AF03FB0,,L0450,New Lead,10/11/2024,16:43,Desktop,Chrome,New,Email,EM_PREMIUM_Q424,West,/plans/compare,7,Review & e-Sign,application submit,/apply/review,Yes,11,520,3.1,1,No,Premium,4296.96,No,,0.0
AV02395,D87BEC52DF0858A5,,,Anonymous Prospect,10/11/2024,21:09,Mobile,Chrome,New,SEO,,West,/,1,Home Page,application educate,/,Bounced/Browsed,1,85,1.2,0,No,Plus,,No,,0.0
AV02396,DC799EEE5DCFC020,,,Anonymous Prospect,10/11/2024,21:25,Mobile,Safari,Returning,Paid Social,SOC_BRAND_Q424,West,/,1,Home Page,application educate,/,Bounced/Browsed,3,150,5.4,0,No,Premium,,No,,0.0
AV02397,4C74C6C20F06A3C2,,,Anonymous Prospect,10/11/2024,22:46,Mobile,Safari,New,SEO,,East,/plans/compare,1,Home Page,application educate,/,Bounced/Browsed,3,147,3.7,0,No,Plus,,No,,0.0
AV02398,874BE3928323F67E,,,Anonymous Prospect,10/12/2024,06:36,Mobile,Safari,New,SEO,,North,/,2,Product Comparison,application educate,/plans/compare,Bounced/Browsed,2,152,3.9,0,No,Basic,,No,,0.0
AV02399,0DF551C4ADFEABC3,C027,,Existing Customer,10/12/2024,06:37,Mobile,Safari,Returning,Direct Mail,DM_RENEW_Q424,South,/offer,1,Home Page,application educate,/,Bounced/Browsed,3,145,6.2,0,No,Plus,,No,,0.0
AV02400,BB0034FB6E40C48A,,,Anonymous Prospect,10/12/2024,13:13,Desktop,Chrome,New,Direct,,East,/,2,Product Comparison,application educate,/plans/compare,Bounced/Browsed,5,270,2.4,0,No,Basic,,No,,0.0
AV02401,588BF31417006A2C,,L0451,New Lead,10/12/2024,17:18,Mobile,Safari,Returning,SEO,,North,/,8,Payment & Confirmation,application complete,,No,19,554,2.4,1,No,Basic,1671.06,Yes,ORD00151,1671.06
AV02402,AAB7B03340E6E225,,,Anonymous Prospect,10/12/2024,17:29,Desktop,Chrome,New,Paid Social,SOC_BRAND_Q424,South,/,1,Home Page,application educate,/,Bounced/Browsed,3,165,2.3,0,No,Basic,,No,,0.0
AV02403,3FBBD03434429D25,,,Anonymous Prospect,10/12/2024,18:32,Tablet,Chrome,New,Email,EM_BASIC_Q424,South,/,2,Product Comparison,application educate,/plans/compare,Bounced/Browsed,5,136,1.1,0,No,Basic,,No,,0.0
AV02404,16E6FABF621BFD63,,,Anonymous Prospect,10/12/2024,18:52,Mobile,Samsung Internet,Returning,Display,DSP_RENEW_Q424,South,/plans/compare,1,Home Page,application educate,/,Bounced/Browsed,3,146,0.6,0,No,Plus,,No,,0.0
AV02405,6520846FA637DD4E,,,Anonymous Prospect,10/12/2024,19:05,Mobile,Chrome,Returning,SEO,,South,/plans/compare,2,Product Comparison,application educate,/plans/compare,Bounced/Browsed,4,125,2.1,0,No,Plus,,No,,0.0
AV02406,7EAA7338F29FE8F0,,,Anonymous Prospect,10/12/2024,20:23,Mobile,Chrome,New,SEO,,South,/plans/compare,2,Product Comparison,application educate,/plans/compare,Bounced/Browsed,2,163,1.9,0,No,Premium,,No,,0.0
AV02407,05523DC1A34C826E,,L0452,New Lead,10/12/2024,21:10,Mobile,Safari,New,Direct,,East,/,6,Plan Customization & Quote,application submit,/apply/quote,Yes,11,477,2.2,3,Yes,Plus,2569.0,No,,0.0
AV02408,3BD86DAD4F88F524,,L0453,New Lead,10/13/2024,06:20,Mobile,Safari,New,Direct Mail,DM_BRAND_Q424,East,/offer,5,Identity Verification,application start,/apply/verify,Yes,10,555,4.9,3,No,Plus,,No,,0.0
AV02409,DF3C66D164BDBD69,,,Anonymous Prospect,10/13/2024,06:56,Mobile,Safari,New,Paid Social,SOC_RENEW_Q424,South,/plans/compare,1,Home Page,application educate,/,Bounced/Browsed,2,100,2.7,0,No,Plus,,No,,0.0
AV02410,065369880412DACE,,,Anonymous Prospect,10/13/2024,07:26,Mobile,Chrome,New,Direct,,West,/,1,Home Page,application educate,/,Bounced/Browsed,3,161,1.7,0,No,Basic,,No,,0.0
AV02411,3465AE7E523368E9,,,Anonymous Prospect,10/13/2024,07:44,Mobile,Edge,New,SEO,,South,/,2,Product Comparison,application educate,/plans/compare,Bounced/Browsed,5,228,3.1,0,No,Plus,,No,,0.0
AV02412,B72BEEAD25DD18E6,,,Anonymous Prospect,10/13/2024,08:09,Desktop,Safari,New,Email,EM_RENEW_Q424,South,/plans/compare,1,Home Page,application educate,/,Bounced/Browsed,1,90,3.7,0,No,Elite,,No,,0.0
AV02413,1A3596C4A68E05B4,,,Anonymous Prospect,10/13/2024,09:06,Mobile,Chrome,New,SEO,,South,/plans/compare,2,Product Comparison,application educate,/plans/compare,Bounced/Browsed,6,159,3.8,0,No,Plus,,No,,0.0
AV02414,C5BE98883FA5ADFF,C056,,Existing Customer,10/13/2024,12:56,Mobile,Chrome,New,Direct Mail,DM_ELITE_Q424,West,/offer,2,Product Comparison,application educate,/plans/compare,Bounced/Browsed,4,153,4.3,0,No,Elite,,No,,0.0
AV02415,000255385D7E70BC,,L0454,New Lead,10/13/2024,14:00,Desktop,Firefox,New,Email,EM_PLANS_Q424,West,/,7,Review & e-Sign,application submit,/apply/review,Yes,15,772,2.3,0,No,Basic,1844.55,No,,0.0
AV02416,6F0ED420F39778FA,,,Anonymous Prospect,10/13/2024,14:18,Desktop,Edge,New,SEO,,West,/,1,Home Page,application educate,/,Bounced/Browsed,4,116,1.8,0,Yes,Premium,,No,,0.0
AV02417,EFC437F743D80DF3,,,Anonymous Prospect,10/13/2024,15:13,Mobile,Chrome,New,Affiliate,AFF_SWITCH_Q424,West,/,1,Home Page,application educate,/,Bounced/Browsed,4,85,5.8,0,No,Plus,,No,,0.0
AV02418,B5AE5CFD563B972F,,,Anonymous Prospect,10/13/2024,17:03,Mobile,Chrome,New,Email,EM_RENEW_Q424,South,/plans/compare,3,Application Start,application start,/apply/start,Yes,7,344,2.5,0,No,Plus,,No,,0.0
AV02419,5D5666C4BF856D01,,,Anonymous Prospect,10/13/2024,19:38,Mobile,Chrome,Returning,Paid Social,SOC_PLUS_Q424,South,/plans/compare,1,Home Page,application educate,/,Bounced/Browsed,2,105,3.0,0,No,Plus,,No,,0.0
AV02420,CAB1E1C1A755CD14,,,Anonymous Prospect,10/13/2024,19:56,Mobile,Chrome,New,SEO,,South,/,2,Product Comparison,application educate,/plans/compare,Bounced/Browsed,6,148,1.5,0,No,Premium,,No,,0.0
AV02421,9AFCFA194893AF71,,,Anonymous Prospect,10/13/2024,20:34,Desktop,Safari,New,SEO,,North,/,1,Home Page,application educate,/,Bounced/Browsed,1,106,2.4,0,No,Plus,,No,,0.0
AV02422,17FBA3E52A76B6DA,C035,,Existing Customer,10/14/2024,06:14,Desktop,Firefox,New,SEM,SEM_BRAND_Q424,East,/plans/compare,2,Product Comparison,application educate,/plans/compare,Bounced/Browsed,5,222,1.2,0,No,Basic,,No,,0.0
AV02423,35AAD2D764333E12,,,Anonymous Prospect,10/14/2024,06:16,Mobile,Safari,New,Direct,,North,/,1,Home Page,application educate,/,Bounced/Browsed,2,124,1.0,0,Yes,Basic,,No,,0.0
AV02424,07C3E3392145CF88,,,Anonymous Prospect,10/14/2024,07:18,Mobile,Safari,Returning,Affiliate,AFF_PLANS_Q424,West,/plans/compare,1,Home Page,application educate,/,Bounced/Browsed,1,135,4.3,0,No,Elite,,No,,0.0
AV02425,CFDD7D26BAAE21AA,,,Anonymous Prospect,10/14/2024,07:41,Tablet,Safari,New,Direct,,North,/,1,Home Page,application educate,/,Bounced/Browsed,1,90,1.1,0,No,Premium,,No,,0.0
AV02426,E2D738E906A1FB1D,,L0455,New Lead,10/14/2024,08:53,Mobile,Chrome,New,SEO,,North,/plans/compare,5,Identity Verification,application start,/apply/verify,Yes,9,482,2.5,3,No,Premium,,No,,0.0
AV02427,698D8E087CD968C4,,,Anonymous Prospect,10/14/2024,09:11,Mobile,Chrome,New,Display,DSP_PLUS_Q424,West,/,1,Home Page,application educate,/,Bounced/Browsed,1,148,4.2,0,No,Plus,,No,,0.0
AV02428,DE35CEFE5B3C8CAB,,,Anonymous Prospect,10/14/2024,10:03,Mobile,Firefox,New,Direct,,West,/,2,Product Comparison,application educate,/plans/compare,Bounced/Browsed,6,165,5.3,0,No,Premium,,No,,0.0
AV02429,B65D5F0A23D728F2,,,Anonymous Prospect,10/14/2024,11:00,Desktop,Firefox,New,Email,EM_BRAND_Q424,West,/,1,Home Page,application educate,/,Bounced/Browsed,2,151,2.9,0,No,Premium,,No,,0.0
AV02430,91A6F38E4B7725C1,,,Anonymous Prospect,10/14/2024,11:01,Mobile,Safari,New,SEO,,East,/,1,Home Page,application educate,/,Bounced/Browsed,3,73,4.9,0,No,Premium,,No,,0.0
AV02431,CC771DB6E59572E3,,,Anonymous Prospect,10/14/2024,11:32,Mobile,Chrome,New,Direct Mail,DM_RENEW_Q424,North,/offer,1,Home Page,application educate,/,Bounced/Browsed,3,109,3.8,0,No,Plus,,No,,0.0
AV02432,995E2165995BEF87,,,Anonymous Prospect,10/14/2024,13:13,Desktop,Safari,New,Email,EM_PREMIUM_Q424,North,/,1,Home Page,application educate,/,Bounced/Browsed,1,130,1.8,0,No,Premium,,No,,0.0
AV02433,DEEEAA1FDA389B0C,,,Anonymous Prospect,10/14/2024,15:03,Mobile,Safari,New,SEM,SEM_SWITCH_Q424,East,/,1,Home Page,application educate,/,Bounced/Browsed,3,82,5.3,0,No,Plus,,No,,0.0
AV02434,F1182F956940A852,,,Anonymous Prospect,10/14/2024,15:36,Mobile,Chrome,New,SEM,SEM_SWITCH_Q424,South,/plans/compare,2,Product Comparison,application educate,/plans/compare,Bounced/Browsed,4,260,1.8,0,No,Premium,,No,,0.0
AV02435,3FE7C5B1DFB7EA12,,,Anonymous Prospect,10/14/2024,16:15,Mobile,Chrome,New,Direct Mail,DM_PLUS_Q424,West,/offer,2,Product Comparison,application educate,/plans/compare,Bounced/Browsed,2,126,1.4,0,No,Plus,,No,,0.0
AV02436,89E1D3650B76C13F,,,Anonymous Prospect,10/14/2024,21:28,Mobile,Safari,New,Paid Social,SOC_BASIC_Q424,West,/,1,Home Page,application educate,/,Bounced/Browsed,2,95,5.3,0,No,Basic,,No,,0.0
AV02437,EB8F31D5D530E700,,,Anonymous Prospect,10/14/2024,22:03,Mobile,Safari,New,Direct,,South,/,2,Product Comparison,application educate,/plans/compare,Bounced/Browsed,4,232,2.8,0,No,Elite,,No,,0.0
AV02438,8F6BDDE133F18504,,,Anonymous Prospect,10/15/2024,06:09,Mobile,Edge,Returning,Direct Mail,DM_BRAND_Q424,South,/offer,2,Product Comparison,application educate,/plans/compare,Bounced/Browsed,4,192,1.6,0,No,Basic,,No,,0.0
AV02439,F549F7B0AD617630,,,Anonymous Prospect,10/15/2024,07:37,Desktop,Chrome,Returning,Affiliate,AFF_RENEW_Q424,East,/,1,Home Page,application educate,/,Bounced/Browsed,4,143,2.7,0,No,Premium,,No,,0.0
AV02440,4F1F528D35A9F653,,,Anonymous Prospect,10/15/2024,07:45,Desktop,Safari,Returning,Paid Social,SOC_PLUS_Q424,West,/plans/compare,1,Home Page,application educate,/,Bounced/Browsed,2,161,1.8,0,No,Plus,,No,,0.0
AV02441,C6FBFD2A7E55CAD7,,L0456,New Lead,10/15/2024,08:42,Desktop,Chrome,Returning,SEM,SEM_SWITCH_Q424,West,/,8,Payment & Confirmation,application complete,,No,18,580,0.9,1,No,Basic,1890.35,Yes,ORD00152,1890.35
AV02442,955041F7C1CC9137,,,Anonymous Prospect,10/15/2024,09:25,Mobile,Chrome,New,Affiliate,AFF_SWITCH_Q424,West,/,2,Product Comparison,application educate,/plans/compare,Bounced/Browsed,5,171,2.9,0,No,Premium,,No,,0.0
AV02443,AFBA9D106C75C007,,L0457,New Lead,10/15/2024,09:33,Mobile,Edge,New,SEO,,West,/plans/compare,8,Payment & Confirmation,application complete,,No,13,517,2.2,0,No,Premium,5052.43,Yes,ORD00153,5052.43
AV02444,C8FA3564788462A1,,,Anonymous Prospect,10/15/2024,10:32,Mobile,Safari,New,Direct Mail,DM_PLANS_Q424,North,/offer,3,Application Start,application start,/apply/start,Yes,6,249,5.2,0,No,Basic,,No,,0.0
AV02445,7C982A319FF73D6B,,,Anonymous Prospect,10/15/2024,11:37,Mobile,Samsung Internet,New,SEM,SEM_BRAND_Q424,West,/,1,Home Page,application educate,/,Bounced/Browsed,3,131,3.2,0,No,Premium,,No,,0.0
AV02446,6BCC0FC211471475,,,Anonymous Prospect,10/15/2024,12:11,Mobile,Chrome,New,SEM,SEM_PLANS_Q424,South,/,2,Product Comparison,application educate,/plans/compare,Bounced/Browsed,5,120,2.1,0,No,Basic,,No,,0.0
AV02447,61FF1152A1467088,,L0458,New Lead,10/15/2024,12:57,Desktop,Safari,Returning,Direct,,East,/,6,Plan Customization & Quote,application submit,/apply/quote,Yes,15,553,2.9,1,No,Basic,1836.52,No,,0.0
AV02448,FE6C77D530162911,,,Anonymous Prospect,10/15/2024,13:09,Mobile,Safari,New,Affiliate,AFF_RENEW_Q424,North,/plans/compare,2,Product Comparison,application educate,/plans/compare,Bounced/Browsed,4,214,5.0,0,No,Plus,,No,,0.0
AV02449,AA3F777BED8C5617,,,Anonymous Prospect,10/15/2024,14:00,Desktop,Edge,New,SEO,,South,/,1,Home Page,application educate,/,Bounced/Browsed,2,92,2.3,0,No,Basic,,No,,0.0
AV02450,B5E53DCD8FA805CF,,,Anonymous Prospect,10/15/2024,14:23,Desktop,Safari,New,Direct,,South,/,2,Product Comparison,application educate,/plans/compare,Bounced/Browsed,6,130,3.3,0,No,Basic,,No,,0.0
AV02451,FBDC6376FDDC2E87,,L0459,New Lead,10/15/2024,15:10,Mobile,Safari,Returning,Direct,,East,/,8,Payment & Confirmation,application complete,,No,18,824,3.0,0,No,Plus,3251.47,Yes,ORD00154,3251.47
AV02452,263DF3070693ADCA,,,Anonymous Prospect,10/15/2024,16:38,Mobile,Safari,New,Direct,,South,/,1,Home Page,application educate,/,Bounced/Browsed,4,165,3.2,0,No,Premium,,No,,0.0
AV02453,37AB5C7B07028FB4,,,Anonymous Prospect,10/15/2024,18:34,Mobile,Edge,New,Affiliate,AFF_BRAND_Q424,North,/plans/compare,1,Home Page,application educate,/,Bounced/Browsed,4,141,5.9,0,No,Premium,,No,,0.0
AV02454,3DFC1C4D87F0E871,,,Anonymous Prospect,10/15/2024,20:30,Mobile,Safari,New,Display,DSP_PLANS_Q424,South,/,1,Home Page,application educate,/,Bounced/Browsed,1,117,2.8,0,No,Plus,,No,,0.0
AV02455,DA3A80DE6143D9A1,,,Anonymous Prospect,10/15/2024,22:16,Mobile,Edge,New,Affiliate,AFF_BRAND_Q424,East,/plans/compare,1,Home Page,application educate,/,Bounced/Browsed,1,114,3.0,0,No,Plus,,No,,0.0
AV02456,3F12D210C8F487AC,,,Anonymous Prospect,10/15/2024,22:46,Desktop,Chrome,New,SEM,SEM_RENEW_Q424,East,/,2,Product Comparison,application educate,/plans/compare,Bounced/Browsed,4,176,3.1,0,No,Basic,,No,,0.0
AV02457,A76B7FC846E9D523,,,Anonymous Prospect,10/16/2024,06:30,Mobile,Edge,New,Display,DSP_RENEW_Q424,South,/plans/compare,1,Home Page,application educate,/,Bounced/Browsed,3,102,1.9,0,No,Basic,,No,,0.0
AV02458,36378D3B0C7680F8,C068,,Existing Customer,10/16/2024,07:19,Mobile,Safari,Returning,Direct,,South,/,7,Review & e-Sign,application submit,/apply/review,Yes,11,512,3.7,1,Yes,Basic,2212.38,No,,0.0
AV02459,9627170DF5D40332,,,Anonymous Prospect,10/16/2024,08:22,Mobile,Chrome,New,SEO,,South,/,2,Product Comparison,application educate,/plans/compare,Bounced/Browsed,5,173,4.1,0,No,Basic,,No,,0.0
AV02460,58557F1F61DD40F2,,,Anonymous Prospect,10/16/2024,10:04,Desktop,Chrome,New,SEO,,North,/,1,Home Page,application educate,/,Bounced/Browsed,3,133,2.5,0,No,Elite,,No,,0.0
AV02461,661BE378E8622FD6,,,Anonymous Prospect,10/16/2024,11:32,Mobile,Chrome,New,SEO,,South,/plans/compare,2,Product Comparison,application educate,/plans/compare,Bounced/Browsed,4,251,1.8,0,No,Plus,,No,,0.0
AV02462,C3F0C394F15CDC83,,,Anonymous Prospect,10/16/2024,12:14,Desktop,Safari,New,Direct,,West,/,1,Home Page,application educate,/,Bounced/Browsed,4,95,3.0,0,No,Basic,,No,,0.0
AV02463,197289B3142C50C3,,L0460,New Lead,10/16/2024,13:34,Tablet,Chrome,Returning,Email,EM_BRAND_Q424,South,/,6,Plan Customization & Quote,application submit,/apply/quote,Yes,12,419,1.9,0,No,Elite,9559.75,No,,0.0
AV02464,9D58AD7A1A1DD554,,,Anonymous Prospect,10/16/2024,15:31,Mobile,Chrome,Returning,Affiliate,AFF_PREMIUM_Q424,West,/plans/compare,3,Application Start,application start,/apply/start,Yes,3,235,5.1,0,No,Premium,,No,,0.0
AV02465,EE97232C1DE491A5,,L0461,New Lead,10/16/2024,18:18,Mobile,Safari,New,SEM,SEM_BASIC_Q424,West,/plans/compare,8,Payment & Confirmation,application complete,,No,17,882,2.9,0,No,Basic,1744.64,Yes,ORD00155,1744.64
AV02466,18E0B89651D0A5C2,,,Anonymous Prospect,10/16/2024,19:15,Desktop,Chrome,Returning,SEM,SEM_RENEW_Q424,West,/,1,Home Page,application educate,/,Bounced/Browsed,1,77,1.7,0,No,Plus,,No,,0.0
AV02467,7069BC80DD7F06D5,C011,,Existing Customer,10/16/2024,19:34,Mobile,Firefox,Returning,Direct,,West,/,1,Home Page,application educate,/,Bounced/Browsed,3,109,4.9,0,Yes,Premium,,No,,0.0
AV02468,9B170B9D2063AFE9,,,Anonymous Prospect,10/16/2024,19:38,Mobile,Edge,New,Display,DSP_PLANS_Q424,East,/plans/compare,2,Product Comparison,application educate,/plans/compare,Bounced/Browsed,6,151,3.0,0,No,Plus,,No,,0.0
AV02469,4B1471F1AF2C297F,,L0462,New Lead,10/16/2024,20:07,Desktop,Safari,Returning,Direct Mail,DM_PLANS_Q424,East,/offer,6,Plan Customization & Quote,application submit,/apply/quote,Yes,11,371,0.6,2,No,Basic,1921.08,No,,0.0
AV02470,00A4B9A833C09A21,,,Anonymous Prospect,10/16/2024,20:50,Desktop,Chrome,New,Direct,,North,/,1,Home Page,application educate,/,Bounced/Browsed,2,99,2.1,0,No,Basic,,No,,0.0
AV02471,10CDAC3C9D16B9F0,,L0463,New Lead,10/16/2024,21:42,Mobile,Safari,New,Affiliate,AFF_SWITCH_Q424,East,/plans/compare,8,Payment & Confirmation,application complete,,No,18,569,0.9,0,No,Premium,5571.3,Yes,ORD00156,5571.3
AV02472,B17C9763659F8EFA,,,Anonymous Prospect,10/16/2024,21:55,Desktop,Chrome,New,Affiliate,AFF_RENEW_Q424,North,/plans/compare,2,Product Comparison,application educate,/plans/compare,Bounced/Browsed,5,254,1.3,0,No,Elite,,No,,0.0
AV02473,06CAC8B80F1EF705,,,Anonymous Prospect,10/16/2024,22:03,Tablet,Firefox,New,Display,DSP_SWITCH_Q424,North,/,1,Home Page,application educate,/,Bounced/Browsed,2,163,1.5,0,No,Basic,,No,,0.0
AV02474,2D479BB56B7B0807,,,Anonymous Prospect,10/16/2024,22:05,Mobile,Safari,Returning,SEO,,West,/,1,Home Page,application educate,/,Bounced/Browsed,3,98,4.5,0,No,Plus,,No,,0.0
AV02475,5A45F74D0E2FF435,,,Anonymous Prospect,10/16/2024,22:20,Mobile,Safari,New,Display,DSP_SWITCH_Q424,North,/,2,Product Comparison,application educate,/plans/compare,Bounced/Browsed,6,227,2.0,0,No,Basic,,No,,0.0
AV02476,C59FB7A8232C3EEC,,,Anonymous Prospect,10/17/2024,06:19,Mobile,Chrome,New,SEO,,West,/,1,Home Page,application educate,/,Bounced/Browsed,3,79,4.4,0,No,Plus,,No,,0.0
AV02477,EDDE5D5927461573,,L0464,New Lead,10/17/2024,06:21,Desktop,Firefox,New,Affiliate,AFF_PLANS_Q424,North,/,6,Plan Customization & Quote,application submit,/apply/quote,Yes,14,335,1.5,2,No,Elite,7260.39,No,,0.0
AV02478,0C49A76D19C96FDA,,,Anonymous Prospect,10/17/2024,07:18,Mobile,Safari,New,Affiliate,AFF_PREMIUM_Q424,South,/,1,Home Page,application educate,/,Bounced/Browsed,2,93,4.9,0,No,Premium,,No,,0.0
AV02479,8C51334464D7A75D,,,Anonymous Prospect,10/17/2024,08:49,Mobile,Safari,Returning,Paid Social,SOC_PLUS_Q424,East,/,1,Home Page,application educate,/,Bounced/Browsed,4,105,4.5,0,No,Plus,,No,,0.0
AV02480,DFF99AA0B61AB7E8,,,Anonymous Prospect,10/17/2024,09:02,Desktop,Edge,New,SEM,SEM_BRAND_Q424,North,/plans/compare,3,Application Start,application start,/apply/start,Yes,5,261,2.2,0,No,Plus,,No,,0.0
AV02481,BFF5732B6005EA49,,,Anonymous Prospect,10/17/2024,09:27,Desktop,Edge,New,Display,DSP_SWITCH_Q424,South,/,1,Home Page,application educate,/,Bounced/Browsed,1,129,2.7,0,No,Plus,,No,,0.0
AV02482,D2788DF7C0AA4CE3,,L0465,New Lead,10/17/2024,09:54,Mobile,Chrome,New,Paid Social,SOC_SWITCH_Q424,West,/,5,Identity Verification,application start,/apply/verify,Yes,9,527,3.7,3,No,Elite,,No,,0.0
AV02483,43E3A2C989EC1F6E,,L0466,New Lead,10/17/2024,11:09,Desktop,Safari,Returning,Direct,,South,/,8,Payment & Confirmation,application complete,,No,14,898,2.1,0,No,Premium,4735.14,Yes,ORD00157,4735.14
AV02484,AC611DD60C0CB149,,,Anonymous Prospect,10/17/2024,11:53,Mobile,Safari,Returning,Direct,,South,/,1,Home Page,application educate,/,Bounced/Browsed,2,140,5.5,0,No,Plus,,No,,0.0
AV02485,F979D4F3704D2957,,,Anonymous Prospect,10/17/2024,12:23,Mobile,Safari,New,Direct Mail,DM_BRAND_Q424,East,/offer,1,Home Page,application educate,/,Bounced/Browsed,1,114,3.3,0,No,Elite,,No,,0.0
AV02486,1E3B12185F31414C,,,Anonymous Prospect,10/17/2024,12:44,Tablet,Chrome,New,SEM,SEM_RENEW_Q424,East,/,2,Product Comparison,application educate,/plans/compare,Bounced/Browsed,4,251,2.4,0,No,Plus,,No,,0.0
AV02487,C041F687543A48B1,,,Anonymous Prospect,10/17/2024,13:16,Mobile,Chrome,New,Paid Social,SOC_SWITCH_Q424,North,/,1,Home Page,application educate,/,Bounced/Browsed,4,124,4.2,0,No,Premium,,No,,0.0
AV02488,C2B1BB0BC0251436,,L0467,New Lead,10/17/2024,14:15,Mobile,Safari,New,Email,EM_RENEW_Q424,East,/,4,Personal Details,application start,/apply/details,Yes,11,263,4.3,1,No,Premium,,No,,0.0
AV02489,64D0E320D31BDA98,,,Anonymous Prospect,10/17/2024,14:25,Desktop,Safari,New,Paid Social,SOC_BRAND_Q424,South,/,1,Home Page,application educate,/,Bounced/Browsed,4,145,2.0,0,No,Basic,,No,,0.0
AV02490,B8912493CB44DCDF,,L0468,New Lead,10/17/2024,14:44,Mobile,Safari,Returning,Paid Social,SOC_RENEW_Q424,West,/plans/compare,8,Payment & Confirmation,application complete,,No,16,704,3.7,0,No,Premium,6396.42,Yes,ORD00158,6396.42
AV02491,E01314DAC85A246A,,,Anonymous Prospect,10/17/2024,15:07,Tablet,Chrome,Returning,SEO,,West,/,1,Home Page,application educate,/,Bounced/Browsed,4,166,2.2,0,No,Premium,,No,,0.0
AV02492,F2671C164A1B7910,,,Anonymous Prospect,10/17/2024,15:28,Mobile,Edge,New,Email,EM_PLANS_Q424,East,/,2,Product Comparison,application educate,/plans/compare,Bounced/Browsed,4,218,2.9,0,No,Basic,,No,,0.0
AV02493,AB1FEADBE9225926,,,Anonymous Prospect,10/17/2024,15:45,Desktop,Safari,New,SEO,,South,/,2,Product Comparison,application educate,/plans/compare,Bounced/Browsed,3,175,2.1,0,No,Basic,,No,,0.0
AV02494,EF707F45E9E3DF68,,,Anonymous Prospect,10/17/2024,17:45,Mobile,Edge,Returning,Direct Mail,DM_SWITCH_Q424,South,/offer,1,Home Page,application educate,/,Bounced/Browsed,2,88,2.1,0,No,Premium,,No,,0.0
AV02495,43FD5D7E23044D35,,,Anonymous Prospect,10/17/2024,18:49,Desktop,Chrome,Returning,SEO,,East,/,3,Application Start,application start,/apply/start,Yes,6,267,1.7,0,No,Plus,,No,,0.0
AV02496,349156EFEBB54C41,,L0469,New Lead,10/17/2024,19:42,Mobile,Edge,New,SEM,SEM_PREMIUM_Q424,North,/,5,Identity Verification,application start,/apply/verify,Yes,10,556,4.1,1,No,Premium,,No,,0.0
AV02497,227D2D69694A6953,C002,,Existing Customer,10/18/2024,09:13,Mobile,Chrome,Returning,SEM,SEM_RENEW_Q424,East,/,5,Identity Verification,application start,/apply/verify,Yes,10,377,0.9,5,No,Premium,,No,,0.0
AV02498,5CC2C91B26F44475,,L0470,New Lead,10/18/2024,10:30,Desktop,Chrome,New,Direct,,East,/,8,Payment & Confirmation,application complete,,No,10,835,2.1,0,No,Basic,1324.92,Yes,ORD00159,1324.92
AV02499,26E112535F3F266B,,,Anonymous Prospect,10/18/2024,12:36,Mobile,Safari,New,Direct,,South,/,1,Home Page,application educate,/,Bounced/Browsed,3,80,1.8,0,No,Elite,,No,,0.0
AV02500,EAB7DF88FF843A4C,,,Anonymous Prospect,10/18/2024,15:19,Mobile,Chrome,New,SEO,,North,/plans/compare,2,Product Comparison,application educate,/plans/compare,Bounced/Browsed,3,115,3.4,0,No,Basic,,No,,0.0
AV02501,301C80623A9EB5A4,,,Anonymous Prospect,10/18/2024,15:21,Desktop,Safari,New,Direct Mail,DM_SWITCH_Q424,East,/offer,2,Product Comparison,application educate,/plans/compare,Bounced/Browsed,4,152,2.8,0,No,Basic,,No,,0.0
AV02502,C9C7BA2D7976CE74,,L0471,New Lead,10/18/2024,17:36,Desktop,Chrome,New,SEM,SEM_RENEW_Q424,South,/,8,Payment & Confirmation,application complete,,No,11,710,1.5,1,No,Elite,6815.83,Yes,ORD00160,6815.83
AV02503,2A72E8A9E3D80E56,,,Anonymous Prospect,10/18/2024,18:17,Desktop,Chrome,New,Display,DSP_PLANS_Q424,South,/plans/compare,2,Product Comparison,application educate,/plans/compare,Bounced/Browsed,5,206,2.0,0,No,Plus,,No,,0.0
AV02504,B4DBC464CFC07081,,,Anonymous Prospect,10/18/2024,20:03,Mobile,Chrome,Returning,Direct,,South,/,1,Home Page,application educate,/,Bounced/Browsed,3,118,3.4,0,No,Basic,,No,,0.0
AV02505,008A0BC041583545,,,Anonymous Prospect,10/19/2024,07:13,Desktop,Safari,New,Direct,,North,/,1,Home Page,application educate,/,Bounced/Browsed,1,108,1.3,0,No,Premium,,No,,0.0
AV02506,2CBA03069B5271DE,,,Anonymous Prospect,10/19/2024,07:43,Mobile,Firefox,New,Email,EM_BASIC_Q424,East,/,1,Home Page,application educate,/,Bounced/Browsed,1,152,0.9,0,No,Basic,,No,,0.0
AV02507,011E2B2D947BCB15,,,Anonymous Prospect,10/19/2024,09:00,Mobile,Chrome,New,Paid Social,SOC_PLANS_Q424,South,/,1,Home Page,application educate,/,Bounced/Browsed,3,111,4.7,0,No,Premium,,No,,0.0
AV02508,3752ACD521F3CBF8,,,Anonymous Prospect,10/19/2024,09:11,Tablet,Chrome,New,SEM,SEM_PLANS_Q424,South,/,1,Home Page,application educate,/,Bounced/Browsed,1,77,1.6,0,No,Premium,,No,,0.0
AV02509,B4F480B0A7238FAA,,L0472,New Lead,10/19/2024,10:52,Desktop,Safari,New,Email,EM_PLANS_Q424,West,/,5,Identity Verification,application start,/apply/verify,Yes,6,330,2.8,1,No,Plus,,No,,0.0
AV02510,672CDBB073C0655D,,,Anonymous Prospect,10/19/2024,11:25,Mobile,Firefox,New,Display,DSP_SWITCH_Q424,North,/plans/compare,1,Home Page,application educate,/,Bounced/Browsed,1,129,5.3,0,No,Plus,,No,,0.0
AV02511,6F1356A226FE7B3D,,,Anonymous Prospect,10/19/2024,12:02,Desktop,Firefox,Returning,Paid Social,SOC_BRAND_Q424,East,/,2,Product Comparison,application educate,/plans/compare,Bounced/Browsed,3,249,1.9,0,No,Plus,,No,,0.0
AV02512,451016CD8D51C292,,,Anonymous Prospect,10/19/2024,12:09,Mobile,Safari,Returning,Paid Social,SOC_RENEW_Q424,West,/,2,Product Comparison,application educate,/plans/compare,Bounced/Browsed,6,183,1.9,0,No,Plus,,No,,0.0
AV02513,09795431DB92E661,,,Anonymous Prospect,10/19/2024,15:19,Mobile,Safari,New,SEM,SEM_SWITCH_Q424,West,/plans/compare,2,Product Comparison,application educate,/plans/compare,Bounced/Browsed,5,205,5.5,0,No,Plus,,No,,0.0
AV02514,0D9E89B855ED34BF,,,Anonymous Prospect,10/19/2024,17:20,Mobile,Firefox,New,Direct,,North,/,2,Product Comparison,application educate,/plans/compare,Bounced/Browsed,5,181,4.1,0,No,Premium,,No,,0.0
AV02515,4276A958912B82AA,,,Anonymous Prospect,10/19/2024,17:23,Mobile,Chrome,New,Display,DSP_SWITCH_Q424,East,/plans/compare,2,Product Comparison,application educate,/plans/compare,Bounced/Browsed,2,110,4.9,0,No,Premium,,No,,0.0
AV02516,CD8FB3EF5DDABD67,,,Anonymous Prospect,10/19/2024,17:57,Mobile,Chrome,New,SEM,SEM_SWITCH_Q424,East,/plans/compare,2,Product Comparison,application educate,/plans/compare,Bounced/Browsed,6,149,1.7,0,No,Plus,,No,,0.0
AV02517,C6EA813B6769608D,,,Anonymous Prospect,10/19/2024,18:37,Desktop,Safari,New,SEO,,North,/,1,Home Page,application educate,/,Bounced/Browsed,2,110,2.2,0,No,Basic,,No,,0.0
AV02518,8C339950EBED375B,,,Anonymous Prospect,10/19/2024,19:11,Desktop,Chrome,New,Paid Social,SOC_RENEW_Q424,West,/,1,Home Page,application educate,/,Bounced/Browsed,2,116,3.2,0,No,Elite,,No,,0.0
AV02519,508F2B59B08CDE48,,,Anonymous Prospect,10/19/2024,19:51,Mobile,Chrome,New,Affiliate,AFF_BASIC_Q424,West,/,1,Home Page,application educate,/,Bounced/Browsed,1,113,2.9,0,No,Basic,,No,,0.0
AV02520,0C1A0688D188F375,,,Anonymous Prospect,10/19/2024,20:15,Desktop,Chrome,New,Email,EM_PLANS_Q424,South,/plans/compare,1,Home Page,application educate,/,Bounced/Browsed,3,83,1.5,0,No,Elite,,No,,0.0
AV02521,27F52A91AD441E06,,,Anonymous Prospect,10/20/2024,07:22,Mobile,Chrome,Returning,SEO,,North,/,1,Home Page,application educate,/,Bounced/Browsed,3,106,4.6,0,No,Plus,,No,,0.0
AV02522,857A9D1D4BEBA7FB,,L0473,New Lead,10/20/2024,07:26,Mobile,Chrome,New,SEM,SEM_ELITE_Q424,East,/plans/compare,4,Personal Details,application start,/apply/details,Yes,8,274,1.7,1,No,Elite,,No,,0.0
AV02523,085BEDBC37DF80F5,,,Anonymous Prospect,10/20/2024,07:50,Mobile,Chrome,New,SEM,SEM_PLANS_Q424,West,/,1,Home Page,application educate,/,Bounced/Browsed,2,151,2.7,0,No,Plus,,No,,0.0
AV02524,D1F458D5694A1F76,,,Anonymous Prospect,10/20/2024,08:06,Tablet,Safari,Returning,Direct Mail,DM_SWITCH_Q424,North,/offer,2,Product Comparison,application educate,/plans/compare,Bounced/Browsed,4,201,1.1,0,No,Premium,,No,,0.0
AV02525,6B6CBFC4B23AFADF,,,Anonymous Prospect,10/20/2024,08:35,Desktop,Safari,New,SEM,SEM_BRAND_Q424,East,/plans/compare,1,Home Page,application educate,/,Bounced/Browsed,1,110,1.1,0,No,Premium,,No,,0.0
AV02526,304BD9B8E9F6C21E,,,Anonymous Prospect,10/20/2024,08:36,Desktop,Safari,New,SEO,,South,/,2,Product Comparison,application educate,/plans/compare,Bounced/Browsed,5,147,2.8,0,No,Basic,,No,,0.0
AV02527,23FF262184CF63B9,,L0474,New Lead,10/20/2024,10:39,Mobile,Firefox,New,SEO,,South,/plans/compare,8,Payment & Confirmation,application complete,,No,12,550,2.2,1,No,Basic,1793.86,Yes,ORD00161,1793.86
AV02528,482E359134F88732,,,Anonymous Prospect,10/20/2024,12:05,Mobile,Chrome,New,SEM,SEM_RENEW_Q424,East,/,1,Home Page,application educate,/,Bounced/Browsed,2,95,2.1,0,No,Basic,,No,,0.0
AV02529,F5952D6D5E256A41,,L0475,New Lead,10/20/2024,12:17,Mobile,Safari,New,SEO,,West,/,5,Identity Verification,application start,/apply/verify,Yes,8,380,4.9,2,No,Plus,,No,,0.0
AV02530,A7B20FB20DE8CDC9,,,Anonymous Prospect,10/20/2024,13:55,Desktop,Chrome,New,Email,EM_RENEW_Q424,South,/plans/compare,2,Product Comparison,application educate,/plans/compare,Bounced/Browsed,2,139,1.1,0,No,Plus,,No,,0.0
AV02531,51F690762EB55F30,,,Anonymous Prospect,10/20/2024,14:40,Mobile,Safari,New,Paid Social,SOC_PLANS_Q424,East,/,1,Home Page,application educate,/,Bounced/Browsed,3,109,4.3,0,No,Basic,,No,,0.0
AV02532,F0A53F4A67FB4EC8,,,Anonymous Prospect,10/20/2024,16:35,Mobile,Chrome,New,Paid Social,SOC_BASIC_Q424,South,/,1,Home Page,application educate,/,Bounced/Browsed,4,138,3.9,0,No,Basic,,No,,0.0
AV02533,D834D9353177AEFA,C070,,Existing Customer,10/20/2024,18:13,Mobile,Firefox,New,Email,EM_SWITCH_Q424,West,/,4,Personal Details,application start,/apply/details,Yes,5,375,2.7,1,No,Plus,,No,,0.0
AV02534,4F91B52138B7EE50,,L0476,New Lead,10/20/2024,18:59,Tablet,Safari,New,SEM,SEM_BRAND_Q424,North,/plans/compare,6,Plan Customization & Quote,application submit,/apply/quote,Yes,13,695,0.9,0,No,Plus,3028.91,No,,0.0
AV02535,8547BFF25BEAD86F,,L0477,New Lead,10/20/2024,19:01,Mobile,Edge,New,SEM,SEM_PLANS_Q424,South,/plans/compare,5,Identity Verification,application start,/apply/verify,Yes,9,276,2.2,4,Yes,Plus,,No,,0.0
AV02536,443CB387489DB397,,L0478,New Lead,10/20/2024,20:37,Desktop,Safari,Returning,Affiliate,AFF_RENEW_Q424,North,/,8,Payment & Confirmation,application complete,,No,18,840,2.2,0,No,Plus,3403.63,Yes,ORD00162,3403.63
AV02537,5F4D394BC6F91A75,,L0479,New Lead,10/20/2024,21:17,Tablet,Chrome,Returning,SEM,SEM_SWITCH_Q424,South,/plans/compare,7,Review & e-Sign,application submit,/apply/review,Yes,16,678,2.2,0,No,Basic,1434.02,No,,0.0
AV02538,C6C5AB15704BD86A,,,Anonymous Prospect,10/20/2024,21:31,Desktop,Edge,New,Display,DSP_RENEW_Q424,North,/,1,Home Page,application educate,/,Bounced/Browsed,3,157,2.2,0,No,Plus,,No,,0.0
AV02539,5F1762A101D723F0,,,Anonymous Prospect,10/20/2024,21:39,Mobile,Chrome,New,Display,DSP_PLANS_Q424,West,/,2,Product Comparison,application educate,/plans/compare,Bounced/Browsed,5,197,4.1,0,No,Plus,,No,,0.0
AV02540,792D1EBFFFEAEE83,,,Anonymous Prospect,10/21/2024,06:13,Tablet,Chrome,New,Direct Mail,DM_BRAND_Q424,West,/offer,2,Product Comparison,application educate,/plans/compare,Bounced/Browsed,2,214,2.8,0,No,Plus,,No,,0.0
AV02541,945C3CB30299BEA8,,,Anonymous Prospect,10/21/2024,07:07,Desktop,Safari,New,SEO,,South,/,2,Product Comparison,application educate,/plans/compare,Bounced/Browsed,5,238,2.1,0,No,Elite,,No,,0.0
AV02542,E3205700342A83F9,,L0480,New Lead,10/21/2024,07:18,Mobile,Chrome,Returning,SEM,SEM_ELITE_Q424,East,/,8,Payment & Confirmation,application complete,,No,13,580,2.2,1,No,Elite,8712.78,Yes,ORD00163,8712.78
AV02543,0FFED692D39EE5EB,,,Anonymous Prospect,10/21/2024,08:25,Mobile,Safari,New,SEO,,East,/,3,Application Start,application start,/apply/start,Yes,6,333,1.2,0,No,Elite,,No,,0.0
AV02544,EBFE09F88EDA3DDE,,,Anonymous Prospect,10/21/2024,13:07,Tablet,Safari,Returning,SEM,SEM_BRAND_Q424,East,/,1,Home Page,application educate,/,Bounced/Browsed,4,145,3.0,0,No,Basic,,No,,0.0
AV02545,B5A429457C7C5E67,,L0481,New Lead,10/21/2024,13:19,Mobile,Chrome,New,Direct,,East,/,7,Review & e-Sign,application submit,/apply/review,Yes,16,513,4.3,1,No,Plus,3844.2,No,,0.0
AV02546,35A6DE7956613414,,,Anonymous Prospect,10/21/2024,13:35,Desktop,Safari,New,SEO,,North,/plans/compare,1,Home Page,application educate,/,Bounced/Browsed,4,132,2.1,0,No,Plus,,No,,0.0
AV02547,52142E911CF6E96D,,,Anonymous Prospect,10/21/2024,13:53,Tablet,Safari,New,Paid Social,SOC_BRAND_Q424,South,/plans/compare,1,Home Page,application educate,/,Bounced/Browsed,2,136,1.9,0,No,Elite,,No,,0.0
AV02548,4DBB4E6AD3C4D9DF,,,Anonymous Prospect,10/21/2024,14:39,Desktop,Edge,New,Display,DSP_BRAND_Q424,West,/plans/compare,1,Home Page,application educate,/,Bounced/Browsed,3,99,2.9,0,No,Plus,,No,,0.0
AV02549,751A34D235761979,,,Anonymous Prospect,10/21/2024,20:58,Mobile,Chrome,New,Paid Social,SOC_BRAND_Q424,East,/plans/compare,1,Home Page,application educate,/,Bounced/Browsed,2,139,1.6,0,Yes,Elite,,No,,0.0
AV02550,07FE3C91A9573884,,,Anonymous Prospect,10/21/2024,21:06,Desktop,Edge,New,SEO,,West,/,1,Home Page,application educate,/,Bounced/Browsed,1,98,2.7,0,No,Plus,,No,,0.0
AV02551,C6B4BFCA113EAFCD,,,Anonymous Prospect,10/22/2024,06:08,Mobile,Chrome,Returning,Direct Mail,DM_BRAND_Q424,North,/offer,2,Product Comparison,application educate,/plans/compare,Bounced/Browsed,4,121,2.9,0,No,Plus,,No,,0.0
AV02552,A1917B152E96FC85,,L0482,New Lead,10/22/2024,07:32,Desktop,Safari,New,Direct,,North,/,8,Payment & Confirmation,application complete,,No,11,629,1.2,1,No,Plus,3617.29,Yes,ORD00164,3617.29
AV02553,A2CBDE87C07BD1FD,,,Anonymous Prospect,10/22/2024,10:24,Desktop,Chrome,New,Affiliate,AFF_RENEW_Q424,East,/,2,Product Comparison,application educate,/plans/compare,Bounced/Browsed,5,262,1.7,0,No,Elite,,No,,0.0
AV02554,ECF9FB16FB78FE76,,,Anonymous Prospect,10/22/2024,12:40,Mobile,Chrome,New,Display,DSP_BRAND_Q424,South,/,2,Product Comparison,application educate,/plans/compare,Bounced/Browsed,4,199,2.1,0,No,Basic,,No,,0.0
AV02555,36B21C3E45B54AE0,,L0483,New Lead,10/22/2024,15:34,Desktop,Edge,Returning,SEM,SEM_SWITCH_Q424,South,/plans/compare,6,Plan Customization & Quote,application submit,/apply/quote,Yes,12,343,1.6,0,No,Plus,2743.16,No,,0.0
AV02556,65ADD54266F7DB88,,,Anonymous Prospect,10/22/2024,15:40,Mobile,Chrome,Returning,Paid Social,SOC_RENEW_Q424,North,/plans/compare,1,Home Page,application educate,/,Bounced/Browsed,2,71,4.4,0,No,Plus,,No,,0.0
AV02557,159BF46824DF4DA8,C080,,Existing Customer,10/22/2024,15:42,Mobile,Samsung Internet,Returning,Email,EM_PLANS_Q424,North,/,3,Application Start,application start,/apply/start,Yes,7,188,1.6,0,No,Premium,,No,,0.0
AV02558,EA827CD97D014B78,,,Anonymous Prospect,10/22/2024,15:55,Mobile,Edge,New,Direct,,South,/,2,Product Comparison,application educate,/plans/compare,Bounced/Browsed,3,175,4.8,0,No,Premium,,No,,0.0
AV02559,6CBF713B502D2E9B,,,Anonymous Prospect,10/22/2024,17:23,Desktop,Safari,New,Paid Social,SOC_PLANS_Q424,West,/,2,Product Comparison,application educate,/plans/compare,Bounced/Browsed,4,171,1.0,0,No,Plus,,No,,0.0
AV02560,F4125A28AF14D023,,,Anonymous Prospect,10/22/2024,18:07,Tablet,Chrome,Returning,Direct,,West,/,1,Home Page,application educate,/,Bounced/Browsed,2,104,0.8,0,No,Premium,,No,,0.0
AV02561,80AAC5BDE0534EFB,,,Anonymous Prospect,10/22/2024,19:07,Mobile,Chrome,New,SEO,,South,/,1,Home Page,application educate,/,Bounced/Browsed,3,108,2.8,0,No,Premium,,No,,0.0
AV02562,90D627613F21CCD3,,,Anonymous Prospect,10/22/2024,21:28,Mobile,Safari,Returning,Email,EM_RENEW_Q424,North,/,1,Home Page,application educate,/,Bounced/Browsed,3,118,1.8,0,No,Elite,,No,,0.0
AV02563,71D800A7D505A764,,,Anonymous Prospect,10/22/2024,22:47,Desktop,Safari,Returning,Paid Social,SOC_BASIC_Q424,South,/plans/compare,1,Home Page,application educate,/,Bounced/Browsed,3,116,2.5,0,No,Basic,,No,,0.0
AV02564,7888F179FCE731DC,,,Anonymous Prospect,10/23/2024,07:25,Desktop,Safari,New,Direct Mail,DM_BRAND_Q424,West,/offer,3,Application Start,application start,/apply/start,Yes,5,252,1.0,0,No,Premium,,No,,0.0
AV02565,9BBB49F326EC1529,,,Anonymous Prospect,10/23/2024,09:09,Mobile,Edge,Returning,Email,EM_BASIC_Q424,South,/,1,Home Page,application educate,/,Bounced/Browsed,4,152,2.6,0,No,Basic,,No,,0.0
AV02566,65057E06413D8D43,,,Anonymous Prospect,10/23/2024,11:05,Desktop,Safari,New,Paid Social,SOC_RENEW_Q424,West,/,1,Home Page,application educate,/,Bounced/Browsed,1,68,4.0,0,No,Premium,,No,,0.0
AV02567,76E210DFEF82C3A4,,L0484,New Lead,10/23/2024,11:52,Tablet,Chrome,New,SEM,SEM_BRAND_Q424,East,/,8,Payment & Confirmation,application complete,,No,18,641,1.9,0,No,Plus,2760.46,Yes,ORD00165,2760.46
AV02568,AE27273F291CC8FD,,,Anonymous Prospect,10/23/2024,13:02,Tablet,Samsung Internet,New,SEO,,North,/,1,Home Page,application educate,/,Bounced/Browsed,3,92,2.0,0,No,Plus,,No,,0.0
AV02569,354F41A2DB1B79DC,,,Anonymous Prospect,10/23/2024,16:31,Mobile,Chrome,New,Email,EM_SWITCH_Q424,North,/,3,Application Start,application start,/apply/start,Yes,7,160,2.5,0,No,Plus,,No,,0.0
AV02570,31C4A9DAFCA8DAF3,,L0485,New Lead,10/23/2024,18:56,Desktop,Chrome,New,Direct Mail,DM_PLANS_Q424,North,/offer,4,Personal Details,application start,/apply/details,Yes,7,273,2.5,2,No,Basic,,No,,0.0
AV02571,FF4CB2F441856F60,,L0486,New Lead,10/23/2024,19:04,Mobile,Safari,New,Affiliate,AFF_SWITCH_Q424,South,/,5,Identity Verification,application start,/apply/verify,Yes,12,464,3.5,2,No,Basic,,No,,0.0
AV02572,962F96CEDC8CF08B,,,Anonymous Prospect,10/23/2024,19:57,Desktop,Chrome,Returning,Email,EM_SWITCH_Q424,West,/,1,Home Page,application educate,/,Bounced/Browsed,2,113,2.3,0,No,Plus,,No,,0.0
AV02573,983187E5181377CF,,,Anonymous Prospect,10/23/2024,21:35,Mobile,Firefox,New,SEM,SEM_SWITCH_Q424,West,/,2,Product Comparison,application educate,/plans/compare,Bounced/Browsed,4,184,2.4,0,No,Basic,,No,,0.0
AV02574,D2CCA6724F6B4785,,,Anonymous Prospect,10/23/2024,21:36,Mobile,Chrome,New,Affiliate,AFF_SWITCH_Q424,West,/,1,Home Page,application educate,/,Bounced/Browsed,1,63,5.0,0,No,Plus,,No,,0.0
AV02575,DC236BCC2C290808,,,Anonymous Prospect,10/23/2024,21:58,Mobile,Safari,New,Direct Mail,DM_SWITCH_Q424,South,/offer,2,Product Comparison,application educate,/plans/compare,Bounced/Browsed,4,144,2.7,0,No,Premium,,No,,0.0
AV02576,A26D9BD3DFBECEFE,,,Anonymous Prospect,10/23/2024,22:23,Desktop,Safari,New,SEM,SEM_PLANS_Q424,South,/,1,Home Page,application educate,/,Bounced/Browsed,3,112,1.8,0,No,Elite,,No,,0.0
AV02577,698EF34ABA872199,C053,,Existing Customer,10/24/2024,07:20,Desktop,Safari,Returning,Direct,,North,/,8,Payment & Confirmation,application complete,,No,19,620,3.0,0,No,Basic,1920.86,Yes,ORD00166,1920.86
AV02578,37E27B8DF95B81CE,,,Anonymous Prospect,10/24/2024,08:56,Desktop,Chrome,New,Email,EM_SWITCH_Q424,South,/,1,Home Page,application educate,/,Bounced/Browsed,4,113,1.2,0,No,Premium,,No,,0.0
AV02579,3EAC585FB3B8EBA2,,,Anonymous Prospect,10/24/2024,12:52,Tablet,Safari,Returning,SEM,SEM_BRAND_Q424,West,/,2,Product Comparison,application educate,/plans/compare,Bounced/Browsed,3,228,1.7,0,No,Premium,,No,,0.0
AV02580,C658522C1420D948,,,Anonymous Prospect,10/24/2024,13:14,Mobile,Chrome,Returning,SEM,SEM_BRAND_Q424,South,/plans/compare,1,Home Page,application educate,/,Bounced/Browsed,2,76,2.0,0,No,Premium,,No,,0.0
AV02581,A14B6A69D2DD91F2,,,Anonymous Prospect,10/24/2024,13:17,Mobile,Samsung Internet,New,Direct,,North,/,3,Application Start,application start,/apply/start,Yes,7,252,3.0,0,No,Premium,,No,,0.0
AV02582,E92520EAFAC2D21A,,,Anonymous Prospect,10/24/2024,14:26,Desktop,Chrome,New,SEO,,East,/,1,Home Page,application educate,/,Bounced/Browsed,2,162,2.0,0,No,Plus,,No,,0.0
AV02583,2DB25EB0AC0A4466,,,Anonymous Prospect,10/24/2024,14:38,Mobile,Chrome,New,SEO,,West,/,1,Home Page,application educate,/,Bounced/Browsed,2,143,4.3,0,No,Plus,,No,,0.0
AV02584,FF659CDB9E19B182,,,Anonymous Prospect,10/24/2024,17:57,Mobile,Chrome,New,Direct Mail,DM_SWITCH_Q424,East,/offer,1,Home Page,application educate,/,Bounced/Browsed,3,75,3.0,0,No,Premium,,No,,0.0
AV02585,7179302FBDE99A13,,,Anonymous Prospect,10/24/2024,18:45,Mobile,Samsung Internet,Returning,SEO,,West,/,2,Product Comparison,application educate,/plans/compare,Bounced/Browsed,5,176,5.3,0,No,Basic,,No,,0.0
AV02586,729B5C5D48AA7E16,,,Anonymous Prospect,10/24/2024,20:45,Tablet,Safari,New,Direct,,North,/,1,Home Page,application educate,/,Bounced/Browsed,1,122,2.1,0,No,Plus,,No,,0.0
AV02587,B26680E44A31C263,,,Anonymous Prospect,10/24/2024,21:29,Mobile,Edge,New,Paid Social,SOC_PLANS_Q424,East,/,1,Home Page,application educate,/,Bounced/Browsed,1,102,1.1,0,No,Basic,,No,,0.0
AV02588,BEC89210E8ABE590,,,Anonymous Prospect,10/25/2024,06:57,Tablet,Chrome,New,SEM,SEM_PLANS_Q424,North,/,1,Home Page,application educate,/,Bounced/Browsed,4,113,2.7,0,No,Plus,,No,,0.0
AV02589,FAD0AFDDA074DBF6,,,Anonymous Prospect,10/25/2024,08:12,Mobile,Safari,Returning,SEM,SEM_RENEW_Q424,South,/plans/compare,1,Home Page,application educate,/,Bounced/Browsed,1,143,1.8,0,No,Elite,,No,,0.0
AV02590,D2CE34D9640F492C,,,Anonymous Prospect,10/25/2024,11:08,Mobile,Safari,New,Email,EM_SWITCH_Q424,South,/,2,Product Comparison,application educate,/plans/compare,Bounced/Browsed,3,218,4.8,0,No,Basic,,No,,0.0
AV02591,89DE60A0DEC50ED9,,,Anonymous Prospect,10/25/2024,11:47,Desktop,Chrome,New,SEM,SEM_ELITE_Q424,West,/plans/compare,2,Product Comparison,application educate,/plans/compare,Bounced/Browsed,4,126,2.7,0,No,Elite,,No,,0.0
AV02592,CAB263CD9A20E6C3,,,Anonymous Prospect,10/25/2024,12:28,Mobile,Safari,New,Paid Social,SOC_RENEW_Q424,East,/,1,Home Page,application educate,/,Bounced/Browsed,1,107,3.9,0,No,Basic,,No,,0.0
AV02593,81C48A7DBE65293E,,,Anonymous Prospect,10/25/2024,13:18,Desktop,Edge,Returning,SEO,,East,/,1,Home Page,application educate,/,Bounced/Browsed,1,88,2.9,0,No,Basic,,No,,0.0
AV02594,D50960EFF3852D22,,,Anonymous Prospect,10/25/2024,15:18,Mobile,Samsung Internet,New,SEM,SEM_PLANS_Q424,West,/,1,Home Page,application educate,/,Bounced/Browsed,1,109,1.9,0,Yes,Plus,,No,,0.0
AV02595,9F16FCC207F09D94,,,Anonymous Prospect,10/25/2024,15:20,Mobile,Edge,New,Direct,,East,/,1,Home Page,application educate,/,Bounced/Browsed,4,140,4.9,0,No,Basic,,No,,0.0
AV02596,DBAF25724CD00A14,,,Anonymous Prospect,10/25/2024,15:43,Mobile,Chrome,New,Direct Mail,DM_RENEW_Q424,East,/offer,1,Home Page,application educate,/,Bounced/Browsed,2,100,4.6,0,No,Basic,,No,,0.0
AV02597,075C630CA9451C59,,,Anonymous Prospect,10/25/2024,19:45,Desktop,Chrome,Returning,SEO,,East,/,1,Home Page,application educate,/,Bounced/Browsed,4,108,2.4,0,No,Plus,,No,,0.0
AV02598,24FD200F016F5FC0,,,Anonymous Prospect,10/25/2024,20:41,Tablet,Safari,New,SEO,,North,/,2,Product Comparison,application educate,/plans/compare,Bounced/Browsed,5,179,0.8,0,No,Plus,,No,,0.0
AV02599,8AD0E50979ACE2AA,,,Anonymous Prospect,10/25/2024,21:26,Mobile,Safari,New,Direct,,East,/,2,Product Comparison,application educate,/plans/compare,Bounced/Browsed,3,203,1.3,0,No,Plus,,No,,0.0
AV02600,DBF36CFE53F649C6,,,Anonymous Prospect,10/25/2024,21:32,Desktop,Edge,New,SEM,SEM_RENEW_Q424,East,/,1,Home Page,application educate,/,Bounced/Browsed,2,107,2.0,0,No,Premium,,No,,0.0
AV02601,DBD64B0B56F8DFD0,,,Anonymous Prospect,10/25/2024,22:04,Tablet,Chrome,New,SEO,,North,/,2,Product Comparison,application educate,/plans/compare,Bounced/Browsed,4,252,1.5,0,No,Plus,,No,,0.0
AV02602,7DA3FBBECC660076,,L0487,New Lead,10/25/2024,22:05,Mobile,Chrome,New,SEO,,East,/,5,Identity Verification,application start,/apply/verify,Yes,8,431,4.4,2,No,Basic,,No,,0.0
AV02603,7309E70986A26FC0,,L0488,New Lead,10/26/2024,09:50,Mobile,Chrome,New,Email,EM_BRAND_Q424,East,/,6,Plan Customization & Quote,application submit,/apply/quote,Yes,11,317,3.8,1,No,Premium,6623.65,No,,0.0
AV02604,98E52C86CDFA2A4A,,,Anonymous Prospect,10/26/2024,10:19,Desktop,Safari,New,Direct,,West,/,2,Product Comparison,application educate,/plans/compare,Bounced/Browsed,5,241,2.6,0,No,Premium,,No,,0.0
AV02605,24F91577C449BB79,,,Anonymous Prospect,10/26/2024,10:55,Mobile,Chrome,New,Direct,,East,/,1,Home Page,application educate,/,Bounced/Browsed,4,150,3.1,0,No,Elite,,No,,0.0
AV02606,E0324A3DC8D9085D,,L0489,New Lead,10/26/2024,12:59,Mobile,Chrome,Returning,Email,EM_PLUS_Q424,South,/,8,Payment & Confirmation,application complete,,No,18,714,2.2,0,No,Plus,2600.43,Yes,ORD00167,2600.43
AV02607,FEE5C07CADF95507,,L0490,New Lead,10/26/2024,13:17,Mobile,Chrome,Returning,SEO,,West,/,8,Payment & Confirmation,application complete,,No,15,706,2.2,0,No,Premium,6009.6,Yes,ORD00168,6009.6
AV02608,255578D33AC13B89,C016,,Existing Customer,10/26/2024,13:52,Mobile,Edge,New,Direct Mail,DM_BASIC_Q424,East,/offer,8,Payment & Confirmation,application complete,,No,14,837,5.5,1,No,Basic,1825.63,Yes,ORD00169,1825.63
AV02609,40F4EB58A73FA6E2,,,Anonymous Prospect,10/26/2024,16:17,Mobile,Safari,Returning,SEM,SEM_BASIC_Q424,East,/,3,Application Start,application start,/apply/start,Yes,7,272,2.8,0,No,Basic,,No,,0.0
AV02610,ADA45349027518DE,,,Anonymous Prospect,10/26/2024,16:29,Mobile,Chrome,New,Direct,,North,/,2,Product Comparison,application educate,/plans/compare,Bounced/Browsed,4,205,1.5,0,No,Basic,,No,,0.0
AV02611,3A196AE937A01F8F,,L0491,New Lead,10/26/2024,21:23,Mobile,Chrome,New,SEO,,North,/plans/compare,8,Payment & Confirmation,application complete,,No,14,614,1.1,1,No,Premium,6508.69,Yes,ORD00170,6508.69
AV02612,E7074886186B0307,,L0492,New Lead,10/26/2024,21:58,Mobile,Chrome,New,SEM,SEM_BASIC_Q424,North,/,7,Review & e-Sign,application submit,/apply/review,Yes,10,613,3.4,0,No,Basic,1234.24,No,,0.0
AV02613,9214553F113D2DD1,,,Anonymous Prospect,10/27/2024,06:48,Mobile,Chrome,Returning,Paid Social,SOC_SWITCH_Q424,North,/,1,Home Page,application educate,/,Bounced/Browsed,3,131,4.1,0,No,Plus,,No,,0.0
AV02614,61BB4449F8C972E8,,,Anonymous Prospect,10/27/2024,07:18,Mobile,Safari,Returning,SEO,,South,/plans/compare,1,Home Page,application educate,/,Bounced/Browsed,1,96,2.4,0,No,Premium,,No,,0.0
AV02615,D944220C9322141A,,,Anonymous Prospect,10/27/2024,09:32,Desktop,Safari,Returning,SEO,,East,/plans/compare,2,Product Comparison,application educate,/plans/compare,Bounced/Browsed,4,151,2.3,0,Yes,Plus,,No,,0.0
AV02616,B89AB99B26EB97C5,C100,,Existing Customer,10/27/2024,09:37,Tablet,Chrome,Returning,SEO,,South,/plans/compare,1,Home Page,application educate,/,Bounced/Browsed,2,76,2.9,0,No,Premium,,No,,0.0
AV02617,55F06FD47EC89474,,,Anonymous Prospect,10/27/2024,09:51,Mobile,Safari,New,Paid Social,SOC_ELITE_Q424,North,/,3,Application Start,application start,/apply/start,Yes,5,354,2.2,0,No,Elite,,No,,0.0
AV02618,860C8BDC098598AE,,,Anonymous Prospect,10/27/2024,10:31,Mobile,Chrome,Returning,SEO,,North,/plans/compare,1,Home Page,application educate,/,Bounced/Browsed,2,147,2.0,0,No,Elite,,No,,0.0
AV02619,AD939D43063463AB,,,Anonymous Prospect,10/27/2024,11:21,Mobile,Safari,New,Direct,,East,/,2,Product Comparison,application educate,/plans/compare,Bounced/Browsed,4,187,4.8,0,No,Basic,,No,,0.0
AV02620,7E2DC7E9E715426B,,,Anonymous Prospect,10/27/2024,13:12,Mobile,Safari,New,SEM,SEM_RENEW_Q424,South,/plans/compare,3,Application Start,application start,/apply/start,Yes,8,357,4.9,0,No,Plus,,No,,0.0
AV02621,4EE73296374E3953,,L0493,New Lead,10/27/2024,13:25,Desktop,Chrome,Returning,SEO,,West,/plans/compare,8,Payment & Confirmation,application complete,,No,18,765,3.1,2,No,Basic,1864.63,Yes,ORD00171,1864.63
AV02622,D783EC06A4C7899D,,,Anonymous Prospect,10/27/2024,14:09,Mobile,Chrome,Returning,SEM,SEM_PLANS_Q424,East,/,2,Product Comparison,application educate,/plans/compare,Bounced/Browsed,3,201,1.5,0,No,Basic,,No,,0.0
AV02623,8985FEBAF5B442BA,,,Anonymous Prospect,10/27/2024,19:31,Tablet,Edge,New,Paid Social,SOC_PLANS_Q424,North,/,1,Home Page,application educate,/,Bounced/Browsed,2,103,2.4,0,No,Plus,,No,,0.0
AV02624,BEFACFA818DAC145,,,Anonymous Prospect,10/27/2024,19:34,Tablet,Safari,New,Direct,,West,/,1,Home Page,application educate,/,Bounced/Browsed,1,92,2.2,0,No,Plus,,No,,0.0
AV02625,08AB7D2B321DFAEC,,,Anonymous Prospect,10/27/2024,20:56,Desktop,Safari,Returning,Direct Mail,DM_PLANS_Q424,South,/offer,1,Home Page,application educate,/,Bounced/Browsed,3,160,2.4,0,No,Premium,,No,,0.0
AV02626,0FACA715E0C7FAAB,,,Anonymous Prospect,10/27/2024,22:02,Desktop,Chrome,New,Display,DSP_PLANS_Q424,East,/,2,Product Comparison,application educate,/plans/compare,Bounced/Browsed,4,224,2.1,0,No,Basic,,No,,0.0
AV02627,0A4B06E2F29865C9,,L0494,New Lead,10/27/2024,22:34,Desktop,Chrome,New,Direct Mail,DM_SWITCH_Q424,South,/offer,8,Payment & Confirmation,application complete,,No,14,436,1.6,1,No,Premium,4692.43,Yes,ORD00172,4692.43
AV02628,CCD7DEC597AE6AD1,,,Anonymous Prospect,10/28/2024,07:01,Mobile,Edge,New,Direct Mail,DM_BRAND_Q424,East,/offer,2,Product Comparison,application educate,/plans/compare,Bounced/Browsed,5,178,4.5,0,No,Elite,,No,,0.0
AV02629,0D0BADFC14EBE305,,,Anonymous Prospect,10/28/2024,12:08,Mobile,Chrome,New,SEO,,East,/plans/compare,1,Home Page,application educate,/,Bounced/Browsed,1,59,3.7,0,No,Elite,,No,,0.0
AV02630,0BE784A8CCDAB07D,,,Anonymous Prospect,10/28/2024,13:14,Mobile,Chrome,New,SEO,,North,/plans/compare,1,Home Page,application educate,/,Bounced/Browsed,2,127,4.9,0,No,Elite,,No,,0.0
AV02631,FB3A45F164A202CD,,,Anonymous Prospect,10/28/2024,14:55,Mobile,Chrome,New,Display,DSP_BRAND_Q424,North,/,1,Home Page,application educate,/,Bounced/Browsed,2,134,4.1,0,No,Premium,,No,,0.0
AV02632,3F99FAD79BC6D763,,,Anonymous Prospect,10/28/2024,15:13,Tablet,Safari,New,Affiliate,AFF_BASIC_Q424,North,/,1,Home Page,application educate,/,Bounced/Browsed,3,95,2.7,0,No,Basic,,No,,0.0
AV02633,B15DD49E2E843EC5,,,Anonymous Prospect,10/28/2024,15:57,Mobile,Chrome,New,Paid Social,SOC_RENEW_Q424,North,/plans/compare,1,Home Page,application educate,/,Bounced/Browsed,3,119,2.0,0,No,Basic,,No,,0.0
AV02634,79F29BFF72E259AE,,,Anonymous Prospect,10/28/2024,16:57,Mobile,Chrome,Returning,Display,DSP_PLUS_Q424,North,/,1,Home Page,application educate,/,Bounced/Browsed,3,118,2.4,0,No,Plus,,No,,0.0
AV02635,FE46FFC76A4CC29F,,,Anonymous Prospect,10/28/2024,16:59,Mobile,Safari,Returning,SEM,SEM_BRAND_Q424,East,/plans/compare,1,Home Page,application educate,/,Bounced/Browsed,3,96,4.2,0,No,Premium,,No,,0.0
AV02636,B65F177124C76F43,,,Anonymous Prospect,10/28/2024,17:01,Desktop,Chrome,New,SEO,,East,/,1,Home Page,application educate,/,Bounced/Browsed,3,101,2.4,0,No,Premium,,No,,0.0
AV02637,95732C40B9118E70,,,Anonymous Prospect,10/28/2024,17:35,Desktop,Chrome,Returning,Direct Mail,DM_SWITCH_Q424,North,/offer,2,Product Comparison,application educate,/plans/compare,Bounced/Browsed,4,130,1.3,0,No,Premium,,No,,0.0
AV02638,7A73A1F08134F608,,L0495,New Lead,10/28/2024,18:15,Mobile,Chrome,New,Direct,,East,/,5,Identity Verification,application start,/apply/verify,Yes,7,379,2.0,4,No,Premium,,No,,0.0
AV02639,EEDD8501DBAEF92B,,L0496,New Lead,10/28/2024,19:26,Desktop,Chrome,Returning,SEM,SEM_BRAND_Q424,North,/,4,Personal Details,application start,/apply/details,Yes,10,459,3.1,3,No,Basic,,No,,0.0
AV02640,20034EBCADEAC6AC,,,Anonymous Prospect,10/29/2024,06:31,Desktop,Chrome,New,Direct Mail,DM_SWITCH_Q424,West,/offer,1,Home Page,application educate,/,Bounced/Browsed,2,134,2.9,0,No,Basic,,No,,0.0
AV02641,5261F27B986D64DE,,,Anonymous Prospect,10/29/2024,07:40,Mobile,Chrome,New,SEO,,West,/,1,Home Page,application educate,/,Bounced/Browsed,1,95,1.9,0,No,Plus,,No,,0.0
AV02642,A456E3751FEE655C,,,Anonymous Prospect,10/29/2024,07:45,Mobile,Firefox,New,Direct,,East,/,1,Home Page,application educate,/,Bounced/Browsed,1,155,1.1,0,No,Basic,,No,,0.0
AV02643,CBF564B9CFEF5615,,L0497,New Lead,10/29/2024,08:20,Desktop,Edge,New,Email,EM_PREMIUM_Q424,East,/,8,Payment & Confirmation,application complete,,No,13,813,2.3,1,No,Premium,5208.69,Yes,ORD00173,5208.69
AV02644,7E8B596A05DB04A5,,,Anonymous Prospect,10/29/2024,08:25,Desktop,Safari,Returning,Direct,,North,/,2,Product Comparison,application educate,/plans/compare,Bounced/Browsed,4,236,2.7,0,Yes,Elite,,No,,0.0
AV02645,9640B285A5DD3BBE,,,Anonymous Prospect,10/29/2024,09:56,Desktop,Chrome,Returning,Paid Social,SOC_PLANS_Q424,West,/,1,Home Page,application educate,/,Bounced/Browsed,3,111,3.6,0,No,Plus,,No,,0.0
AV02646,013AC83A1C1B735A,,,Anonymous Prospect,10/29/2024,10:39,Mobile,Edge,New,Direct,,West,/,2,Product Comparison,application educate,/plans/compare,Bounced/Browsed,3,167,5.4,0,No,Premium,,No,,0.0
AV02647,1E173A386C74F39F,,,Anonymous Prospect,10/29/2024,11:34,Mobile,Safari,Returning,Affiliate,AFF_RENEW_Q424,South,/,1,Home Page,application educate,/,Bounced/Browsed,2,106,4.9,0,No,Basic,,No,,0.0
AV02648,BD25AB2F054E9881,,,Anonymous Prospect,10/29/2024,12:40,Mobile,Safari,New,Display,DSP_RENEW_Q424,West,/,2,Product Comparison,application educate,/plans/compare,Bounced/Browsed,6,176,2.2,0,No,Plus,,No,,0.0
AV02649,FFB609FEBE9E750D,C089,,Existing Customer,10/29/2024,12:40,Mobile,Chrome,Returning,SEO,,North,/,2,Product Comparison,application educate,/plans/compare,Bounced/Browsed,5,170,1.0,0,No,Premium,,No,,0.0
AV02650,8CE86F4E347514F1,,,Anonymous Prospect,10/29/2024,12:47,Mobile,Chrome,New,Direct,,West,/,1,Home Page,application educate,/,Bounced/Browsed,2,95,1.3,0,No,Premium,,No,,0.0
AV02651,76B235314A350F37,,,Anonymous Prospect,10/29/2024,13:52,Desktop,Safari,New,Display,DSP_RENEW_Q424,West,/,2,Product Comparison,application educate,/plans/compare,Bounced/Browsed,4,179,3.0,0,No,Basic,,No,,0.0
AV02652,B37132E2D9DA2309,,,Anonymous Prospect,10/29/2024,14:22,Mobile,Edge,New,Email,EM_RENEW_Q424,East,/,1,Home Page,application educate,/,Bounced/Browsed,3,92,4.7,0,No,Basic,,No,,0.0
AV02653,9A9FB073B0AA94EC,,,Anonymous Prospect,10/29/2024,15:36,Tablet,Safari,Returning,Direct,,East,/,2,Product Comparison,application educate,/plans/compare,Bounced/Browsed,6,160,3.2,0,No,Basic,,No,,0.0
AV02654,588F3ACDE956AEFB,,L0498,New Lead,10/29/2024,16:41,Desktop,Samsung Internet,Returning,Direct Mail,DM_PLANS_Q424,South,/offer,5,Identity Verification,application start,/apply/verify,Yes,10,397,2.2,1,No,Plus,,No,,0.0
AV02655,93CCBEB51414DC7B,,,Anonymous Prospect,10/29/2024,19:00,Mobile,Chrome,New,Direct,,West,/,2,Product Comparison,application educate,/plans/compare,Bounced/Browsed,4,154,2.5,0,No,Plus,,No,,0.0
AV02656,B11C9ED307F83482,,,Anonymous Prospect,10/29/2024,19:47,Mobile,Chrome,New,Email,EM_SWITCH_Q424,South,/,2,Product Comparison,application educate,/plans/compare,Bounced/Browsed,4,181,1.4,0,No,Premium,,No,,0.0
AV02657,5F3D6037B760B420,,,Anonymous Prospect,10/29/2024,22:53,Mobile,Chrome,New,Direct,,South,/,1,Home Page,application educate,/,Bounced/Browsed,1,91,1.2,0,No,Plus,,No,,0.0
AV02658,FAE9144CB864D580,,,Anonymous Prospect,10/30/2024,06:01,Mobile,Chrome,Returning,Paid Social,SOC_PLANS_Q424,West,/,1,Home Page,application educate,/,Bounced/Browsed,2,105,2.0,0,No,Basic,,No,,0.0
AV02659,6C983D68B9AFD065,,,Anonymous Prospect,10/30/2024,06:29,Desktop,Safari,New,SEO,,South,/plans/compare,1,Home Page,application educate,/,Bounced/Browsed,2,117,2.2,0,No,Premium,,No,,0.0
AV02660,69A9A082668155CB,,,Anonymous Prospect,10/30/2024,07:39,Desktop,Safari,New,Direct Mail,DM_RENEW_Q424,North,/offer,2,Product Comparison,application educate,/plans/compare,Bounced/Browsed,6,190,2.1,0,No,Plus,,No,,0.0
AV02661,6ABE193764F40F2D,,L0499,New Lead,10/30/2024,08:08,Mobile,Safari,Returning,SEO,,East,/,5,Identity Verification,application start,/apply/verify,Yes,9,257,3.1,6,No,Elite,,No,,0.0
AV02662,2D7716957B012EA4,,,Anonymous Prospect,10/30/2024,09:32,Desktop,Edge,New,SEO,,North,/,1,Home Page,application educate,/,Bounced/Browsed,3,57,1.8,0,No,Basic,,No,,0.0
AV02663,FC9F87BF810F1D96,,,Anonymous Prospect,10/30/2024,09:37,Mobile,Chrome,New,Display,DSP_PLUS_Q424,North,/plans/compare,1,Home Page,application educate,/,Bounced/Browsed,3,144,4.2,0,No,Plus,,No,,0.0
AV02664,96BC0DF72AF99E61,,,Anonymous Prospect,10/30/2024,15:02,Desktop,Chrome,New,SEM,SEM_PLANS_Q424,East,/,1,Home Page,application educate,/,Bounced/Browsed,2,86,1.3,0,No,Basic,,No,,0.0
AV02665,4AE95A85FE6457CB,,,Anonymous Prospect,10/30/2024,16:29,Desktop,Chrome,New,SEO,,North,/,3,Application Start,application start,/apply/start,Yes,6,191,1.3,0,No,Premium,,No,,0.0
AV02666,3B4E5A345140E028,,,Anonymous Prospect,10/30/2024,18:05,Tablet,Firefox,New,Direct,,South,/,2,Product Comparison,application educate,/plans/compare,Bounced/Browsed,5,130,1.9,0,No,Elite,,No,,0.0
AV02667,19C0083A15FF2100,C082,,Existing Customer,10/30/2024,19:10,Desktop,Chrome,Returning,Email,EM_BRAND_Q424,North,/plans/compare,8,Payment & Confirmation,application complete,,No,21,715,2.8,0,No,Premium,4780.88,Yes,ORD00174,4780.88
AV02668,A4F0557CB079EF80,,,Anonymous Prospect,10/30/2024,19:54,Desktop,Safari,Returning,Paid Social,SOC_RENEW_Q424,South,/plans/compare,3,Application Start,application start,/apply/start,Yes,5,235,1.5,0,No,Premium,,No,,0.0
AV02669,73F4D223343468F3,,,Anonymous Prospect,10/31/2024,06:36,Mobile,Firefox,New,SEM,SEM_PLANS_Q424,West,/,1,Home Page,application educate,/,Bounced/Browsed,3,76,1.6,0,No,Plus,,No,,0.0
AV02670,A25F655563D4C393,,,Anonymous Prospect,10/31/2024,09:29,Desktop,Safari,New,SEO,,North,/plans/compare,2,Product Comparison,application educate,/plans/compare,Bounced/Browsed,4,181,1.7,0,No,Plus,,No,,0.0
AV02671,28DE258B468CC1DD,,,Anonymous Prospect,10/31/2024,10:50,Desktop,Safari,New,SEM,SEM_RENEW_Q424,West,/,1,Home Page,application educate,/,Bounced/Browsed,1,117,1.1,0,No,Basic,,No,,0.0
AV02672,C82D36698DCDF753,,,Anonymous Prospect,10/31/2024,12:30,Mobile,Edge,New,Direct,,South,/,1,Home Page,application educate,/,Bounced/Browsed,4,86,3.8,0,No,Plus,,No,,0.0
AV02673,837CB56D68585F43,,,Anonymous Prospect,10/31/2024,15:01,Desktop,Safari,New,Direct,,South,/,2,Product Comparison,application educate,/plans/compare,Bounced/Browsed,4,212,3.1,0,No,Plus,,No,,0.0
AV02674,92FD2D4D36516FCC,,,Anonymous Prospect,10/31/2024,16:32,Mobile,Samsung Internet,New,Email,EM_BRAND_Q424,North,/,2,Product Comparison,application educate,/plans/compare,Bounced/Browsed,6,198,2.0,0,No,Basic,,No,,0.0
AV02675,0389F336653C4DD2,,,Anonymous Prospect,10/31/2024,16:45,Mobile,Edge,Returning,SEM,SEM_PLANS_Q424,North,/,1,Home Page,application educate,/,Bounced/Browsed,3,113,3.0,0,Yes,Basic,,No,,0.0
AV02676,7624495C8EBEFE83,,,Anonymous Prospect,10/31/2024,17:01,Mobile,Chrome,New,SEO,,East,/,2,Product Comparison,application educate,/plans/compare,Bounced/Browsed,5,190,3.6,0,No,Basic,,No,,0.0
AV02677,480830D062F5EE11,,,Anonymous Prospect,10/31/2024,17:31,Mobile,Edge,New,SEO,,East,/,1,Home Page,application educate,/,Bounced/Browsed,2,88,5.9,0,No,Basic,,No,,0.0
AV02678,DA798BC70273E93C,,,Anonymous Prospect,10/31/2024,18:09,Desktop,Safari,New,SEO,,North,/plans/compare,1,Home Page,application educate,/,Bounced/Browsed,3,74,2.1,0,No,Plus,,No,,0.0
AV02679,0368ACDBD2282D1E,,,Anonymous Prospect,10/31/2024,20:21,Tablet,Safari,New,Affiliate,AFF_PLANS_Q424,South,/plans/compare,1,Home Page,application educate,/,Bounced/Browsed,3,111,3.0,0,No,Premium,,No,,0.0
AV02680,B9BFD0D1E6E5CA48,,,Anonymous Prospect,10/31/2024,20:51,Desktop,Chrome,Returning,Paid Social,SOC_BRAND_Q424,West,/plans/compare,1,Home Page,application educate,/,Bounced/Browsed,3,110,2.4,0,No,Plus,,No,,0.0
AV02681,24BAC2F0083D36F3,,,Anonymous Prospect,10/31/2024,20:59,Mobile,Chrome,New,Affiliate,AFF_BASIC_Q424,East,/,1,Home Page,application educate,/,Bounced/Browsed,1,140,5.9,0,No,Basic,,No,,0.0
AV02682,8943033FD608F595,,,Anonymous Prospect,10/31/2024,21:25,Desktop,Safari,New,SEO,,South,/,1,Home Page,application educate,/,Bounced/Browsed,3,122,2.5,0,No,Plus,,No,,0.0
AV02683,FECC1A7E8BA979E4,,,Anonymous Prospect,10/31/2024,22:11,Mobile,Chrome,New,Email,EM_SWITCH_Q424,East,/,2,Product Comparison,application educate,/plans/compare,Bounced/Browsed,5,166,2.9,0,No,Premium,,No,,0.0
AV02684,1932DFE3070F372E,,,Anonymous Prospect,10/31/2024,22:16,Mobile,Safari,New,SEM,SEM_RENEW_Q424,South,/plans/compare,2,Product Comparison,application educate,/plans/compare,Bounced/Browsed,4,197,0.6,0,No,Plus,,No,,0.0
AV02685,136C2A9C3167038F,,,Anonymous Prospect,10/31/2024,22:50,Mobile,Chrome,Returning,Paid Social,SOC_PLUS_Q424,South,/,1,Home Page,application educate,/,Bounced/Browsed,3,136,3.2,0,No,Plus,,No,,0.0
AV02686,AC197C39D9F676A8,,,Anonymous Prospect,11/1/2024,06:25,Mobile,Safari,Returning,Email,EM_PLUS_Q424,West,/,1,Home Page,application educate,/,Bounced/Browsed,1,126,2.3,0,No,Plus,,No,,0.0
AV02687,A9FAE1E2E50C8F0E,,,Anonymous Prospect,11/1/2024,07:34,Desktop,Chrome,Returning,SEM,SEM_ELITE_Q424,North,/,1,Home Page,application educate,/,Bounced/Browsed,4,80,1.8,0,No,Elite,,No,,0.0
AV02688,67A9871110F9E288,,,Anonymous Prospect,11/1/2024,09:20,Desktop,Edge,Returning,SEO,,West,/,2,Product Comparison,application educate,/plans/compare,Bounced/Browsed,4,142,2.9,0,No,Premium,,No,,0.0
AV02689,862BEA07A1D6A0E6,,,Anonymous Prospect,11/1/2024,09:59,Desktop,Edge,New,Paid Social,SOC_ELITE_Q424,West,/,1,Home Page,application educate,/,Bounced/Browsed,2,116,3.5,0,No,Elite,,No,,0.0
AV02690,801DAD90E712BB0F,,L0500,New Lead,11/1/2024,10:32,Mobile,Edge,New,SEM,SEM_BASIC_Q424,South,/,8,Payment & Confirmation,application complete,,No,16,529,3.0,0,No,Basic,1882.9,Yes,ORD00175,1882.9
AV02691,5C48DDD3B771742B,,,Anonymous Prospect,11/1/2024,11:43,Desktop,Chrome,New,Paid Social,SOC_SWITCH_Q424,East,/,1,Home Page,application educate,/,Bounced/Browsed,3,96,2.4,0,No,Plus,,No,,0.0
AV02692,670869402D6D9EF4,,,Anonymous Prospect,11/1/2024,12:32,Mobile,Safari,Returning,Direct Mail,DM_PREMIUM_Q424,North,/offer,2,Product Comparison,application educate,/plans/compare,Bounced/Browsed,5,175,2.5,0,No,Premium,,No,,0.0
AV02693,5A1DC97336768F6D,,,Anonymous Prospect,11/1/2024,12:45,Desktop,Edge,New,SEO,,South,/,2,Product Comparison,application educate,/plans/compare,Bounced/Browsed,4,240,2.3,0,No,Plus,,No,,0.0
AV02694,83D43ADD2206E221,,,Anonymous Prospect,11/1/2024,13:02,Mobile,Chrome,Returning,Direct,,North,/,1,Home Page,application educate,/,Bounced/Browsed,3,104,4.9,0,No,Premium,,No,,0.0
AV02695,1962D3A7A3F8100F,,,Anonymous Prospect,11/1/2024,15:11,Mobile,Chrome,New,Display,DSP_PLANS_Q424,South,/plans/compare,1,Home Page,application educate,/,Bounced/Browsed,2,90,3.1,0,No,Premium,,No,,0.0
AV02696,50A95C6B5064D9ED,,,Anonymous Prospect,11/1/2024,15:17,Desktop,Safari,New,Affiliate,AFF_PREMIUM_Q424,South,/plans/compare,1,Home Page,application educate,/,Bounced/Browsed,3,144,1.0,0,No,Premium,,No,,0.0
AV02697,2A03DA78DB1B6CB8,,,Anonymous Prospect,11/1/2024,16:49,Desktop,Edge,Returning,Paid Social,SOC_ELITE_Q424,West,/,1,Home Page,application educate,/,Bounced/Browsed,4,103,2.1,0,No,Elite,,No,,0.0
AV02698,DA336F0BD1F76BDE,,,Anonymous Prospect,11/1/2024,16:51,Desktop,Safari,New,Display,DSP_RENEW_Q424,South,/plans/compare,1,Home Page,application educate,/,Bounced/Browsed,3,91,2.8,0,No,Basic,,No,,0.0
AV02699,2891D2E7E2698492,,,Anonymous Prospect,11/1/2024,17:19,Desktop,Chrome,New,Affiliate,AFF_RENEW_Q424,North,/,1,Home Page,application educate,/,Bounced/Browsed,2,84,1.7,0,No,Basic,,No,,0.0
AV02700,FF7091C80E1ECD07,,L0501,New Lead,11/1/2024,17:50,Desktop,Samsung Internet,New,SEM,SEM_PLANS_Q424,East,/plans/compare,8,Payment & Confirmation,application complete,,No,17,471,1.8,2,No,Plus,2535.95,Yes,ORD00176,2535.95
AV02701,3DD645C48303DFB9,,,Anonymous Prospect,11/1/2024,19:14,Desktop,Chrome,Returning,SEM,SEM_RENEW_Q424,East,/,2,Product Comparison,application educate,/plans/compare,Bounced/Browsed,5,131,2.6,0,No,Premium,,No,,0.0
AV02702,F21C9ED163EA423E,,L0502,New Lead,11/1/2024,19:18,Mobile,Safari,New,Email,EM_BASIC_Q424,South,/plans/compare,4,Personal Details,application start,/apply/details,Yes,9,300,3.9,0,No,Basic,,No,,0.0
AV02703,10B001E887A89E6A,,,Anonymous Prospect,11/1/2024,19:57,Tablet,Chrome,New,Affiliate,AFF_SWITCH_Q424,West,/plans/compare,2,Product Comparison,application educate,/plans/compare,Bounced/Browsed,4,161,2.1,0,No,Premium,,No,,0.0
AV02704,169E2A93092A6D49,,,Anonymous Prospect,11/1/2024,20:05,Desktop,Firefox,New,Paid Social,SOC_SWITCH_Q424,North,/,1,Home Page,application educate,/,Bounced/Browsed,3,126,3.6,0,No,Premium,,No,,0.0
AV02705,8D75E0F77928EF92,,,Anonymous Prospect,11/1/2024,20:12,Mobile,Edge,New,SEO,,North,/,2,Product Comparison,application educate,/plans/compare,Bounced/Browsed,3,148,3.5,0,No,Basic,,No,,0.0
AV02706,937D9F490FF09887,,L0503,New Lead,11/2/2024,07:02,Desktop,Chrome,New,SEO,,East,/,4,Personal Details,application start,/apply/details,Yes,11,488,1.5,6,No,Basic,,No,,0.0
AV02707,CA7B8EE635776EDC,,,Anonymous Prospect,11/2/2024,11:07,Mobile,Chrome,New,SEM,SEM_BRAND_Q424,South,/,1,Home Page,application educate,/,Bounced/Browsed,4,109,5.8,0,No,Premium,,No,,0.0
AV02708,6A7D14F62F90E68F,,,Anonymous Prospect,11/2/2024,13:13,Desktop,Edge,Returning,SEM,SEM_RENEW_Q424,West,/,1,Home Page,application educate,/,Bounced/Browsed,1,125,1.8,0,No,Plus,,No,,0.0
AV02709,6294014EB4E05CF4,,,Anonymous Prospect,11/2/2024,15:23,Mobile,Safari,Returning,Direct,,East,/,1,Home Page,application educate,/,Bounced/Browsed,3,132,2.1,0,No,Plus,,No,,0.0
AV02710,30EE3C5ACF490E7D,,,Anonymous Prospect,11/2/2024,16:39,Mobile,Chrome,New,Direct Mail,DM_SWITCH_Q424,South,/offer,2,Product Comparison,application educate,/plans/compare,Bounced/Browsed,5,174,4.8,0,No,Plus,,No,,0.0
AV02711,43F978077AE81661,,L0504,New Lead,11/2/2024,16:48,Tablet,Chrome,New,Paid Social,SOC_RENEW_Q424,East,/plans/compare,6,Plan Customization & Quote,application submit,/apply/quote,Yes,9,466,1.9,1,No,Basic,1205.1,No,,0.0
AV02712,09B0B9BD094E28D8,,L0505,New Lead,11/2/2024,17:24,Mobile,Safari,New,Display,DSP_PLANS_Q424,West,/,8,Payment & Confirmation,application complete,,No,14,742,2.7,1,Yes,Plus,2403.57,Yes,ORD00177,2403.57
AV02713,9FF6A7F38A3E0A78,,L0506,New Lead,11/2/2024,19:10,Desktop,Chrome,New,Email,EM_BRAND_Q424,East,/,7,Review & e-Sign,application submit,/apply/review,Yes,18,520,2.2,0,No,Basic,1202.92,No,,0.0
AV02714,1DB5FBBBC8F49D72,,,Anonymous Prospect,11/2/2024,19:43,Desktop,Safari,New,Email,EM_SWITCH_Q424,North,/,2,Product Comparison,application educate,/plans/compare,Bounced/Browsed,4,145,1.3,0,No,Basic,,No,,0.0
AV02715,35528DBC990FC75A,,,Anonymous Prospect,11/2/2024,20:01,Desktop,Safari,New,SEM,SEM_ELITE_Q424,North,/plans/compare,3,Application Start,application start,/apply/start,Yes,4,161,2.2,0,No,Elite,,No,,0.0
AV02716,02A2AE4DE20811A9,,,Anonymous Prospect,11/2/2024,22:29,Mobile,Edge,Returning,SEO,,East,/,1,Home Page,application educate,/,Bounced/Browsed,2,90,1.5,0,No,Elite,,No,,0.0
AV02717,CBE2CB5A025C3CCB,,,Anonymous Prospect,11/3/2024,08:59,Mobile,Safari,New,Display,DSP_SWITCH_Q424,East,/plans/compare,2,Product Comparison,application educate,/plans/compare,Bounced/Browsed,4,155,4.2,0,No,Plus,,No,,0.0
AV02718,B3BFA845780CCF5E,,,Anonymous Prospect,11/3/2024,10:07,Mobile,Chrome,New,Email,EM_BASIC_Q424,South,/,1,Home Page,application educate,/,Bounced/Browsed,2,137,4.5,0,No,Basic,,No,,0.0
AV02719,23527D3D812E3008,,,Anonymous Prospect,11/3/2024,10:54,Desktop,Chrome,New,Paid Social,SOC_SWITCH_Q424,South,/plans/compare,1,Home Page,application educate,/,Bounced/Browsed,4,82,2.8,0,No,Plus,,No,,0.0
AV02720,24727B767ECE3823,,,Anonymous Prospect,11/3/2024,13:20,Mobile,Safari,New,Display,DSP_BRAND_Q424,East,/,2,Product Comparison,application educate,/plans/compare,Bounced/Browsed,5,150,4.5,0,No,Basic,,No,,0.0
AV02721,AB76E667065201DC,,,Anonymous Prospect,11/3/2024,13:40,Desktop,Safari,Returning,Paid Social,SOC_BRAND_Q424,North,/,1,Home Page,application educate,/,Bounced/Browsed,4,108,1.6,0,No,Basic,,No,,0.0
AV02722,6817E5E20A0D8E2E,,,Anonymous Prospect,11/3/2024,13:52,Desktop,Safari,New,Direct Mail,DM_PLANS_Q424,North,/offer,1,Home Page,application educate,/,Bounced/Browsed,2,107,1.5,0,No,Plus,,No,,0.0
AV02723,8C6D5DDE384F360E,,,Anonymous Prospect,11/3/2024,14:33,Tablet,Edge,New,SEM,SEM_SWITCH_Q424,South,/,2,Product Comparison,application educate,/plans/compare,Bounced/Browsed,3,105,2.0,0,No,Basic,,No,,0.0
AV02724,A08405E0E66BA9F4,C084,,Existing Customer,11/3/2024,16:29,Desktop,Safari,New,SEO,,South,/,1,Home Page,application educate,/,Bounced/Browsed,2,124,1.5,0,No,Premium,,No,,0.0
AV02725,109DC419BC59247E,,,Anonymous Prospect,11/3/2024,17:05,Mobile,Chrome,New,Display,DSP_PLANS_Q424,North,/,1,Home Page,application educate,/,Bounced/Browsed,2,96,3.8,0,Yes,Premium,,No,,0.0
AV02726,10BF1724C717CE6E,,,Anonymous Prospect,11/3/2024,19:18,Desktop,Chrome,New,SEM,SEM_RENEW_Q424,South,/,2,Product Comparison,application educate,/plans/compare,Bounced/Browsed,6,177,2.0,0,No,Elite,,No,,0.0
AV02727,F5286CD6286C2C9C,,,Anonymous Prospect,11/3/2024,19:54,Tablet,Edge,New,Paid Social,SOC_SWITCH_Q424,West,/plans/compare,1,Home Page,application educate,/,Bounced/Browsed,2,76,2.0,0,No,Basic,,No,,0.0
AV02728,039AE33970A043D5,,L0507,New Lead,11/3/2024,20:03,Desktop,Samsung Internet,New,Direct,,East,/,8,Payment & Confirmation,application complete,,No,20,809,2.7,0,No,Premium,5271.27,Yes,ORD00178,5271.27
AV02729,38767FF82EC92B85,,L0508,New Lead,11/3/2024,21:19,Mobile,Chrome,New,SEM,SEM_PLANS_Q424,West,/,7,Review & e-Sign,application submit,/apply/review,Yes,17,489,2.5,3,No,Plus,3625.68,No,,0.0
AV02730,147C662083D585D5,C030,,Existing Customer,11/3/2024,21:45,Mobile,Safari,Returning,Paid Social,SOC_BASIC_Q424,South,/,2,Product Comparison,application educate,/plans/compare,Bounced/Browsed,5,206,2.0,0,No,Basic,,No,,0.0
AV02731,93D18FAAEDAC1D8C,,,Anonymous Prospect,11/3/2024,22:42,Desktop,Safari,New,Email,EM_RENEW_Q424,South,/,2,Product Comparison,application educate,/plans/compare,Bounced/Browsed,4,201,1.5,0,No,Basic,,No,,0.0
AV02732,B6D7AE6D107D28C8,,,Anonymous Prospect,11/4/2024,07:00,Desktop,Firefox,New,Paid Social,SOC_PLANS_Q424,West,/plans/compare,1,Home Page,application educate,/,Bounced/Browsed,3,90,1.5,0,No,Plus,,No,,0.0
AV02733,28154F31337E9030,,,Anonymous Prospect,11/4/2024,07:28,Mobile,Safari,New,SEO,,South,/,1,Home Page,application educate,/,Bounced/Browsed,2,114,4.1,0,No,Basic,,No,,0.0
AV02734,64B53EBCCE9B6DE3,,,Anonymous Prospect,11/4/2024,07:36,Mobile,Chrome,New,Display,DSP_RENEW_Q424,West,/plans/compare,1,Home Page,application educate,/,Bounced/Browsed,2,91,5.2,0,Yes,Plus,,No,,0.0
AV02735,606D9397FB5D07E4,,,Anonymous Prospect,11/4/2024,07:46,Mobile,Chrome,Returning,Paid Social,SOC_BRAND_Q424,East,/,1,Home Page,application educate,/,Bounced/Browsed,2,144,5.5,0,No,Elite,,No,,0.0
AV02736,852AC4D17160D1A4,,,Anonymous Prospect,11/4/2024,07:56,Mobile,Chrome,Returning,SEO,,South,/plans/compare,2,Product Comparison,application educate,/plans/compare,Bounced/Browsed,6,219,4.9,0,No,Basic,,No,,0.0
AV02737,0F0C30C2F2E90706,,,Anonymous Prospect,11/4/2024,08:39,Desktop,Safari,New,Affiliate,AFF_RENEW_Q424,South,/,1,Home Page,application educate,/,Bounced/Browsed,3,115,2.2,0,No,Elite,,No,,0.0
AV02738,5B76FBEB4EAA44BA,,,Anonymous Prospect,11/4/2024,08:57,Desktop,Chrome,New,SEM,SEM_BRAND_Q424,West,/plans/compare,1,Home Page,application educate,/,Bounced/Browsed,3,129,3.6,0,No,Plus,,No,,0.0
AV02739,94AFB8FAAA5D60F2,,,Anonymous Prospect,11/4/2024,10:20,Tablet,Chrome,New,SEM,SEM_PLANS_Q424,West,/plans/compare,2,Product Comparison,application educate,/plans/compare,Bounced/Browsed,6,150,2.2,0,No,Basic,,No,,0.0
AV02740,12D8B03957ACBF12,,,Anonymous Prospect,11/4/2024,11:43,Mobile,Chrome,New,Paid Social,SOC_BRAND_Q424,West,/plans/compare,1,Home Page,application educate,/,Bounced/Browsed,2,121,4.3,0,No,Plus,,No,,0.0
AV02741,2F8FB4D2DB28DB59,,L0509,New Lead,11/4/2024,11:58,Tablet,Safari,New,Direct Mail,DM_BRAND_Q424,West,/offer,7,Review & e-Sign,application submit,/apply/review,Yes,10,717,2.4,1,No,Plus,3534.27,No,,0.0
AV02742,6215137A7C0F119B,,,Anonymous Prospect,11/4/2024,13:38,Mobile,Edge,New,Display,DSP_SWITCH_Q424,East,/,1,Home Page,application educate,/,Bounced/Browsed,3,126,2.1,0,No,Premium,,No,,0.0
AV02743,DEE68E3140FA90BA,,L0510,New Lead,11/4/2024,14:07,Desktop,Chrome,Returning,Direct,,East,/,5,Identity Verification,application start,/apply/verify,Yes,11,289,1.5,2,No,Premium,,No,,0.0
AV02744,12C00804F445FD7F,,L0511,New Lead,11/4/2024,15:12,Desktop,Firefox,New,Paid Social,SOC_RENEW_Q424,South,/plans/compare,8,Payment & Confirmation,application complete,,No,13,656,1.6,0,No,Plus,3350.68,Yes,ORD00179,3350.68
AV02745,7057F6CF1517E522,,,Anonymous Prospect,11/4/2024,15:16,Desktop,Chrome,New,Paid Social,SOC_SWITCH_Q424,West,/,1,Home Page,application educate,/,Bounced/Browsed,3,114,1.2,0,No,Premium,,No,,0.0
AV02746,2F748C8229AB616D,,L0512,New Lead,11/4/2024,15:41,Mobile,Chrome,Returning,SEM,SEM_PLANS_Q424,East,/,7,Review & e-Sign,application submit,/apply/review,Yes,16,365,2.7,1,No,Elite,7350.08,No,,0.0
AV02747,FEDEC796F5F5F3DB,,,Anonymous Prospect,11/4/2024,16:03,Mobile,Safari,Returning,Email,EM_RENEW_Q424,North,/plans/compare,1,Home Page,application educate,/,Bounced/Browsed,1,151,5.5,0,No,Basic,,No,,0.0
AV02748,BC194C7BD429065A,,,Anonymous Prospect,11/4/2024,16:05,Tablet,Safari,Returning,SEO,,West,/,2,Product Comparison,application educate,/plans/compare,Bounced/Browsed,4,147,1.8,0,No,Elite,,No,,0.0
AV02749,4DE61DF3286F919F,,,Anonymous Prospect,11/4/2024,19:40,Desktop,Chrome,New,SEM,SEM_PLANS_Q424,West,/,1,Home Page,application educate,/,Bounced/Browsed,3,105,1.8,0,No,Basic,,No,,0.0
AV02750,B0A45EFD5774DF25,,,Anonymous Prospect,11/4/2024,20:04,Mobile,Safari,New,SEM,SEM_PLANS_Q424,North,/plans/compare,2,Product Comparison,application educate,/plans/compare,Bounced/Browsed,4,138,3.5,0,No,Elite,,No,,0.0
AV02751,6B2A04782CF7D821,,,Anonymous Prospect,11/4/2024,20:39,Mobile,Chrome,New,SEM,SEM_RENEW_Q424,West,/plans/compare,1,Home Page,application educate,/,Bounced/Browsed,2,121,2.2,0,No,Elite,,No,,0.0
AV02752,598DE4332AED66AB,,,Anonymous Prospect,11/4/2024,20:40,Desktop,Chrome,New,Paid Social,SOC_PLANS_Q424,South,/plans/compare,1,Home Page,application educate,/,Bounced/Browsed,3,129,1.9,0,No,Premium,,No,,0.0
AV02753,1DEBA98CADA1B0E8,,,Anonymous Prospect,11/4/2024,21:02,Mobile,Samsung Internet,New,SEO,,North,/plans/compare,2,Product Comparison,application educate,/plans/compare,Bounced/Browsed,5,163,2.2,0,No,Plus,,No,,0.0
AV02754,A69AAD462EE4C734,,,Anonymous Prospect,11/4/2024,22:37,Mobile,Safari,Returning,SEO,,East,/,1,Home Page,application educate,/,Bounced/Browsed,2,148,4.4,0,No,Basic,,No,,0.0
AV02755,E0EA35EF0EE548F7,,,Anonymous Prospect,11/5/2024,06:02,Desktop,Samsung Internet,New,SEM,SEM_BASIC_Q424,East,/,2,Product Comparison,application educate,/plans/compare,Bounced/Browsed,5,185,2.0,0,No,Basic,,No,,0.0
AV02756,7A046BA29C1E6E4B,,,Anonymous Prospect,11/5/2024,06:12,Desktop,Chrome,New,SEM,SEM_BRAND_Q424,East,/plans/compare,3,Application Start,application start,/apply/start,Yes,6,291,1.4,0,No,Plus,,No,,0.0
AV02757,6BD76DFF264FF19B,,,Anonymous Prospect,11/5/2024,07:11,Desktop,Chrome,New,Email,EM_RENEW_Q424,South,/plans/compare,1,Home Page,application educate,/,Bounced/Browsed,2,65,0.9,0,Yes,Plus,,No,,0.0
AV02758,5708C68543227470,,,Anonymous Prospect,11/5/2024,08:21,Desktop,Chrome,Returning,Direct,,South,/,1,Home Page,application educate,/,Bounced/Browsed,3,104,2.9,0,No,Basic,,No,,0.0
AV02759,51369173A3C5B087,,,Anonymous Prospect,11/5/2024,09:05,Mobile,Chrome,New,SEM,SEM_PREMIUM_Q424,South,/plans/compare,2,Product Comparison,application educate,/plans/compare,Bounced/Browsed,2,228,4.9,0,No,Premium,,No,,0.0
AV02760,CB1325B947E08429,,,Anonymous Prospect,11/5/2024,11:34,Mobile,Safari,New,Paid Social,SOC_SWITCH_Q424,West,/,1,Home Page,application educate,/,Bounced/Browsed,2,78,2.0,0,No,Basic,,No,,0.0
AV02761,01DACAB315408CF7,,,Anonymous Prospect,11/5/2024,11:40,Mobile,Edge,Returning,SEO,,North,/,1,Home Page,application educate,/,Bounced/Browsed,2,135,3.5,0,No,Premium,,No,,0.0
AV02762,AFA8770199FF0B9F,,,Anonymous Prospect,11/5/2024,13:35,Mobile,Chrome,Returning,Paid Social,SOC_SWITCH_Q424,South,/,1,Home Page,application educate,/,Bounced/Browsed,2,94,1.5,0,No,Basic,,No,,0.0
AV02763,8DEBDA84B5819FB1,,L0513,New Lead,11/5/2024,14:51,Mobile,Edge,New,Direct,,West,/,8,Payment & Confirmation,application complete,,No,17,793,1.2,0,No,Elite,7120.72,Yes,ORD00180,7120.72
AV02764,0627230F43C604D4,C088,,Existing Customer,11/5/2024,15:57,Mobile,Chrome,Returning,Direct Mail,DM_SWITCH_Q424,South,/offer,2,Product Comparison,application educate,/plans/compare,Bounced/Browsed,3,170,1.6,0,No,Plus,,No,,0.0
AV02765,ED685A1883437E22,,,Anonymous Prospect,11/5/2024,16:09,Tablet,Edge,New,Display,DSP_BRAND_Q424,North,/plans/compare,1,Home Page,application educate,/,Bounced/Browsed,2,152,2.2,0,No,Plus,,No,,0.0
AV02766,74FD8827B17936FE,,,Anonymous Prospect,11/5/2024,18:10,Mobile,Chrome,New,SEO,,East,/plans/compare,1,Home Page,application educate,/,Bounced/Browsed,3,67,4.4,0,No,Premium,,No,,0.0
AV02767,3780D1ED045DE22A,,L0514,New Lead,11/5/2024,18:29,Desktop,Safari,New,Affiliate,AFF_SWITCH_Q424,West,/plans/compare,4,Personal Details,application start,/apply/details,Yes,5,317,1.2,2,No,Basic,,No,,0.0
AV02768,18DDDF20218DEFCF,,,Anonymous Prospect,11/5/2024,18:43,Mobile,Safari,Returning,Paid Social,SOC_SWITCH_Q424,South,/,2,Product Comparison,application educate,/plans/compare,Bounced/Browsed,3,232,4.5,0,No,Elite,,No,,0.0
AV02769,29BD55A55BA93DDB,C022,,Existing Customer,11/5/2024,19:00,Mobile,Safari,New,SEO,,North,/,1,Home Page,application educate,/,Bounced/Browsed,2,122,4.2,0,No,Premium,,No,,0.0
AV02770,F8D0A292CAB317BE,,,Anonymous Prospect,11/5/2024,19:35,Mobile,Chrome,Returning,Affiliate,AFF_SWITCH_Q424,South,/,2,Product Comparison,application educate,/plans/compare,Bounced/Browsed,6,242,3.0,0,No,Plus,,No,,0.0
AV02771,35FB1B26E633C22A,,L0515,New Lead,11/5/2024,20:14,Mobile,Edge,Returning,Direct Mail,DM_BRAND_Q424,South,/offer,4,Personal Details,application start,/apply/details,Yes,9,410,2.8,5,No,Premium,,No,,0.0
AV02772,3DDC9542962C2C16,,L0516,New Lead,11/5/2024,22:37,Mobile,Chrome,Returning,Direct,,East,/,6,Plan Customization & Quote,application submit,/apply/quote,Yes,15,633,2.1,3,No,Plus,3060.66,No,,0.0
AV02773,1D3118F9240072B5,,L0517,New Lead,11/6/2024,07:26,Mobile,Edge,Returning,Direct,,South,/,6,Plan Customization & Quote,application submit,/apply/quote,Yes,10,433,1.9,2,No,Basic,2262.96,No,,0.0
AV02774,F72D4A1A1DBAEE42,,,Anonymous Prospect,11/6/2024,07:55,Mobile,Chrome,New,SEM,SEM_PLANS_Q424,South,/,1,Home Page,application educate,/,Bounced/Browsed,2,112,2.0,0,No,Basic,,No,,0.0
AV02775,82DFA5C1C49207F7,,,Anonymous Prospect,11/6/2024,08:33,Tablet,Edge,New,Display,DSP_SWITCH_Q424,North,/plans/compare,1,Home Page,application educate,/,Bounced/Browsed,3,117,2.1,0,No,Basic,,No,,0.0
AV02776,3BDD135467B98DCD,,,Anonymous Prospect,11/6/2024,08:59,Desktop,Chrome,New,Direct Mail,DM_PLANS_Q424,East,/offer,2,Product Comparison,application educate,/plans/compare,Bounced/Browsed,3,170,2.2,0,No,Plus,,No,,0.0
AV02777,DE8AB837FF4FC11E,,,Anonymous Prospect,11/6/2024,09:01,Mobile,Chrome,New,SEM,SEM_RENEW_Q424,North,/plans/compare,1,Home Page,application educate,/,Bounced/Browsed,3,113,2.2,0,No,Plus,,No,,0.0
AV02778,A9754A3568405F89,,,Anonymous Prospect,11/6/2024,09:35,Mobile,Chrome,New,SEO,,North,/plans/compare,2,Product Comparison,application educate,/plans/compare,Bounced/Browsed,6,248,1.7,0,No,Elite,,No,,0.0
AV02779,7467D44FCDFBF42E,,,Anonymous Prospect,11/6/2024,09:52,Desktop,Chrome,New,Paid Social,SOC_SWITCH_Q424,North,/plans/compare,1,Home Page,application educate,/,Bounced/Browsed,3,132,1.7,0,No,Basic,,No,,0.0
AV02780,EAA32D9EBB468A2F,,L0518,New Lead,11/6/2024,12:19,Mobile,Safari,New,Direct,,East,/,4,Personal Details,application start,/apply/details,Yes,7,442,4.8,2,Yes,Basic,,No,,0.0
AV02781,B3F60FCC8B34B8CD,,,Anonymous Prospect,11/6/2024,12:36,Mobile,Chrome,New,Direct Mail,DM_BRAND_Q424,North,/offer,3,Application Start,application start,/apply/start,Yes,4,203,1.4,0,No,Plus,,No,,0.0
AV02782,31CB20BA2D401163,,,Anonymous Prospect,11/6/2024,13:18,Mobile,Chrome,New,Display,DSP_BASIC_Q424,North,/plans/compare,2,Product Comparison,application educate,/plans/compare,Bounced/Browsed,4,117,2.3,0,No,Basic,,No,,0.0
AV02783,0F66BA8DD976EC34,,,Anonymous Prospect,11/6/2024,14:45,Mobile,Firefox,New,Paid Social,SOC_BRAND_Q424,West,/,1,Home Page,application educate,/,Bounced/Browsed,2,71,5.4,0,No,Premium,,No,,0.0
AV02784,9F1AD1E6C99AFE0C,,,Anonymous Prospect,11/6/2024,14:48,Mobile,Chrome,Returning,SEO,,South,/,2,Product Comparison,application educate,/plans/compare,Bounced/Browsed,5,164,2.6,0,No,Basic,,No,,0.0
AV02785,85BB97E54E4889CC,,,Anonymous Prospect,11/6/2024,15:13,Tablet,Safari,New,SEO,,South,/plans/compare,1,Home Page,application educate,/,Bounced/Browsed,2,114,0.6,0,No,Elite,,No,,0.0
AV02786,76F623A9B6CE845C,,,Anonymous Prospect,11/6/2024,18:04,Mobile,Safari,New,Display,DSP_RENEW_Q424,North,/plans/compare,1,Home Page,application educate,/,Bounced/Browsed,2,97,4.7,0,No,Basic,,No,,0.0
AV02787,EC3B8E8CB3EE52AB,,,Anonymous Prospect,11/6/2024,19:07,Desktop,Chrome,New,SEO,,West,/,1,Home Page,application educate,/,Bounced/Browsed,2,110,2.2,0,No,Premium,,No,,0.0
AV02788,70B715CFC136A8EB,,L0519,New Lead,11/6/2024,19:42,Tablet,Safari,New,Paid Social,SOC_BRAND_Q424,East,/plans/compare,5,Identity Verification,application start,/apply/verify,Yes,12,304,1.4,1,No,Basic,,No,,0.0
AV02789,D131EAE71FD0DA35,,,Anonymous Prospect,11/7/2024,08:15,Desktop,Firefox,New,Affiliate,AFF_SWITCH_Q424,South,/plans/compare,1,Home Page,application educate,/,Bounced/Browsed,2,155,1.5,0,No,Basic,,No,,0.0
AV02790,D969DD46A0ED16B6,,L0520,New Lead,11/7/2024,08:23,Desktop,Chrome,New,SEM,SEM_BASIC_Q424,South,/plans/compare,7,Review & e-Sign,application submit,/apply/review,Yes,15,667,0.6,0,No,Basic,2133.23,No,,0.0
AV02791,33F5F790998F6CDF,,,Anonymous Prospect,11/7/2024,08:59,Mobile,Safari,New,SEO,,South,/plans/compare,2,Product Comparison,application educate,/plans/compare,Bounced/Browsed,3,231,1.4,0,No,Elite,,No,,0.0
AV02792,D0456A7674ECF457,,,Anonymous Prospect,11/7/2024,09:35,Mobile,Edge,New,SEM,SEM_RENEW_Q424,North,/,2,Product Comparison,application educate,/plans/compare,Bounced/Browsed,4,226,4.7,0,No,Basic,,No,,0.0
AV02793,2C810244881960CF,,,Anonymous Prospect,11/7/2024,14:38,Mobile,Edge,New,SEM,SEM_PREMIUM_Q424,West,/,1,Home Page,application educate,/,Bounced/Browsed,3,155,2.7,0,No,Premium,,No,,0.0
AV02794,0391956094B30831,,,Anonymous Prospect,11/7/2024,18:47,Mobile,Edge,Returning,SEM,SEM_BRAND_Q424,West,/,1,Home Page,application educate,/,Bounced/Browsed,3,144,5.3,0,Yes,Premium,,No,,0.0
AV02795,CF29EBEA846F870E,,L0521,New Lead,11/7/2024,18:50,Mobile,Chrome,Returning,Direct Mail,DM_BASIC_Q424,South,/offer,4,Personal Details,application start,/apply/details,Yes,6,366,1.7,0,No,Basic,,No,,0.0
AV02796,723C0C495AA31A06,,,Anonymous Prospect,11/7/2024,19:01,Tablet,Safari,New,Paid Social,SOC_RENEW_Q424,West,/,1,Home Page,application educate,/,Bounced/Browsed,3,94,2.7,0,No,Premium,,No,,0.0
AV02797,39CF481193681704,,,Anonymous Prospect,11/7/2024,22:02,Desktop,Safari,New,Paid Social,SOC_SWITCH_Q424,East,/,1,Home Page,application educate,/,Bounced/Browsed,2,113,1.7,0,Yes,Plus,,No,,0.0
AV02798,1FD3F41EA0656835,,,Anonymous Prospect,11/7/2024,22:48,Mobile,Chrome,Returning,SEO,,North,/,1,Home Page,application educate,/,Bounced/Browsed,3,85,5.4,0,No,Plus,,No,,0.0
AV02799,3FF98C4FF675A4C5,,,Anonymous Prospect,11/8/2024,06:07,Mobile,Chrome,New,Display,DSP_SWITCH_Q424,South,/plans/compare,1,Home Page,application educate,/,Bounced/Browsed,3,100,5.4,0,No,Premium,,No,,0.0
AV02800,B1806204BD6E9D9D,,,Anonymous Prospect,11/8/2024,06:38,Desktop,Chrome,Returning,SEO,,South,/,2,Product Comparison,application educate,/plans/compare,Bounced/Browsed,2,159,2.1,0,No,Plus,,No,,0.0
AV02801,856F0D0B78C65237,,L0522,New Lead,11/8/2024,09:22,Mobile,Samsung Internet,New,SEO,,East,/,6,Plan Customization & Quote,application submit,/apply/quote,Yes,11,468,5.0,2,No,Plus,2940.71,No,,0.0
AV02802,EDE8F960D37133C5,,,Anonymous Prospect,11/8/2024,09:27,Desktop,Chrome,New,SEM,SEM_BRAND_Q424,North,/plans/compare,2,Product Comparison,application educate,/plans/compare,Bounced/Browsed,2,169,2.6,0,No,Plus,,No,,0.0
AV02803,72027950B12E30F9,,L0523,New Lead,11/8/2024,10:06,Desktop,Firefox,New,SEO,,North,/,5,Identity Verification,application start,/apply/verify,Yes,12,460,1.5,2,No,Basic,,No,,0.0
AV02804,7A195D46251152B0,,,Anonymous Prospect,11/8/2024,10:56,Mobile,Edge,New,Paid Social,SOC_SWITCH_Q424,North,/,2,Product Comparison,application educate,/plans/compare,Bounced/Browsed,4,129,0.8,0,No,Plus,,No,,0.0
AV02805,219696A4C02D0EC5,,,Anonymous Prospect,11/8/2024,11:35,Desktop,Chrome,Returning,Direct Mail,DM_RENEW_Q424,South,/offer,1,Home Page,application educate,/,Bounced/Browsed,2,100,1.6,0,No,Premium,,No,,0.0
AV02806,4B0F91FA9531C5E8,,,Anonymous Prospect,11/8/2024,11:55,Desktop,Safari,Returning,Paid Social,SOC_ELITE_Q424,East,/,1,Home Page,application educate,/,Bounced/Browsed,2,102,2.6,0,No,Elite,,No,,0.0
AV02807,AB786128313D9E4D,,,Anonymous Prospect,11/8/2024,12:28,Desktop,Safari,Returning,Display,DSP_RENEW_Q424,West,/plans/compare,2,Product Comparison,application educate,/plans/compare,Bounced/Browsed,4,162,1.9,0,No,Plus,,No,,0.0
AV02808,61DB4A9192AE9AB0,,,Anonymous Prospect,11/8/2024,16:21,Mobile,Chrome,New,Affiliate,AFF_ELITE_Q424,South,/plans/compare,2,Product Comparison,application educate,/plans/compare,Bounced/Browsed,4,175,2.8,0,No,Elite,,No,,0.0
AV02809,238E357D319AB547,,,Anonymous Prospect,11/8/2024,17:11,Mobile,Chrome,New,SEO,,West,/,2,Product Comparison,application educate,/plans/compare,Bounced/Browsed,5,204,5.3,0,No,Basic,,No,,0.0
AV02810,6FEE544171F72FD6,,,Anonymous Prospect,11/8/2024,18:24,Mobile,Chrome,New,Direct,,West,/,2,Product Comparison,application educate,/plans/compare,Bounced/Browsed,2,181,4.0,0,No,Basic,,No,,0.0
AV02811,8AB02A372A7BBA5F,C097,,Existing Customer,11/8/2024,18:27,Mobile,Edge,Returning,SEO,,South,/plans/compare,8,Payment & Confirmation,application complete,,No,16,932,4.7,1,No,Plus,3108.49,Yes,ORD00181,3108.49
AV02812,5CAA289F3DCE773A,,L0524,New Lead,11/8/2024,19:18,Mobile,Safari,New,SEO,,North,/plans/compare,7,Review & e-Sign,application submit,/apply/review,Yes,13,516,4.2,2,No,Elite,9139.99,No,,0.0
AV02813,A130C5890001A2BA,,,Anonymous Prospect,11/8/2024,19:36,Mobile,Chrome,New,SEO,,South,/,2,Product Comparison,application educate,/plans/compare,Bounced/Browsed,2,191,5.6,0,No,Plus,,No,,0.0
AV02814,1B2090C0AA99AFB3,,,Anonymous Prospect,11/8/2024,20:27,Mobile,Safari,New,Direct,,North,/,1,Home Page,application educate,/,Bounced/Browsed,1,114,5.1,0,No,Premium,,No,,0.0
AV02815,D25030ADEFE4DBD2,,,Anonymous Prospect,11/8/2024,20:49,Mobile,Chrome,New,Email,EM_SWITCH_Q424,South,/,2,Product Comparison,application educate,/plans/compare,Bounced/Browsed,5,225,2.4,0,No,Plus,,No,,0.0
AV02816,4B87C26DB5D6755F,,,Anonymous Prospect,11/8/2024,22:41,Mobile,Edge,New,Paid Social,SOC_PLUS_Q424,East,/,2,Product Comparison,application educate,/plans/compare,Bounced/Browsed,3,205,1.6,0,No,Plus,,No,,0.0
AV02817,854C344E0D12E3BC,,,Anonymous Prospect,11/8/2024,22:49,Desktop,Safari,New,Paid Social,SOC_BRAND_Q424,North,/,2,Product Comparison,application educate,/plans/compare,Bounced/Browsed,6,130,2.0,0,No,Basic,,No,,0.0
AV02818,6F87DC5F09E50073,,,Anonymous Prospect,11/9/2024,06:17,Desktop,Safari,New,Paid Social,SOC_PLANS_Q424,South,/plans/compare,1,Home Page,application educate,/,Bounced/Browsed,3,101,2.0,0,No,Elite,,No,,0.0
AV02819,C44D2CAF413FDAD9,,,Anonymous Prospect,11/9/2024,07:17,Mobile,Safari,New,SEO,,East,/,1,Home Page,application educate,/,Bounced/Browsed,4,126,3.3,0,No,Plus,,No,,0.0
AV02820,4A2C51F6D2B1C41A,,,Anonymous Prospect,11/9/2024,08:41,Desktop,Chrome,Returning,SEO,,North,/plans/compare,1,Home Page,application educate,/,Bounced/Browsed,1,94,2.4,0,No,Plus,,No,,0.0
AV02821,D90A3CB277BE2ABD,,,Anonymous Prospect,11/9/2024,08:52,Desktop,Chrome,New,Direct,,West,/,3,Application Start,application start,/apply/start,Yes,7,235,1.8,0,Yes,Basic,,No,,0.0
AV02822,6379E7D63D99FC21,,,Anonymous Prospect,11/9/2024,10:17,Desktop,Chrome,New,Direct Mail,DM_SWITCH_Q424,North,/offer,1,Home Page,application educate,/,Bounced/Browsed,3,72,2.6,0,No,Plus,,No,,0.0
AV02823,F9AEE757F1969333,,,Anonymous Prospect,11/9/2024,11:52,Mobile,Chrome,New,Paid Social,SOC_RENEW_Q424,East,/,1,Home Page,application educate,/,Bounced/Browsed,1,118,2.7,0,No,Plus,,No,,0.0
AV02824,D5A36A7AFA5EFCF5,,L0525,New Lead,11/9/2024,11:55,Desktop,Chrome,New,Display,DSP_PLUS_Q424,South,/,8,Payment & Confirmation,application complete,,No,20,836,2.4,0,No,Plus,3902.9,Yes,ORD00182,3902.9
AV02825,AC3D93AC83F4F72E,,,Anonymous Prospect,11/9/2024,12:48,Mobile,Edge,New,SEM,SEM_PLANS_Q424,West,/,1,Home Page,application educate,/,Bounced/Browsed,3,109,1.4,0,No,Plus,,No,,0.0
AV02826,BF9B33927D1D811D,,L0526,New Lead,11/9/2024,12:57,Desktop,Safari,New,SEM,SEM_RENEW_Q424,West,/,4,Personal Details,application start,/apply/details,Yes,10,250,2.3,0,No,Basic,,No,,0.0
AV02827,7C8E718209CC494D,,,Anonymous Prospect,11/9/2024,14:16,Mobile,Samsung Internet,New,SEM,SEM_PLANS_Q424,East,/plans/compare,1,Home Page,application educate,/,Bounced/Browsed,2,158,1.3,0,No,Basic,,No,,0.0
AV02828,5DF164BE4436E00F,,,Anonymous Prospect,11/9/2024,19:28,Desktop,Safari,New,SEO,,East,/,1,Home Page,application educate,/,Bounced/Browsed,2,71,3.2,0,No,Premium,,No,,0.0
AV02829,4509214C07D3B0AB,,L0527,New Lead,11/9/2024,19:57,Mobile,Safari,New,Direct Mail,DM_ELITE_Q424,South,/offer,4,Personal Details,application start,/apply/details,Yes,9,300,3.8,2,Yes,Elite,,No,,0.0
AV02830,85BE7AAEBC757062,,,Anonymous Prospect,11/9/2024,20:39,Desktop,Chrome,New,SEO,,North,/plans/compare,1,Home Page,application educate,/,Bounced/Browsed,1,95,1.8,0,No,Basic,,No,,0.0
AV02831,4EA6F8D8BCF15E9F,,,Anonymous Prospect,11/9/2024,20:40,Mobile,Safari,New,SEM,SEM_PLANS_Q424,West,/,1,Home Page,application educate,/,Bounced/Browsed,2,91,1.5,0,No,Elite,,No,,0.0
AV02832,A3116276335CA88D,,,Anonymous Prospect,11/9/2024,20:53,Mobile,Chrome,New,SEM,SEM_RENEW_Q424,East,/plans/compare,2,Product Comparison,application educate,/plans/compare,Bounced/Browsed,4,175,3.4,0,No,Basic,,No,,0.0
AV02833,133F520852CFD92E,,,Anonymous Prospect,11/9/2024,21:51,Desktop,Chrome,New,Display,DSP_BRAND_Q424,South,/,1,Home Page,application educate,/,Bounced/Browsed,2,136,0.7,0,No,Premium,,No,,0.0
AV02834,AF992AF05A358B6B,,L0528,New Lead,11/9/2024,22:09,Mobile,Safari,New,SEM,SEM_SWITCH_Q424,East,/,8,Payment & Confirmation,application complete,,No,17,558,4.7,2,No,Premium,6575.66,Yes,ORD00183,6575.66
AV02835,16202888273B1627,,L0529,New Lead,11/10/2024,06:23,Mobile,Chrome,New,SEM,SEM_PLANS_Q424,South,/plans/compare,5,Identity Verification,application start,/apply/verify,Yes,11,525,2.0,6,No,Premium,,No,,0.0
AV02836,CB77F422999C326C,,,Anonymous Prospect,11/10/2024,07:03,Mobile,Safari,New,Display,DSP_BRAND_Q424,North,/,2,Product Comparison,application educate,/plans/compare,Bounced/Browsed,6,178,3.5,0,No,Premium,,No,,0.0
AV02837,626E9DBE362FC818,,,Anonymous Prospect,11/10/2024,07:49,Mobile,Edge,New,Paid Social,SOC_SWITCH_Q424,West,/plans/compare,1,Home Page,application educate,/,Bounced/Browsed,2,104,4.6,0,No,Premium,,No,,0.0
AV02838,CFDF16D7749D6780,,,Anonymous Prospect,11/10/2024,08:31,Desktop,Chrome,Returning,SEO,,West,/,1,Home Page,application educate,/,Bounced/Browsed,4,110,2.6,0,No,Plus,,No,,0.0
AV02839,F15C3DA4B650FF3F,C094,,Existing Customer,11/10/2024,08:39,Desktop,Chrome,Returning,Direct,,North,/,2,Product Comparison,application educate,/plans/compare,Bounced/Browsed,3,202,2.5,0,No,Basic,,No,,0.0
AV02840,42A0D8CEA984883A,C095,,Existing Customer,11/10/2024,08:52,Desktop,Chrome,Returning,Direct,,East,/,2,Product Comparison,application educate,/plans/compare,Bounced/Browsed,6,185,2.1,0,No,Plus,,No,,0.0
AV02841,6139B5A9B7C6CBA5,,,Anonymous Prospect,11/10/2024,09:03,Desktop,Firefox,New,Direct Mail,DM_SWITCH_Q424,West,/offer,3,Application Start,application start,/apply/start,Yes,7,256,2.1,0,No,Basic,,No,,0.0
AV02842,0C51561AC044CB85,,,Anonymous Prospect,11/10/2024,09:11,Desktop,Edge,New,Display,DSP_SWITCH_Q424,East,/,1,Home Page,application educate,/,Bounced/Browsed,2,82,1.4,0,No,Plus,,No,,0.0
AV02843,27CEA3B7D463ACB3,,,Anonymous Prospect,11/10/2024,11:10,Mobile,Safari,Returning,Display,DSP_ELITE_Q424,North,/,1,Home Page,application educate,/,Bounced/Browsed,1,136,0.6,0,No,Elite,,No,,0.0
AV02844,2D7780232E4E4E59,,L0530,New Lead,11/10/2024,11:37,Desktop,Safari,New,SEM,SEM_RENEW_Q424,South,/plans/compare,6,Plan Customization & Quote,application submit,/apply/quote,Yes,8,563,2.4,3,No,Plus,4051.3,No,,0.0
AV02845,AC3BCCBAEAD82CB2,,,Anonymous Prospect,11/10/2024,12:01,Mobile,Chrome,New,Affiliate,AFF_RENEW_Q424,West,/plans/compare,2,Product Comparison,application educate,/plans/compare,Bounced/Browsed,3,161,2.2,0,Yes,Basic,,No,,0.0
AV02846,424ED182A87C61C3,,L0531,New Lead,11/10/2024,13:16,Desktop,Safari,New,Affiliate,AFF_BASIC_Q424,North,/,4,Personal Details,application start,/apply/details,Yes,9,374,0.9,3,No,Basic,,No,,0.0
AV02847,58A066F6BA965B5D,,,Anonymous Prospect,11/10/2024,13:29,Desktop,Safari,New,Display,DSP_RENEW_Q424,South,/,1,Home Page,application educate,/,Bounced/Browsed,3,111,1.2,0,No,Premium,,No,,0.0
AV02848,C2FD44B396D57769,,,Anonymous Prospect,11/10/2024,13:51,Mobile,Chrome,New,Direct,,West,/,2,Product Comparison,application educate,/plans/compare,Bounced/Browsed,4,257,1.5,0,No,Basic,,No,,0.0
AV02849,4BA8F899E705D84E,,,Anonymous Prospect,11/10/2024,15:20,Desktop,Chrome,New,SEO,,East,/plans/compare,1,Home Page,application educate,/,Bounced/Browsed,1,94,2.5,0,No,Plus,,No,,0.0
AV02850,E01DDA98E70EEC45,,,Anonymous Prospect,11/10/2024,16:07,Desktop,Safari,New,SEO,,West,/,2,Product Comparison,application educate,/plans/compare,Bounced/Browsed,4,140,2.3,0,No,Premium,,No,,0.0
AV02851,FEE1835E52155D74,,L0532,New Lead,11/10/2024,17:46,Mobile,Samsung Internet,New,Email,EM_RENEW_Q424,North,/,8,Payment & Confirmation,application complete,,No,11,649,3.3,1,No,Premium,5951.69,Yes,ORD00184,5951.69
AV02852,56625006A4E8E66A,,,Anonymous Prospect,11/10/2024,20:25,Mobile,Chrome,New,Paid Social,SOC_PLUS_Q424,North,/plans/compare,1,Home Page,application educate,/,Bounced/Browsed,2,70,2.7,0,No,Plus,,No,,0.0
AV02853,127A948C8B0EA29F,,L0533,New Lead,11/10/2024,22:47,Desktop,Chrome,Returning,SEO,,West,/,8,Payment & Confirmation,application complete,,No,12,674,2.2,0,No,Premium,6200.26,Yes,ORD00185,6200.26
AV02854,4DDA778D4574B947,,,Anonymous Prospect,11/11/2024,07:26,Mobile,Chrome,Returning,SEM,SEM_SWITCH_Q424,East,/plans/compare,1,Home Page,application educate,/,Bounced/Browsed,3,87,1.5,0,No,Plus,,No,,0.0
AV02855,B9745EEEACB3DA6F,,L0534,New Lead,11/11/2024,08:43,Mobile,Chrome,Returning,SEM,SEM_PLANS_Q424,North,/plans/compare,5,Identity Verification,application start,/apply/verify,Yes,12,567,1.5,2,Yes,Plus,,No,,0.0
AV02856,4BD205E0509D2C16,,,Anonymous Prospect,11/11/2024,09:29,Desktop,Safari,Returning,SEO,,North,/plans/compare,2,Product Comparison,application educate,/plans/compare,Bounced/Browsed,3,270,1.8,0,Yes,Premium,,No,,0.0
AV02857,F4E37ECB4F1BF3F9,,,Anonymous Prospect,11/11/2024,09:31,Desktop,Chrome,New,Affiliate,AFF_RENEW_Q424,West,/plans/compare,2,Product Comparison,application educate,/plans/compare,Bounced/Browsed,4,211,1.6,0,No,Plus,,No,,0.0
AV02858,B19517ABA01C8CEC,,,Anonymous Prospect,11/11/2024,09:50,Mobile,Edge,Returning,SEM,SEM_PLANS_Q424,South,/,2,Product Comparison,application educate,/plans/compare,Bounced/Browsed,5,186,1.2,0,No,Basic,,No,,0.0
AV02859,581C3AB4BB607714,,,Anonymous Prospect,11/11/2024,10:59,Mobile,Samsung Internet,New,Email,EM_BRAND_Q424,North,/,1,Home Page,application educate,/,Bounced/Browsed,2,157,2.0,0,No,Basic,,No,,0.0
AV02860,2641CF8CDE6F1E3E,,,Anonymous Prospect,11/11/2024,11:40,Desktop,Chrome,New,SEO,,West,/plans/compare,1,Home Page,application educate,/,Bounced/Browsed,1,127,2.1,0,No,Basic,,No,,0.0
AV02861,71C264F9A399FB70,,L0535,New Lead,11/11/2024,12:35,Desktop,Safari,New,SEO,,South,/plans/compare,6,Plan Customization & Quote,application submit,/apply/quote,Yes,12,434,3.7,0,No,Plus,3084.57,No,,0.0
AV02862,DB01775651C837BC,,L0536,New Lead,11/11/2024,16:17,Desktop,Chrome,Returning,SEO,,East,/,5,Identity Verification,application start,/apply/verify,Yes,10,378,2.8,0,No,Basic,,No,,0.0
AV02863,F2BA6F10DC6D7633,,,Anonymous Prospect,11/11/2024,16:43,Tablet,Safari,New,SEM,SEM_BASIC_Q424,West,/plans/compare,1,Home Page,application educate,/,Bounced/Browsed,3,108,1.7,0,No,Basic,,No,,0.0
AV02864,FEC0742F21853536,C003,,Existing Customer,11/11/2024,16:49,Mobile,Safari,Returning,Direct,,West,/,1,Home Page,application educate,/,Bounced/Browsed,1,85,0.6,0,No,Plus,,No,,0.0
AV02865,A35C3FD2C50C7BA3,,L0537,New Lead,11/11/2024,17:36,Mobile,Safari,Returning,SEM,SEM_BRAND_Q424,East,/plans/compare,8,Payment & Confirmation,application complete,,No,15,863,2.1,0,No,Plus,3437.03,Yes,ORD00186,3437.03
AV02866,296395BBD2FEA458,,,Anonymous Prospect,11/11/2024,19:48,Mobile,Safari,New,Email,EM_PLANS_Q424,North,/,1,Home Page,application educate,/,Bounced/Browsed,2,119,5.2,0,No,Basic,,No,,0.0
AV02867,BFBA9CD5D752737F,,,Anonymous Prospect,11/11/2024,19:52,Mobile,Safari,New,SEO,,North,/,2,Product Comparison,application educate,/plans/compare,Bounced/Browsed,4,168,4.4,0,No,Plus,,No,,0.0
AV02868,B568DC7604C750A6,,,Anonymous Prospect,11/11/2024,20:24,Mobile,Chrome,New,Paid Social,SOC_RENEW_Q424,South,/,1,Home Page,application educate,/,Bounced/Browsed,4,84,4.4,0,No,Plus,,No,,0.0
AV02869,E74B38BF5F9A4473,,,Anonymous Prospect,11/11/2024,21:20,Desktop,Chrome,Returning,Display,DSP_BRAND_Q424,South,/,2,Product Comparison,application educate,/plans/compare,Bounced/Browsed,4,261,1.7,0,No,Premium,,No,,0.0
AV02870,03B6874A63691741,C067,,Existing Customer,11/11/2024,22:44,Desktop,Safari,Returning,Email,EM_RENEW_Q424,West,/,1,Home Page,application educate,/,Bounced/Browsed,2,112,2.0,0,No,Premium,,No,,0.0
AV02871,E736A9206496004B,,L0538,New Lead,11/11/2024,22:48,Mobile,Safari,New,Email,EM_BRAND_Q424,East,/plans/compare,5,Identity Verification,application start,/apply/verify,Yes,10,324,4.3,1,No,Premium,,No,,0.0
AV02872,804AD604BA4ADBCF,,,Anonymous Prospect,11/11/2024,22:53,Mobile,Chrome,New,Paid Social,SOC_PLANS_Q424,North,/,1,Home Page,application educate,/,Bounced/Browsed,3,162,2.2,0,No,Plus,,No,,0.0
AV02873,93ED6BACB59C45DA,,,Anonymous Prospect,11/12/2024,08:19,Tablet,Safari,New,Display,DSP_SWITCH_Q424,East,/,1,Home Page,application educate,/,Bounced/Browsed,1,127,1.9,0,No,Plus,,No,,0.0
AV02874,C08D2E74C8BCC373,,L0539,New Lead,11/12/2024,08:35,Desktop,Safari,Returning,Direct,,East,/,8,Payment & Confirmation,application complete,,No,15,663,2.1,0,No,Plus,3706.23,Yes,ORD00187,3706.23
AV02875,EB0FEF431549B334,,,Anonymous Prospect,11/12/2024,12:29,Desktop,Chrome,New,Email,EM_PLANS_Q424,South,/,2,Product Comparison,application educate,/plans/compare,Bounced/Browsed,6,168,0.8,0,Yes,Premium,,No,,0.0
AV02876,183386371EB05EAF,,,Anonymous Prospect,11/12/2024,14:50,Mobile,Chrome,Returning,Paid Social,SOC_PLANS_Q424,North,/,1,Home Page,application educate,/,Bounced/Browsed,2,88,6.0,0,No,Plus,,No,,0.0
AV02877,8CA79F82153EB3A5,,,Anonymous Prospect,11/12/2024,15:22,Desktop,Safari,New,Paid Social,SOC_PREMIUM_Q424,North,/,1,Home Page,application educate,/,Bounced/Browsed,2,81,2.3,0,No,Premium,,No,,0.0
AV02878,BAD0BBD72E373291,,,Anonymous Prospect,11/12/2024,18:07,Mobile,Firefox,New,Email,EM_SWITCH_Q424,North,/plans/compare,1,Home Page,application educate,/,Bounced/Browsed,3,84,2.3,0,No,Premium,,No,,0.0
AV02879,D1A150A5FDFAAE59,,,Anonymous Prospect,11/12/2024,19:37,Tablet,Edge,New,Display,DSP_RENEW_Q424,North,/,1,Home Page,application educate,/,Bounced/Browsed,2,84,3.3,0,No,Plus,,No,,0.0
AV02880,66624B6EB0E4FD68,,L0540,New Lead,11/12/2024,20:52,Desktop,Chrome,New,SEM,SEM_RENEW_Q424,East,/,8,Payment & Confirmation,application complete,,No,15,829,1.3,0,No,Plus,3059.13,Yes,ORD00188,3059.13
AV02881,279ACBB780943FDD,,,Anonymous Prospect,11/12/2024,22:24,Mobile,Safari,New,Direct,,West,/,1,Home Page,application educate,/,Bounced/Browsed,2,132,2.2,0,No,Elite,,No,,0.0
AV02882,A289816277287552,,L0541,New Lead,11/13/2024,06:29,Tablet,Edge,New,SEO,,East,/,8,Payment & Confirmation,application complete,,No,17,912,1.7,0,No,Plus,3183.73,Yes,ORD00189,3183.73
AV02883,A5BC148A7F939486,,,Anonymous Prospect,11/13/2024,07:18,Mobile,Edge,New,SEO,,West,/,1,Home Page,application educate,/,Bounced/Browsed,1,120,2.1,0,No,Premium,,No,,0.0
AV02884,70ADFABFBD1033F3,,,Anonymous Prospect,11/13/2024,07:49,Mobile,Safari,New,SEO,,West,/plans/compare,1,Home Page,application educate,/,Bounced/Browsed,2,120,2.2,0,No,Plus,,No,,0.0
AV02885,0BE68D0A70240C6F,C050,,Existing Customer,11/13/2024,08:33,Desktop,Chrome,Returning,Direct Mail,DM_SWITCH_Q424,North,/offer,8,Payment & Confirmation,application complete,,No,15,878,1.7,0,No,Premium,5466.05,Yes,ORD00190,5466.05
AV02886,1C29130D246473E5,,,Anonymous Prospect,11/13/2024,09:25,Tablet,Chrome,New,SEM,SEM_BRAND_Q424,East,/,3,Application Start,application start,/apply/start,Yes,7,290,0.9,0,No,Elite,,No,,0.0
AV02887,CCB4572661FCCB24,,L0542,New Lead,11/13/2024,10:02,Mobile,Chrome,New,SEO,,East,/plans/compare,5,Identity Verification,application start,/apply/verify,Yes,12,373,4.2,3,No,Premium,,No,,0.0
AV02888,742C8679522EBCBB,,,Anonymous Prospect,11/13/2024,12:21,Desktop,Edge,Returning,SEM,SEM_SWITCH_Q424,South,/,2,Product Comparison,application educate,/plans/compare,Bounced/Browsed,4,165,2.4,0,No,Premium,,No,,0.0
AV02889,A5A51311D73F887B,,,Anonymous Prospect,11/13/2024,12:58,Mobile,Chrome,New,Direct,,South,/,2,Product Comparison,application educate,/plans/compare,Bounced/Browsed,4,158,2.3,0,No,Premium,,No,,0.0
AV02890,FD7DCB53D6C8EDB8,,,Anonymous Prospect,11/13/2024,13:01,Mobile,Chrome,Returning,Direct Mail,DM_BRAND_Q424,West,/offer,1,Home Page,application educate,/,Bounced/Browsed,3,98,4.9,0,No,Plus,,No,,0.0
AV02891,F82BF2C2CFE910D0,,L0543,New Lead,11/13/2024,14:55,Mobile,Safari,New,SEM,SEM_PLANS_Q424,East,/,5,Identity Verification,application start,/apply/verify,Yes,10,383,2.0,2,No,Basic,,No,,0.0
AV02892,74D122C5585979D8,,,Anonymous Prospect,11/13/2024,15:00,Mobile,Chrome,New,SEO,,South,/,1,Home Page,application educate,/,Bounced/Browsed,4,111,2.8,0,No,Basic,,No,,0.0
AV02893,DB8356C7536ED144,,,Anonymous Prospect,11/13/2024,15:24,Tablet,Chrome,Returning,SEM,SEM_PLANS_Q424,North,/,2,Product Comparison,application educate,/plans/compare,Bounced/Browsed,3,118,0.8,0,No,Premium,,No,,0.0
AV02894,BC8AF7A07A54F2BE,,,Anonymous Prospect,11/13/2024,17:16,Mobile,Safari,New,SEO,,East,/,2,Product Comparison,application educate,/plans/compare,Bounced/Browsed,5,173,4.8,0,No,Premium,,No,,0.0
AV02895,020B25D771D4AAC6,,L0544,New Lead,11/14/2024,06:46,Mobile,Chrome,Returning,SEM,SEM_BRAND_Q424,North,/,5,Identity Verification,application start,/apply/verify,Yes,7,456,5.0,2,No,Premium,,No,,0.0
AV02896,0D6CE987DD6260E8,,,Anonymous Prospect,11/14/2024,08:00,Desktop,Chrome,New,SEO,,South,/,1,Home Page,application educate,/,Bounced/Browsed,1,101,0.8,0,No,Premium,,No,,0.0
AV02897,24C58C72D6E8BB80,,,Anonymous Prospect,11/14/2024,08:45,Desktop,Safari,New,Display,DSP_RENEW_Q424,North,/,2,Product Comparison,application educate,/plans/compare,Bounced/Browsed,6,225,1.1,0,No,Basic,,No,,0.0
AV02898,F92332E4763D58D9,,,Anonymous Prospect,11/14/2024,08:50,Mobile,Safari,Returning,Direct Mail,DM_SWITCH_Q424,West,/offer,1,Home Page,application educate,/,Bounced/Browsed,3,91,4.1,0,No,Basic,,No,,0.0
AV02899,A00480EBF806C035,,L0545,New Lead,11/14/2024,11:44,Tablet,Chrome,Returning,Email,EM_RENEW_Q424,West,/plans/compare,5,Identity Verification,application start,/apply/verify,Yes,9,516,2.2,1,No,Basic,,No,,0.0
AV02900,826B49123F64EEBF,,,Anonymous Prospect,11/14/2024,11:56,Desktop,Chrome,New,SEO,,South,/,1,Home Page,application educate,/,Bounced/Browsed,2,101,1.8,0,No,Plus,,No,,0.0
AV02901,80CDF6179233A107,,,Anonymous Prospect,11/14/2024,13:21,Mobile,Safari,New,Paid Social,SOC_RENEW_Q424,South,/,2,Product Comparison,application educate,/plans/compare,Bounced/Browsed,4,111,3.4,0,No,Plus,,No,,0.0
AV02902,80A686362A2ECB94,,,Anonymous Prospect,11/14/2024,14:03,Mobile,Safari,New,SEM,SEM_ELITE_Q424,North,/,2,Product Comparison,application educate,/plans/compare,Bounced/Browsed,5,183,2.0,0,No,Elite,,No,,0.0
AV02903,FFB609FEBE9E750D,C089,,Existing Customer,11/14/2024,15:50,Desktop,Safari,Returning,Email,EM_PLUS_Q424,North,/plans/compare,1,Home Page,application educate,/,Bounced/Browsed,2,85,1.4,0,No,Plus,,No,,0.0
AV02904,5C41F98FBF2E95ED,,,Anonymous Prospect,11/14/2024,16:55,Mobile,Chrome,New,Direct Mail,DM_PLANS_Q424,South,/offer,3,Application Start,application start,/apply/start,Yes,6,293,1.5,0,No,Basic,,No,,0.0
AV02905,0627230F43C604D4,C088,,Existing Customer,11/14/2024,17:51,Mobile,Chrome,Returning,Direct,,South,/,2,Product Comparison,application educate,/plans/compare,Bounced/Browsed,5,205,3.6,0,No,Premium,,No,,0.0
AV02906,C36FD3E046C1893C,,,Anonymous Prospect,11/14/2024,17:52,Tablet,Safari,Returning,Direct,,West,/,1,Home Page,application educate,/,Bounced/Browsed,3,102,1.7,0,No,Basic,,No,,0.0
AV02907,B14CEBE2862AD620,C046,,Existing Customer,11/14/2024,18:28,Desktop,Chrome,Returning,Email,EM_PREMIUM_Q424,South,/plans/compare,8,Payment & Confirmation,application complete,,No,19,468,3.2,1,No,Premium,5212.34,Yes,ORD00191,5212.34
AV02908,195DDD083943FEC2,,,Anonymous Prospect,11/14/2024,21:20,Desktop,Chrome,New,SEM,SEM_BASIC_Q424,West,/,3,Application Start,application start,/apply/start,Yes,7,340,2.0,0,No,Basic,,No,,0.0
AV02909,644027EC047DB6EE,,,Anonymous Prospect,11/14/2024,22:09,Desktop,Chrome,New,Direct,,North,/,2,Product Comparison,application educate,/plans/compare,Bounced/Browsed,4,147,2.2,0,No,Plus,,No,,0.0
AV02910,8041512A0E881685,,,Anonymous Prospect,11/14/2024,22:19,Tablet,Chrome,New,Paid Social,SOC_BRAND_Q424,East,/plans/compare,1,Home Page,application educate,/,Bounced/Browsed,2,149,1.1,0,No,Premium,,No,,0.0
AV02911,5DB65F0D895F7A45,,L0546,New Lead,11/15/2024,07:12,Mobile,Chrome,New,SEO,,South,/plans/compare,4,Personal Details,application start,/apply/details,Yes,6,325,4.9,2,Yes,Basic,,No,,0.0
AV02912,65F2BCD180D0CDC2,,,Anonymous Prospect,11/15/2024,09:29,Mobile,Chrome,New,Direct Mail,DM_SWITCH_Q424,East,/offer,1,Home Page,application educate,/,Bounced/Browsed,2,81,0.7,0,No,Elite,,No,,0.0
AV02913,8155F38D09E2B44E,,L0547,New Lead,11/15/2024,11:10,Tablet,Safari,New,SEO,,West,/plans/compare,5,Identity Verification,application start,/apply/verify,Yes,8,284,0.7,0,No,Basic,,No,,0.0
AV02914,31C88661C8B288BF,,,Anonymous Prospect,11/15/2024,12:06,Desktop,Edge,New,SEO,,North,/plans/compare,1,Home Page,application educate,/,Bounced/Browsed,3,141,1.2,0,No,Plus,,No,,0.0
AV02915,16F8DCA5971D9EA3,,L0548,New Lead,11/15/2024,14:33,Desktop,Chrome,New,Email,EM_PLUS_Q424,East,/plans/compare,6,Plan Customization & Quote,application submit,/apply/quote,Yes,11,454,2.4,1,Yes,Plus,2898.05,No,,0.0
AV02916,71DA609E12799BE2,,,Anonymous Prospect,11/15/2024,15:25,Mobile,Chrome,Returning,Display,DSP_PLANS_Q424,West,/plans/compare,1,Home Page,application educate,/,Bounced/Browsed,2,92,4.3,0,No,Basic,,No,,0.0
AV02917,BB52E2FB422A29E4,,,Anonymous Prospect,11/15/2024,15:55,Tablet,Chrome,New,Affiliate,AFF_SWITCH_Q424,West,/,2,Product Comparison,application educate,/plans/compare,Bounced/Browsed,5,248,1.3,0,No,Basic,,No,,0.0
AV02918,5686DE02C1E9DA69,,,Anonymous Prospect,11/15/2024,15:57,Mobile,Chrome,New,Affiliate,AFF_PLANS_Q424,West,/plans/compare,1,Home Page,application educate,/,Bounced/Browsed,3,118,4.9,0,No,Premium,,No,,0.0
AV02919,E463AD6B02788404,,,Anonymous Prospect,11/15/2024,16:26,Mobile,Samsung Internet,Returning,SEO,,North,/plans/compare,2,Product Comparison,application educate,/plans/compare,Bounced/Browsed,5,157,4.4,0,No,Basic,,No,,0.0
AV02920,8B3E5833DE0FBA69,,,Anonymous Prospect,11/15/2024,18:01,Tablet,Samsung Internet,New,SEM,SEM_BRAND_Q424,West,/,2,Product Comparison,application educate,/plans/compare,Bounced/Browsed,4,175,1.9,0,No,Premium,,No,,0.0
AV02921,588CC5AE96F15C1F,,,Anonymous Prospect,11/16/2024,06:20,Mobile,Safari,New,SEM,SEM_BRAND_Q424,South,/,2,Product Comparison,application educate,/plans/compare,Bounced/Browsed,4,165,1.4,0,No,Basic,,No,,0.0
AV02922,A2A99E82368B8EFD,,,Anonymous Prospect,11/16/2024,06:30,Desktop,Safari,New,Direct Mail,DM_BRAND_Q424,West,/offer,2,Product Comparison,application educate,/plans/compare,Bounced/Browsed,3,163,2.5,0,No,Plus,,No,,0.0
AV02923,7A06A1F1F3B2E412,,,Anonymous Prospect,11/16/2024,07:24,Mobile,Chrome,New,Affiliate,AFF_PLANS_Q424,East,/,1,Home Page,application educate,/,Bounced/Browsed,1,81,5.7,0,No,Plus,,No,,0.0
AV02924,6192B1B4BCBCD5FA,,,Anonymous Prospect,11/16/2024,07:52,Desktop,Samsung Internet,New,Display,DSP_PREMIUM_Q424,East,/,1,Home Page,application educate,/,Bounced/Browsed,2,100,1.4,0,No,Premium,,No,,0.0
AV02925,A966DEE661B2A047,,,Anonymous Prospect,11/16/2024,07:59,Desktop,Chrome,New,SEM,SEM_BASIC_Q424,East,/,2,Product Comparison,application educate,/plans/compare,Bounced/Browsed,3,234,0.6,0,No,Basic,,No,,0.0
AV02926,0B258F046F0E234D,,,Anonymous Prospect,11/16/2024,08:22,Mobile,Chrome,Returning,Paid Social,SOC_PLANS_Q424,North,/,1,Home Page,application educate,/,Bounced/Browsed,1,76,5.6,0,No,Premium,,No,,0.0
AV02927,036940B5A6915E00,,,Anonymous Prospect,11/16/2024,08:56,Mobile,Safari,New,SEO,,East,/plans/compare,1,Home Page,application educate,/,Bounced/Browsed,2,74,2.5,0,No,Premium,,No,,0.0
AV02928,C9E7C01598DBA247,,,Anonymous Prospect,11/16/2024,12:03,Tablet,Safari,Returning,Direct,,North,/,2,Product Comparison,application educate,/plans/compare,Bounced/Browsed,4,144,1.6,0,No,Basic,,No,,0.0
AV02929,411A6F0933FFB9F7,,,Anonymous Prospect,11/16/2024,15:13,Tablet,Safari,New,Email,EM_RENEW_Q424,North,/plans/compare,3,Application Start,application start,/apply/start,Yes,7,266,3.4,0,No,Basic,,No,,0.0
AV02930,3190D745C6FD1509,,,Anonymous Prospect,11/16/2024,16:26,Desktop,Chrome,New,SEM,SEM_PLANS_Q424,North,/,1,Home Page,application educate,/,Bounced/Browsed,2,127,2.2,0,No,Basic,,No,,0.0
AV02931,6F77289D96DB927E,,,Anonymous Prospect,11/16/2024,17:00,Mobile,Chrome,New,SEO,,South,/plans/compare,2,Product Comparison,application educate,/plans/compare,Bounced/Browsed,4,181,3.3,0,No,Elite,,No,,0.0
AV02932,D3B79BAE80827936,,L0549,New Lead,11/16/2024,19:16,Desktop,Chrome,Returning,SEM,SEM_PREMIUM_Q424,North,/,8,Payment & Confirmation,application complete,,No,18,795,2.1,1,No,Premium,6561.68,Yes,ORD00192,6561.68
AV02933,29EF96106AC4C0D6,,,Anonymous Prospect,11/16/2024,19:57,Mobile,Firefox,New,Affiliate,AFF_PLANS_Q424,North,/plans/compare,2,Product Comparison,application educate,/plans/compare,Bounced/Browsed,4,188,2.5,0,No,Plus,,No,,0.0
AV02934,D834D9353177AEFA,C070,,Existing Customer,11/16/2024,21:05,Desktop,Edge,Returning,Direct,,West,/,8,Payment & Confirmation,application complete,,No,12,538,0.8,0,No,Basic,2581.33,Yes,ORD00193,2581.33
AV02935,8057EE815B28AF2D,,,Anonymous Prospect,11/16/2024,22:31,Mobile,Chrome,Returning,SEO,,North,/plans/compare,2,Product Comparison,application educate,/plans/compare,Bounced/Browsed,5,124,5.1,0,No,Premium,,No,,0.0
AV02936,093BF3ABDF67F96E,,,Anonymous Prospect,11/17/2024,07:53,Desktop,Edge,New,SEO,,East,/,1,Home Page,application educate,/,Bounced/Browsed,3,112,1.6,0,No,Premium,,No,,0.0
AV02937,B2B063D4B15E95BA,,,Anonymous Prospect,11/17/2024,08:09,Mobile,Edge,Returning,Affiliate,AFF_BRAND_Q424,East,/,2,Product Comparison,application educate,/plans/compare,Bounced/Browsed,4,132,1.6,0,No,Plus,,No,,0.0
AV02938,F44925C7A1A067FF,,,Anonymous Prospect,11/17/2024,08:23,Tablet,Chrome,New,Email,EM_RENEW_Q424,East,/plans/compare,2,Product Comparison,application educate,/plans/compare,Bounced/Browsed,6,148,2.2,0,No,Plus,,No,,0.0
AV02939,997831D159795900,,,Anonymous Prospect,11/17/2024,10:53,Mobile,Samsung Internet,New,SEM,SEM_BRAND_Q424,North,/,2,Product Comparison,application educate,/plans/compare,Bounced/Browsed,4,149,5.0,0,No,Premium,,No,,0.0
AV02940,DE47BC79951EEA2E,,,Anonymous Prospect,11/17/2024,11:36,Desktop,Chrome,New,SEO,,South,/plans/compare,1,Home Page,application educate,/,Bounced/Browsed,1,130,2.4,0,No,Plus,,No,,0.0
AV02941,3A05D8653C2BBC53,,L0550,New Lead,11/17/2024,13:18,Mobile,Safari,New,SEM,SEM_PLANS_Q424,South,/,5,Identity Verification,application start,/apply/verify,Yes,11,587,4.4,2,No,Basic,,No,,0.0
AV02942,CD0D82089C445A9C,,L0551,New Lead,11/17/2024,13:50,Mobile,Safari,New,SEM,SEM_SWITCH_Q424,North,/,4,Personal Details,application start,/apply/details,Yes,6,429,4.4,1,No,Elite,,No,,0.0
AV02943,2B5E9B9780B8EA6C,,L0552,New Lead,11/17/2024,14:27,Desktop,Chrome,New,Email,EM_SWITCH_Q424,North,/plans/compare,8,Payment & Confirmation,application complete,,No,10,799,2.5,0,No,Basic,1856.62,Yes,ORD00194,1856.62
AV02944,8BFBCF2899E90869,,,Anonymous Prospect,11/17/2024,14:30,Mobile,Safari,Returning,Affiliate,AFF_SWITCH_Q424,East,/plans/compare,2,Product Comparison,application educate,/plans/compare,Bounced/Browsed,3,269,0.7,0,No,Basic,,No,,0.0
AV02945,F822015EB039D160,,L0553,New Lead,11/17/2024,15:27,Desktop,Chrome,New,Direct Mail,DM_BRAND_Q424,South,/offer,7,Review & e-Sign,application submit,/apply/review,Yes,17,384,1.9,1,No,Plus,3607.99,No,,0.0
AV02946,706484C8921DDEDE,,,Anonymous Prospect,11/17/2024,17:19,Mobile,Chrome,New,Direct,,South,/,1,Home Page,application educate,/,Bounced/Browsed,3,82,4.8,0,No,Plus,,No,,0.0
AV02947,E67F5913D5EC39FB,,,Anonymous Prospect,11/17/2024,17:41,Mobile,Safari,Returning,Email,EM_PLANS_Q424,East,/plans/compare,2,Product Comparison,application educate,/plans/compare,Bounced/Browsed,5,139,1.4,0,No,Basic,,No,,0.0
AV02948,C7E90325A5F12F40,,,Anonymous Prospect,11/17/2024,19:18,Tablet,Chrome,New,SEO,,North,/,2,Product Comparison,application educate,/plans/compare,Bounced/Browsed,4,182,3.0,0,No,Premium,,No,,0.0
AV02949,96CAC404237576F3,,,Anonymous Prospect,11/17/2024,19:36,Desktop,Safari,New,SEM,SEM_PLANS_Q424,West,/,2,Product Comparison,application educate,/plans/compare,Bounced/Browsed,3,227,1.9,0,No,Basic,,No,,0.0
AV02950,E8A3C03B67381DB2,,,Anonymous Prospect,11/17/2024,22:26,Mobile,Safari,Returning,SEO,,South,/plans/compare,2,Product Comparison,application educate,/plans/compare,Bounced/Browsed,5,156,2.5,0,No,Plus,,No,,0.0
AV02951,AFF35027FCE2FB15,,,Anonymous Prospect,11/18/2024,06:33,Mobile,Safari,New,SEO,,East,/plans/compare,1,Home Page,application educate,/,Bounced/Browsed,4,122,2.9,0,No,Plus,,No,,0.0
AV02952,9B7213E86D310D30,,,Anonymous Prospect,11/18/2024,06:47,Mobile,Chrome,Returning,Email,EM_RENEW_Q424,North,/,2,Product Comparison,application educate,/plans/compare,Bounced/Browsed,6,164,2.0,0,No,Plus,,No,,0.0
AV02953,AEEC3B116769E879,,,Anonymous Prospect,11/18/2024,08:33,Mobile,Firefox,Returning,Paid Social,SOC_PLANS_Q424,West,/,1,Home Page,application educate,/,Bounced/Browsed,3,150,2.2,0,No,Plus,,No,,0.0
AV02954,D30A9BFAA01222C3,,L0554,New Lead,11/18/2024,10:10,Desktop,Safari,New,SEM,SEM_BRAND_Q424,West,/,8,Payment & Confirmation,application complete,,No,20,660,3.1,1,No,Plus,2476.03,Yes,ORD00195,2476.03
AV02955,CBA1628E43708542,,L0555,New Lead,11/18/2024,11:06,Mobile,Safari,Returning,Display,DSP_SWITCH_Q424,West,/,6,Plan Customization & Quote,application submit,/apply/quote,Yes,10,533,2.3,0,No,Basic,2115.82,No,,0.0
AV02956,0E1537CBD5585DCC,,,Anonymous Prospect,11/18/2024,12:00,Desktop,Chrome,New,SEM,SEM_PLANS_Q424,South,/,2,Product Comparison,application educate,/plans/compare,Bounced/Browsed,4,134,0.6,0,No,Basic,,No,,0.0
AV02957,4C5E6E726621516B,,,Anonymous Prospect,11/18/2024,14:03,Mobile,Chrome,New,Paid Social,SOC_BASIC_Q424,South,/,1,Home Page,application educate,/,Bounced/Browsed,3,121,2.0,0,No,Basic,,No,,0.0
AV02958,FC90C647DB29DF4A,,,Anonymous Prospect,11/18/2024,14:28,Tablet,Edge,New,Affiliate,AFF_BRAND_Q424,East,/plans/compare,1,Home Page,application educate,/,Bounced/Browsed,4,127,2.1,0,No,Plus,,No,,0.0
AV02959,7BC1E3101DE10939,,,Anonymous Prospect,11/18/2024,15:05,Mobile,Chrome,New,SEO,,North,/plans/compare,1,Home Page,application educate,/,Bounced/Browsed,1,68,2.2,0,No,Basic,,No,,0.0
AV02960,D2A29C2D8F5092E7,,,Anonymous Prospect,11/18/2024,17:57,Desktop,Samsung Internet,Returning,Direct Mail,DM_RENEW_Q424,South,/offer,2,Product Comparison,application educate,/plans/compare,Bounced/Browsed,5,189,2.6,0,No,Premium,,No,,0.0
AV02961,33517C0577C65D2D,,,Anonymous Prospect,11/18/2024,19:23,Desktop,Edge,New,Direct Mail,DM_PLANS_Q424,East,/offer,1,Home Page,application educate,/,Bounced/Browsed,1,104,2.5,0,No,Plus,,No,,0.0
AV02962,2AE8FBACE24DF3F9,,,Anonymous Prospect,11/18/2024,21:38,Mobile,Chrome,New,SEO,,West,/plans/compare,1,Home Page,application educate,/,Bounced/Browsed,3,105,1.4,0,No,Premium,,No,,0.0
AV02963,FE2F441CCAD18FFC,,,Anonymous Prospect,11/18/2024,22:27,Tablet,Safari,Returning,SEM,SEM_RENEW_Q424,East,/plans/compare,1,Home Page,application educate,/,Bounced/Browsed,2,91,2.0,0,No,Basic,,No,,0.0
AV02964,D902E059D86B231C,,,Anonymous Prospect,11/19/2024,08:25,Desktop,Safari,Returning,Direct Mail,DM_PLANS_Q424,North,/offer,2,Product Comparison,application educate,/plans/compare,Bounced/Browsed,5,127,1.9,0,No,Basic,,No,,0.0
AV02965,B23AEED6CC137EBF,,,Anonymous Prospect,11/19/2024,09:45,Desktop,Edge,New,SEM,SEM_SWITCH_Q424,East,/plans/compare,3,Application Start,application start,/apply/start,Yes,8,271,1.4,0,No,Elite,,No,,0.0
AV02966,8B49A4AE377D8724,,,Anonymous Prospect,11/19/2024,11:38,Desktop,Safari,New,SEM,SEM_RENEW_Q424,South,/,1,Home Page,application educate,/,Bounced/Browsed,3,104,1.5,0,No,Premium,,No,,0.0
AV02967,731DC2EA6868954C,,,Anonymous Prospect,11/19/2024,12:45,Mobile,Chrome,New,Direct Mail,DM_PLANS_Q424,West,/offer,1,Home Page,application educate,/,Bounced/Browsed,1,135,2.2,0,No,Plus,,No,,0.0
AV02968,0702DE494D13CC5B,,,Anonymous Prospect,11/19/2024,13:25,Desktop,Chrome,New,Email,EM_BRAND_Q424,South,/plans/compare,2,Product Comparison,application educate,/plans/compare,Bounced/Browsed,4,179,2.9,0,No,Premium,,No,,0.0
AV02969,3CC1E884376A250E,,,Anonymous Prospect,11/19/2024,16:15,Desktop,Chrome,Returning,SEM,SEM_RENEW_Q424,West,/plans/compare,1,Home Page,application educate,/,Bounced/Browsed,3,75,2.0,0,No,Premium,,No,,0.0
AV02970,BB74B476F7EC78DE,,,Anonymous Prospect,11/19/2024,18:36,Mobile,Chrome,New,Email,EM_PLANS_Q424,West,/plans/compare,1,Home Page,application educate,/,Bounced/Browsed,1,100,2.9,0,No,Premium,,No,,0.0
AV02971,A51065BF5956AC04,,,Anonymous Prospect,11/19/2024,19:28,Desktop,Edge,New,SEO,,East,/plans/compare,2,Product Comparison,application educate,/plans/compare,Bounced/Browsed,5,139,1.9,0,No,Elite,,No,,0.0
AV02972,0C982BB5EFCAD865,,L0556,New Lead,11/19/2024,19:37,Mobile,Chrome,Returning,SEO,,East,/,5,Identity Verification,application start,/apply/verify,Yes,13,415,2.5,2,No,Basic,,No,,0.0
AV02973,C61CD4B1E8D19567,,,Anonymous Prospect,11/19/2024,20:23,Desktop,Safari,New,SEM,SEM_PLANS_Q424,West,/,3,Application Start,application start,/apply/start,Yes,5,211,2.6,0,No,Plus,,No,,0.0
AV02974,92D18C35EF72B3A5,,L0557,New Lead,11/19/2024,21:10,Desktop,Chrome,New,Paid Social,SOC_BRAND_Q424,North,/,8,Payment & Confirmation,application complete,,No,19,655,3.3,1,No,Basic,1324.54,Yes,ORD00196,1324.54
AV02975,CC8927A38861C835,,,Anonymous Prospect,11/19/2024,21:51,Mobile,Chrome,New,Paid Social,SOC_BASIC_Q424,South,/plans/compare,1,Home Page,application educate,/,Bounced/Browsed,2,89,5.2,0,No,Basic,,No,,0.0
AV02976,8BCA491C4C3F9D97,,,Anonymous Prospect,11/20/2024,07:56,Desktop,Safari,New,Display,DSP_PREMIUM_Q424,North,/,1,Home Page,application educate,/,Bounced/Browsed,4,135,2.9,0,No,Premium,,No,,0.0
AV02977,78C4BC2C7C2EADF9,,,Anonymous Prospect,11/20/2024,08:59,Mobile,Firefox,Returning,Email,EM_SWITCH_Q424,East,/plans/compare,1,Home Page,application educate,/,Bounced/Browsed,3,132,4.8,0,No,Plus,,No,,0.0
AV02978,EE831AFFD3AE2F8F,,,Anonymous Prospect,11/20/2024,10:43,Mobile,Chrome,New,Paid Social,SOC_PLANS_Q424,North,/,1,Home Page,application educate,/,Bounced/Browsed,1,149,1.7,0,No,Premium,,No,,0.0
AV02979,8863DDE0AD323B85,,L0558,New Lead,11/20/2024,11:36,Mobile,Safari,New,Direct,,East,/,5,Identity Verification,application start,/apply/verify,Yes,11,347,1.0,1,No,Basic,,No,,0.0
AV02980,3E784FE17128B2CE,,,Anonymous Prospect,11/20/2024,14:40,Mobile,Edge,New,SEO,,West,/,2,Product Comparison,application educate,/plans/compare,Bounced/Browsed,5,238,3.6,0,Yes,Plus,,No,,0.0
AV02981,726D9323E8DDC1E7,,,Anonymous Prospect,11/20/2024,15:24,Mobile,Chrome,New,Paid Social,SOC_BASIC_Q424,West,/plans/compare,2,Product Comparison,application educate,/plans/compare,Bounced/Browsed,5,190,1.8,0,No,Basic,,No,,0.0
AV02982,8D9E4DB6E155EE85,,L0559,New Lead,11/20/2024,16:32,Mobile,Chrome,New,SEO,,East,/,8,Payment & Confirmation,application complete,,No,16,613,2.2,1,No,Basic,2175.49,Yes,ORD00197,2175.49
AV02983,019C7098F8962E77,,,Anonymous Prospect,11/20/2024,16:55,Mobile,Edge,New,SEO,,West,/plans/compare,2,Product Comparison,application educate,/plans/compare,Bounced/Browsed,3,221,1.4,0,No,Basic,,No,,0.0
AV02984,E153C0AAA3CAE9F6,,,Anonymous Prospect,11/20/2024,17:01,Desktop,Edge,Returning,SEM,SEM_PLANS_Q424,West,/,2,Product Comparison,application educate,/plans/compare,Bounced/Browsed,3,165,1.2,0,No,Plus,,No,,0.0
AV02985,FDDEBF9032DA1F07,,,Anonymous Prospect,11/20/2024,17:03,Desktop,Safari,Returning,Direct,,West,/,1,Home Page,application educate,/,Bounced/Browsed,1,148,1.9,0,No,Premium,,No,,0.0
AV02986,E2D9C90E2FCE2373,,,Anonymous Prospect,11/20/2024,18:26,Mobile,Chrome,New,SEM,SEM_BRAND_Q424,East,/,2,Product Comparison,application educate,/plans/compare,Bounced/Browsed,5,198,1.4,0,No,Premium,,No,,0.0
AV02987,533040B0A614AEAF,,,Anonymous Prospect,11/20/2024,18:34,Desktop,Safari,Returning,Paid Social,SOC_RENEW_Q424,West,/,1,Home Page,application educate,/,Bounced/Browsed,3,122,2.8,0,No,Plus,,No,,0.0
AV02988,02591CD8F519B0B4,,L0560,New Lead,11/21/2024,11:37,Desktop,Safari,Returning,Direct,,South,/,8,Payment & Confirmation,application complete,,No,15,733,2.5,2,No,Plus,3731.09,Yes,ORD00198,3731.09
AV02989,F22D4AAC65BB8788,,,Anonymous Prospect,11/21/2024,13:06,Tablet,Safari,Returning,Paid Social,SOC_BRAND_Q424,North,/,2,Product Comparison,application educate,/plans/compare,Bounced/Browsed,5,149,3.2,0,No,Premium,,No,,0.0
AV02990,07CD13322BC9D8C2,,,Anonymous Prospect,11/21/2024,13:10,Desktop,Firefox,New,Direct,,East,/,2,Product Comparison,application educate,/plans/compare,Bounced/Browsed,5,180,2.6,0,No,Basic,,No,,0.0
AV02991,DE7A486E4BC8E876,,,Anonymous Prospect,11/21/2024,14:53,Desktop,Edge,New,Display,DSP_PLUS_Q424,South,/plans/compare,1,Home Page,application educate,/,Bounced/Browsed,2,115,1.9,0,No,Plus,,No,,0.0
AV02992,2208B66BFA88FE7A,,L0561,New Lead,11/21/2024,16:17,Mobile,Chrome,Returning,SEO,,West,/,4,Personal Details,application start,/apply/details,Yes,6,222,2.2,1,No,Premium,,No,,0.0
AV02993,CDFCE440CA283C36,,,Anonymous Prospect,11/21/2024,17:24,Mobile,Edge,New,SEO,,North,/,1,Home Page,application educate,/,Bounced/Browsed,4,103,5.1,0,No,Basic,,No,,0.0
AV02994,2BEF6012CB7E3A41,,,Anonymous Prospect,11/21/2024,19:33,Mobile,Safari,New,Direct,,South,/,2,Product Comparison,application educate,/plans/compare,Bounced/Browsed,3,195,1.8,0,No,Premium,,No,,0.0
AV02995,A07047E026B14596,,,Anonymous Prospect,11/21/2024,20:20,Mobile,Chrome,Returning,SEM,SEM_SWITCH_Q424,East,/,2,Product Comparison,application educate,/plans/compare,Bounced/Browsed,3,233,2.0,0,No,Plus,,No,,0.0
AV02996,701AEA370C490550,,,Anonymous Prospect,11/21/2024,20:56,Mobile,Safari,New,Affiliate,AFF_BRAND_Q424,North,/plans/compare,3,Application Start,application start,/apply/start,Yes,7,342,3.0,0,No,Basic,,No,,0.0
AV02997,1A5BCE63A2DD2520,,,Anonymous Prospect,11/21/2024,21:55,Desktop,Safari,Returning,SEM,SEM_PLANS_Q424,North,/,1,Home Page,application educate,/,Bounced/Browsed,3,134,1.8,0,No,Elite,,No,,0.0
AV02998,915B905E84FD9917,,,Anonymous Prospect,11/22/2024,06:15,Desktop,Chrome,New,Direct Mail,DM_PLANS_Q424,South,/offer,1,Home Page,application educate,/,Bounced/Browsed,3,128,0.9,0,No,Basic,,No,,0.0
AV02999,386EF6DA70667F82,,,Anonymous Prospect,11/22/2024,07:35,Mobile,Chrome,New,SEM,SEM_PLUS_Q424,South,/,3,Application Start,application start,/apply/start,Yes,5,310,2.7,0,No,Plus,,No,,0.0
AV03000,424A522A636FA957,,,Anonymous Prospect,11/22/2024,08:15,Desktop,Chrome,Returning,Direct Mail,DM_PLANS_Q424,South,/offer,2,Product Comparison,application educate,/plans/compare,Bounced/Browsed,2,214,2.2,0,No,Plus,,No,,0.0
AV03001,58D2BADFA8131DF6,,,Anonymous Prospect,11/22/2024,09:30,Desktop,Safari,New,Display,DSP_PLUS_Q424,South,/,1,Home Page,application educate,/,Bounced/Browsed,3,141,3.1,0,No,Plus,,No,,0.0
AV03002,0216033AA84914E1,,,Anonymous Prospect,11/22/2024,12:46,Desktop,Chrome,Returning,Direct,,West,/,2,Product Comparison,application educate,/plans/compare,Bounced/Browsed,2,197,1.8,0,No,Premium,,No,,0.0
AV03003,3F8BA375C88627BD,,,Anonymous Prospect,11/22/2024,13:15,Mobile,Chrome,New,SEM,SEM_RENEW_Q424,North,/,1,Home Page,application educate,/,Bounced/Browsed,1,101,1.3,0,No,Elite,,No,,0.0
AV03004,8E418D485B7D3E71,,L0562,New Lead,11/22/2024,13:58,Tablet,Safari,Returning,SEM,SEM_PLANS_Q424,North,/,8,Payment & Confirmation,application complete,,No,16,838,2.0,0,No,Plus,3072.35,Yes,ORD00199,3072.35
AV03005,5F27BA66C31C99BC,,,Anonymous Prospect,11/22/2024,14:19,Tablet,Chrome,New,SEO,,East,/plans/compare,1,Home Page,application educate,/,Bounced/Browsed,3,129,2.5,0,No,Plus,,No,,0.0
AV03006,EB34E0F45982E438,,,Anonymous Prospect,11/22/2024,14:53,Mobile,Edge,New,Direct Mail,DM_PLUS_Q424,South,/offer,1,Home Page,application educate,/,Bounced/Browsed,3,99,4.5,0,No,Plus,,No,,0.0
AV03007,5D80A2CCB6BBE3DA,,,Anonymous Prospect,11/22/2024,15:34,Desktop,Chrome,Returning,Direct,,South,/,2,Product Comparison,application educate,/plans/compare,Bounced/Browsed,6,156,1.8,0,No,Elite,,No,,0.0
AV03008,ECB6628B2A3EF205,C079,,Existing Customer,11/22/2024,16:22,Desktop,Safari,Returning,Display,DSP_PLANS_Q424,South,/,1,Home Page,application educate,/,Bounced/Browsed,2,105,1.1,0,No,Premium,,No,,0.0
AV03009,A69F3E394D0E89A7,,L0563,New Lead,11/22/2024,16:22,Mobile,Safari,Returning,Email,EM_BRAND_Q424,East,/,5,Identity Verification,application start,/apply/verify,Yes,11,292,2.4,2,No,Plus,,No,,0.0
AV03010,C5C54D524C19827E,,,Anonymous Prospect,11/22/2024,17:03,Desktop,Chrome,New,SEO,,North,/plans/compare,2,Product Comparison,application educate,/plans/compare,Bounced/Browsed,4,215,2.2,0,No,Basic,,No,,0.0
AV03011,6C6E1004B2B21EDD,,,Anonymous Prospect,11/22/2024,19:22,Tablet,Samsung Internet,New,Direct Mail,DM_SWITCH_Q424,South,/offer,2,Product Comparison,application educate,/plans/compare,Bounced/Browsed,4,242,2.7,0,No,Basic,,No,,0.0
AV03012,15404BE753686D14,,,Anonymous Prospect,11/22/2024,21:18,Mobile,Chrome,New,Paid Social,SOC_SWITCH_Q424,North,/,1,Home Page,application educate,/,Bounced/Browsed,1,102,2.6,0,No,Premium,,No,,0.0
AV03013,E0FB7AFDCCFFADD8,,,Anonymous Prospect,11/22/2024,21:23,Desktop,Chrome,New,Direct,,West,/,2,Product Comparison,application educate,/plans/compare,Bounced/Browsed,4,181,1.7,0,No,Basic,,No,,0.0
AV03014,1BD3408A3FEF0BAF,,L0564,New Lead,11/23/2024,08:09,Desktop,Chrome,Returning,SEM,SEM_SWITCH_Q424,South,/plans/compare,4,Personal Details,application start,/apply/details,Yes,9,276,2.6,4,No,Premium,,No,,0.0
AV03015,531ECF46AA91F7EF,,,Anonymous Prospect,11/23/2024,08:41,Mobile,Chrome,Returning,Email,EM_SWITCH_Q424,South,/plans/compare,1,Home Page,application educate,/,Bounced/Browsed,4,135,1.8,0,No,Basic,,No,,0.0
AV03016,D78FAD1868D87987,,L0565,New Lead,11/23/2024,08:49,Mobile,Firefox,Returning,Direct,,East,/,6,Plan Customization & Quote,application submit,/apply/quote,Yes,10,511,3.7,3,No,Basic,2396.1,No,,0.0
AV03017,FDE256174D3DA8A1,,,Anonymous Prospect,11/23/2024,10:03,Desktop,Edge,New,SEM,SEM_PLUS_Q424,East,/,2,Product Comparison,application educate,/plans/compare,Bounced/Browsed,5,161,2.2,0,No,Plus,,No,,0.0
AV03018,5AA85C49F87A3DF1,,,Anonymous Prospect,11/23/2024,10:31,Desktop,Chrome,New,SEM,SEM_PLANS_Q424,South,/,2,Product Comparison,application educate,/plans/compare,Bounced/Browsed,5,204,2.1,0,No,Elite,,No,,0.0
AV03019,84EDEEA1688D45A4,,L0566,New Lead,11/23/2024,10:39,Mobile,Safari,New,Direct Mail,DM_PLUS_Q424,West,/offer,4,Personal Details,application start,/apply/details,Yes,7,342,4.5,3,No,Plus,,No,,0.0
AV03020,3DFEADF2DE6F8DAB,,,Anonymous Prospect,11/23/2024,10:50,Tablet,Chrome,New,Affiliate,AFF_PLANS_Q424,East,/,1,Home Page,application educate,/,Bounced/Browsed,3,79,1.6,0,No,Plus,,No,,0.0
AV03021,9112986C57BCAABE,,,Anonymous Prospect,11/23/2024,11:07,Mobile,Chrome,New,Direct,,East,/,2,Product Comparison,application educate,/plans/compare,Bounced/Browsed,5,177,5.0,0,No,Plus,,No,,0.0
AV03022,E5FC948FDA68FA5D,,,Anonymous Prospect,11/23/2024,11:55,Mobile,Chrome,Returning,Direct,,South,/,1,Home Page,application educate,/,Bounced/Browsed,3,143,3.2,0,No,Plus,,No,,0.0
AV03023,FCF6E9CDA6D79628,,,Anonymous Prospect,11/23/2024,12:07,Desktop,Safari,New,Affiliate,AFF_PLANS_Q424,South,/,2,Product Comparison,application educate,/plans/compare,Bounced/Browsed,3,233,0.6,0,No,Plus,,No,,0.0
AV03024,0ACC5BED8BBBDDF4,,,Anonymous Prospect,11/23/2024,13:03,Mobile,Safari,New,SEM,SEM_BRAND_Q424,South,/,2,Product Comparison,application educate,/plans/compare,Bounced/Browsed,2,141,5.4,0,No,Basic,,No,,0.0
AV03025,CE59C1C1F5FD1F44,,,Anonymous Prospect,11/23/2024,13:51,Mobile,Chrome,New,SEO,,South,/plans/compare,1,Home Page,application educate,/,Bounced/Browsed,3,149,3.4,0,No,Basic,,No,,0.0
AV03026,77D48F69B349B794,,L0567,New Lead,11/23/2024,14:39,Desktop,Safari,New,Email,EM_BRAND_Q424,North,/plans/compare,4,Personal Details,application start,/apply/details,Yes,8,355,1.6,2,No,Elite,,No,,0.0
AV03027,C4DA9E597705F029,,L0568,New Lead,11/23/2024,17:29,Desktop,Safari,Returning,Email,EM_SWITCH_Q424,North,/plans/compare,4,Personal Details,application start,/apply/details,Yes,7,300,1.1,2,No,Premium,,No,,0.0
AV03028,52714668A85B391F,C087,,Existing Customer,11/23/2024,18:49,Mobile,Safari,Returning,Email,EM_RENEW_Q424,East,/plans/compare,5,Identity Verification,application start,/apply/verify,Yes,11,344,4.3,3,No,Plus,,No,,0.0
AV03029,E72CAD1D899C8A2C,,L0569,New Lead,11/23/2024,19:00,Mobile,Chrome,New,Direct Mail,DM_PLUS_Q424,East,/offer,5,Identity Verification,application start,/apply/verify,Yes,8,438,3.0,4,No,Plus,,No,,0.0
AV03030,D69AC312D73F2855,,L0570,New Lead,11/23/2024,19:16,Mobile,Chrome,Returning,Direct,,East,/,8,Payment & Confirmation,application complete,,No,16,467,1.8,0,No,Basic,1429.75,Yes,ORD00200,1429.75
AV03031,FA9904761D4E6EE8,,,Anonymous Prospect,11/23/2024,19:54,Mobile,Chrome,New,SEO,,South,/plans/compare,2,Product Comparison,application educate,/plans/compare,Bounced/Browsed,4,112,1.6,0,No,Basic,,No,,0.0
AV03032,255578D33AC13B89,C016,,Existing Customer,11/23/2024,20:34,Desktop,Firefox,Returning,SEO,,East,/,5,Identity Verification,application start,/apply/verify,Yes,10,474,1.3,2,Yes,Premium,,No,,0.0
AV03033,C6869B70C7F5D9BF,,,Anonymous Prospect,11/23/2024,22:43,Desktop,Chrome,New,Direct,,East,/,1,Home Page,application educate,/,Bounced/Browsed,3,116,2.3,0,No,Basic,,No,,0.0
AV03034,ED665969525E7BA3,,,Anonymous Prospect,11/24/2024,06:46,Mobile,Chrome,Returning,Direct,,East,/,3,Application Start,application start,/apply/start,Yes,7,354,4.9,0,Yes,Basic,,No,,0.0
AV03035,2A4E146860FD82D2,,,Anonymous Prospect,11/24/2024,08:07,Desktop,Chrome,New,Paid Social,SOC_PLANS_Q424,North,/plans/compare,1,Home Page,application educate,/,Bounced/Browsed,1,92,1.9,0,No,Premium,,No,,0.0
AV03036,1A284A3849A3656D,,,Anonymous Prospect,11/24/2024,08:20,Desktop,Chrome,New,Affiliate,AFF_SWITCH_Q424,East,/,2,Product Comparison,application educate,/plans/compare,Bounced/Browsed,4,177,2.2,0,No,Premium,,No,,0.0
AV03037,647EA48E1FA23AF4,,,Anonymous Prospect,11/24/2024,10:14,Mobile,Chrome,New,SEM,SEM_RENEW_Q424,South,/,1,Home Page,application educate,/,Bounced/Browsed,2,99,5.2,0,No,Premium,,No,,0.0
AV03038,F588025601E88E1C,,,Anonymous Prospect,11/24/2024,10:26,Desktop,Safari,New,Direct,,South,/,1,Home Page,application educate,/,Bounced/Browsed,2,113,3.4,0,No,Premium,,No,,0.0
AV03039,32AF21FC333664CA,,,Anonymous Prospect,11/24/2024,12:41,Mobile,Chrome,Returning,Paid Social,SOC_PLANS_Q424,East,/plans/compare,1,Home Page,application educate,/,Bounced/Browsed,2,152,4.3,0,No,Premium,,No,,0.0
AV03040,312E4155EFF89549,,,Anonymous Prospect,11/24/2024,12:41,Mobile,Samsung Internet,New,Direct Mail,DM_RENEW_Q424,East,/offer,3,Application Start,application start,/apply/start,Yes,5,197,1.5,0,No,Basic,,No,,0.0
AV03041,E7F60193A1D8C402,,L0571,New Lead,11/24/2024,12:51,Desktop,Samsung Internet,Returning,Direct Mail,DM_RENEW_Q424,South,/offer,8,Payment & Confirmation,application complete,,No,13,427,2.1,1,No,Basic,1601.88,Yes,ORD00201,1601.88
AV03042,03A5B7B551839748,,,Anonymous Prospect,11/24/2024,14:32,Mobile,Safari,New,Affiliate,AFF_PLUS_Q424,West,/,2,Product Comparison,application educate,/plans/compare,Bounced/Browsed,4,191,4.0,0,No,Plus,,No,,0.0
AV03043,814E1266DF1F80D9,,,Anonymous Prospect,11/24/2024,14:37,Mobile,Chrome,New,SEM,SEM_RENEW_Q424,South,/,2,Product Comparison,application educate,/plans/compare,Bounced/Browsed,6,186,4.6,0,No,Premium,,No,,0.0
AV03044,03B6874A63691741,C067,,Existing Customer,11/24/2024,16:15,Mobile,Chrome,Returning,Affiliate,AFF_RENEW_Q424,West,/plans/compare,2,Product Comparison,application educate,/plans/compare,Bounced/Browsed,5,203,1.9,0,No,Premium,,No,,0.0
AV03045,0238291345F3329E,,L0572,New Lead,11/24/2024,16:16,Desktop,Chrome,New,Affiliate,AFF_BRAND_Q424,North,/plans/compare,4,Personal Details,application start,/apply/details,Yes,9,269,2.8,3,No,Plus,,No,,0.0
AV03046,BA02BCE5E625FA0D,,,Anonymous Prospect,11/24/2024,16:24,Mobile,Chrome,Returning,SEM,SEM_RENEW_Q424,East,/,2,Product Comparison,application educate,/plans/compare,Bounced/Browsed,5,235,2.0,0,No,Plus,,No,,0.0
AV03047,0677D2C4D5942189,,,Anonymous Prospect,11/24/2024,18:22,Mobile,Safari,New,Paid Social,SOC_BRAND_Q424,West,/,1,Home Page,application educate,/,Bounced/Browsed,4,106,4.9,0,No,Basic,,No,,0.0
AV03048,2F55CF4D4235CF57,,,Anonymous Prospect,11/24/2024,18:45,Mobile,Safari,New,SEO,,East,/plans/compare,1,Home Page,application educate,/,Bounced/Browsed,2,126,2.4,0,No,Premium,,No,,0.0
AV03049,51B15EAB5BF277AE,,L0573,New Lead,11/24/2024,20:20,Mobile,Safari,New,Direct Mail,DM_BRAND_Q424,East,/offer,5,Identity Verification,application start,/apply/verify,Yes,8,414,1.3,6,No,Plus,,No,,0.0
AV03050,98AFEAD28CDCE3E6,,L0574,New Lead,11/24/2024,20:47,Mobile,Edge,New,SEM,SEM_PLANS_Q424,East,/plans/compare,5,Identity Verification,application start,/apply/verify,Yes,12,516,1.7,1,Yes,Basic,,No,,0.0
AV03051,D7038623BD380D0A,,,Anonymous Prospect,11/25/2024,06:25,Desktop,Safari,New,Paid Social,SOC_RENEW_Q424,West,/plans/compare,2,Product Comparison,application educate,/plans/compare,Bounced/Browsed,5,118,1.9,0,No,Premium,,No,,0.0
AV03052,E093B78FBD380184,,,Anonymous Prospect,11/25/2024,08:34,Mobile,Safari,Returning,Direct Mail,DM_PREMIUM_Q424,North,/offer,2,Product Comparison,application educate,/plans/compare,Bounced/Browsed,3,245,5.7,0,No,Premium,,No,,0.0
AV03053,471283F7E4B7C4B5,,,Anonymous Prospect,11/25/2024,09:01,Mobile,Chrome,New,Paid Social,SOC_RENEW_Q424,South,/,1,Home Page,application educate,/,Bounced/Browsed,3,111,4.8,0,No,Plus,,No,,0.0
AV03054,32395E48DBA3483C,,L0575,New Lead,11/25/2024,09:53,Desktop,Safari,New,Direct,,North,/,8,Payment & Confirmation,application complete,,No,18,459,1.6,0,No,Plus,2622.2,Yes,ORD00202,2622.2
AV03055,9DF273825F0D9502,,,Anonymous Prospect,11/25/2024,10:47,Mobile,Safari,New,Paid Social,SOC_BASIC_Q424,South,/,1,Home Page,application educate,/,Bounced/Browsed,2,99,2.3,0,No,Basic,,No,,0.0
AV03056,8DCF81E97D35950C,,,Anonymous Prospect,11/25/2024,13:02,Desktop,Safari,Returning,Paid Social,SOC_PLANS_Q424,South,/,1,Home Page,application educate,/,Bounced/Browsed,3,102,1.9,0,No,Premium,,No,,0.0
AV03057,61213A769B85F19B,,,Anonymous Prospect,11/25/2024,13:12,Mobile,Chrome,Returning,Affiliate,AFF_RENEW_Q424,South,/,2,Product Comparison,application educate,/plans/compare,Bounced/Browsed,4,177,4.2,0,No,Plus,,No,,0.0
AV03058,74D5A089E358F4ED,,L0576,New Lead,11/25/2024,13:17,Mobile,Chrome,Returning,Direct Mail,DM_RENEW_Q424,West,/offer,8,Payment & Confirmation,application complete,,No,18,731,1.3,0,No,Plus,4197.9,Yes,ORD00203,4197.9
AV03059,7022BB9FB334FCE1,,,Anonymous Prospect,11/25/2024,13:38,Mobile,Chrome,Returning,SEO,,East,/plans/compare,1,Home Page,application educate,/,Bounced/Browsed,3,125,2.5,0,No,Basic,,No,,0.0
AV03060,C12793AF891EBEBE,,,Anonymous Prospect,11/25/2024,14:12,Desktop,Safari,New,SEM,SEM_BRAND_Q424,North,/,1,Home Page,application educate,/,Bounced/Browsed,3,130,2.1,0,No,Plus,,No,,0.0
AV03061,C0A5E32320A73F42,,,Anonymous Prospect,11/25/2024,15:37,Mobile,Chrome,New,Direct Mail,DM_BASIC_Q424,West,/offer,1,Home Page,application educate,/,Bounced/Browsed,3,94,4.9,0,No,Basic,,No,,0.0
AV03062,2220E96414F2E864,,,Anonymous Prospect,11/25/2024,15:50,Mobile,Safari,New,SEM,SEM_BRAND_Q424,East,/,2,Product Comparison,application educate,/plans/compare,Bounced/Browsed,6,212,1.7,0,No,Basic,,No,,0.0
AV03063,D9B0AD67DC0C376A,C090,,Existing Customer,11/25/2024,15:54,Desktop,Firefox,New,Direct Mail,DM_RENEW_Q424,North,/offer,4,Personal Details,application start,/apply/details,Yes,9,294,3.7,0,Yes,Plus,,No,,0.0
AV03064,8C687A192E8E512A,,,Anonymous Prospect,11/25/2024,15:58,Mobile,Samsung Internet,New,SEO,,West,/plans/compare,1,Home Page,application educate,/,Bounced/Browsed,3,72,1.4,0,No,Plus,,No,,0.0
AV03065,4F3845794874C260,,,Anonymous Prospect,11/25/2024,17:41,Mobile,Samsung Internet,New,SEM,SEM_BRAND_Q424,North,/plans/compare,1,Home Page,application educate,/,Bounced/Browsed,3,106,1.4,0,No,Plus,,No,,0.0
AV03066,08D0201D84D18383,,,Anonymous Prospect,11/25/2024,19:41,Mobile,Safari,New,Affiliate,AFF_BRAND_Q424,East,/,1,Home Page,application educate,/,Bounced/Browsed,1,158,4.0,0,No,Premium,,No,,0.0
AV03067,1B00BB6D7660C922,,L0577,New Lead,11/25/2024,20:09,Mobile,Chrome,New,SEM,SEM_RENEW_Q424,South,/plans/compare,5,Identity Verification,application start,/apply/verify,Yes,11,288,5.2,1,No,Premium,,No,,0.0
AV03068,FC21277BF26DC778,,,Anonymous Prospect,11/25/2024,20:27,Mobile,Chrome,Returning,SEM,SEM_SWITCH_Q424,East,/plans/compare,1,Home Page,application educate,/,Bounced/Browsed,3,153,2.0,0,No,Premium,,No,,0.0
AV03069,C4049593642F52DE,,L0578,New Lead,11/25/2024,22:57,Mobile,Edge,New,Email,EM_PREMIUM_Q424,South,/,8,Payment & Confirmation,application complete,,No,15,803,5.8,0,No,Premium,4553.52,Yes,ORD00204,4553.52
AV03070,FFB609FEBE9E750D,C089,,Existing Customer,11/26/2024,06:04,Mobile,Firefox,Returning,Email,EM_BRAND_Q424,North,/plans/compare,8,Payment & Confirmation,application complete,,No,12,557,2.3,0,No,Premium,5843.59,Yes,ORD00205,5843.59
AV03071,1BC2FA9ECD36EAB4,,,Anonymous Prospect,11/26/2024,06:06,Desktop,Safari,New,Direct,,East,/,2,Product Comparison,application educate,/plans/compare,Bounced/Browsed,4,196,1.7,0,No,Premium,,No,,0.0
AV03072,024F81A9137B463B,,,Anonymous Prospect,11/26/2024,06:11,Mobile,Chrome,New,SEM,SEM_SWITCH_Q424,North,/,2,Product Comparison,application educate,/plans/compare,Bounced/Browsed,5,152,4.9,0,No,Basic,,No,,0.0
AV03073,FD5F163499B84950,,,Anonymous Prospect,11/26/2024,06:48,Mobile,Chrome,New,SEM,SEM_ELITE_Q424,East,/plans/compare,1,Home Page,application educate,/,Bounced/Browsed,2,108,2.2,0,No,Elite,,No,,0.0
AV03074,D000B641E85F6B0E,,,Anonymous Prospect,11/26/2024,07:54,Mobile,Chrome,New,SEM,SEM_BRAND_Q424,North,/,2,Product Comparison,application educate,/plans/compare,Bounced/Browsed,5,176,5.3,0,No,Basic,,No,,0.0
AV03075,5E4B035BEAC77EB4,,,Anonymous Prospect,11/26/2024,08:08,Mobile,Samsung Internet,Returning,SEM,SEM_BRAND_Q424,West,/,2,Product Comparison,application educate,/plans/compare,Bounced/Browsed,6,213,4.1,0,No,Premium,,No,,0.0
AV03076,A9F5CC674C74F7C2,,,Anonymous Prospect,11/26/2024,09:36,Mobile,Safari,New,Email,EM_PLANS_Q424,South,/plans/compare,2,Product Comparison,application educate,/plans/compare,Bounced/Browsed,5,174,3.7,0,No,Plus,,No,,0.0
AV03077,04970810DFDE9F74,,,Anonymous Prospect,11/26/2024,09:56,Mobile,Chrome,New,Paid Social,SOC_RENEW_Q424,North,/,2,Product Comparison,application educate,/plans/compare,Bounced/Browsed,6,236,1.8,0,No,Basic,,No,,0.0
AV03078,17DAA3849812F505,,,Anonymous Prospect,11/26/2024,14:44,Mobile,Chrome,Returning,Email,EM_ELITE_Q424,East,/plans/compare,2,Product Comparison,application educate,/plans/compare,Bounced/Browsed,4,207,5.0,0,No,Elite,,No,,0.0
AV03079,1FC2CC612B07FAB3,,,Anonymous Prospect,11/26/2024,15:07,Mobile,Chrome,Returning,Direct,,North,/,2,Product Comparison,application educate,/plans/compare,Bounced/Browsed,4,222,2.5,0,No,Plus,,No,,0.0
AV03080,DAE002D3659E1476,,,Anonymous Prospect,11/26/2024,15:21,Mobile,Edge,New,Affiliate,AFF_PLUS_Q424,South,/,1,Home Page,application educate,/,Bounced/Browsed,3,140,0.6,0,No,Plus,,No,,0.0
AV03081,EFB3416D522EE334,,,Anonymous Prospect,11/26/2024,16:03,Desktop,Chrome,Returning,SEO,,South,/,1,Home Page,application educate,/,Bounced/Browsed,4,98,1.1,0,No,Basic,,No,,0.0
AV03082,57949175B9DE1514,,L0579,New Lead,11/26/2024,19:05,Tablet,Safari,New,SEM,SEM_BASIC_Q424,East,/plans/compare,8,Payment & Confirmation,application complete,,No,19,550,1.2,1,No,Basic,2382.73,Yes,ORD00206,2382.73
AV03083,70A1D51EA820D743,,,Anonymous Prospect,11/26/2024,22:16,Mobile,Chrome,New,SEM,SEM_BRAND_Q424,South,/,2,Product Comparison,application educate,/plans/compare,Bounced/Browsed,5,219,1.8,0,No,Plus,,No,,0.0
AV03084,DD7191FE4495A6AD,,,Anonymous Prospect,11/27/2024,06:11,Mobile,Edge,New,SEO,,East,/,2,Product Comparison,application educate,/plans/compare,Bounced/Browsed,5,213,2.6,0,No,Premium,,No,,0.0
AV03085,B8FB48BB72620F5B,,,Anonymous Prospect,11/27/2024,06:45,Desktop,Chrome,New,Paid Social,SOC_SWITCH_Q424,South,/,1,Home Page,application educate,/,Bounced/Browsed,2,132,4.1,0,No,Basic,,No,,0.0
AV03086,369F8FC4B52F07D5,,,Anonymous Prospect,11/27/2024,07:03,Mobile,Chrome,New,SEO,,East,/plans/compare,1,Home Page,application educate,/,Bounced/Browsed,1,92,1.5,0,No,Elite,,No,,0.0
AV03087,BF3FB171EA6EE268,,,Anonymous Prospect,11/27/2024,09:48,Desktop,Chrome,New,Affiliate,AFF_RENEW_Q424,West,/,1,Home Page,application educate,/,Bounced/Browsed,2,120,2.4,0,No,Basic,,No,,0.0
AV03088,972CAE84F053BA2F,,,Anonymous Prospect,11/27/2024,11:19,Desktop,Chrome,Returning,SEM,SEM_RENEW_Q424,East,/plans/compare,2,Product Comparison,application educate,/plans/compare,Bounced/Browsed,3,168,2.2,0,No,Plus,,No,,0.0
AV03089,34F77860476C487F,,,Anonymous Prospect,11/27/2024,12:13,Desktop,Chrome,New,Direct,,North,/,2,Product Comparison,application educate,/plans/compare,Bounced/Browsed,3,165,1.8,0,No,Premium,,No,,0.0
AV03090,1D0D1E42CC0886C0,,L0580,New Lead,11/27/2024,13:58,Desktop,Safari,New,Email,EM_RENEW_Q424,North,/plans/compare,5,Identity Verification,application start,/apply/verify,Yes,12,511,0.6,0,No,Plus,,No,,0.0
AV03091,F9BCCBA9FB2A7F27,,L0581,New Lead,11/27/2024,14:52,Desktop,Chrome,New,SEO,,West,/plans/compare,6,Plan Customization & Quote,application submit,/apply/quote,Yes,8,324,2.5,5,No,Basic,1512.38,No,,0.0
AV03092,662ACAC35CAB2C9D,C073,,Existing Customer,11/27/2024,16:00,Mobile,Safari,Returning,Direct,,North,/,6,Plan Customization & Quote,application submit,/apply/quote,Yes,10,561,2.4,2,No,Plus,4303.79,No,,0.0
AV03093,87CD2B7BC94FAEBA,,,Anonymous Prospect,11/27/2024,16:33,Desktop,Safari,Returning,Paid Social,SOC_RENEW_Q424,South,/,1,Home Page,application educate,/,Bounced/Browsed,3,92,3.1,0,No,Premium,,No,,0.0
AV03094,BF6DF035220903EC,,,Anonymous Prospect,11/27/2024,16:36,Mobile,Chrome,New,SEO,,West,/,2,Product Comparison,application educate,/plans/compare,Bounced/Browsed,5,174,2.0,0,No,Plus,,No,,0.0
AV03095,93EFE524F4B1A87F,,,Anonymous Prospect,11/27/2024,20:31,Desktop,Edge,New,Display,DSP_PREMIUM_Q424,South,/plans/compare,1,Home Page,application educate,/,Bounced/Browsed,2,64,2.2,0,No,Premium,,No,,0.0
AV03096,498A647406C5CFAA,,,Anonymous Prospect,11/27/2024,21:20,Mobile,Chrome,New,Email,EM_PLANS_Q424,South,/,1,Home Page,application educate,/,Bounced/Browsed,2,155,5.3,0,Yes,Premium,,No,,0.0
AV03097,A9787C74CF10717F,,L0582,New Lead,11/28/2024,07:00,Mobile,Safari,Returning,Direct Mail,DM_PLANS_Q424,South,/offer,5,Identity Verification,application start,/apply/verify,Yes,11,483,2.5,4,Yes,Elite,,No,,0.0
AV03098,87E8E601BA550C18,,,Anonymous Prospect,11/28/2024,07:25,Desktop,Chrome,New,Display,DSP_RENEW_Q424,East,/,1,Home Page,application educate,/,Bounced/Browsed,4,109,1.7,0,No,Premium,,No,,0.0
AV03099,72DE600691898E2B,,,Anonymous Prospect,11/28/2024,07:55,Mobile,Chrome,New,SEM,SEM_BRAND_Q424,West,/,2,Product Comparison,application educate,/plans/compare,Bounced/Browsed,5,220,4.6,0,No,Elite,,No,,0.0
AV03100,863171599CBD5147,,,Anonymous Prospect,11/28/2024,08:43,Mobile,Edge,New,Affiliate,AFF_PLANS_Q424,West,/,1,Home Page,application educate,/,Bounced/Browsed,2,130,4.1,0,No,Premium,,No,,0.0
AV03101,7B832045AECF60A5,,,Anonymous Prospect,11/28/2024,08:49,Mobile,Chrome,New,Paid Social,SOC_RENEW_Q424,West,/,2,Product Comparison,application educate,/plans/compare,Bounced/Browsed,4,134,3.7,0,No,Plus,,No,,0.0
AV03102,90DE186B24B6C387,,,Anonymous Prospect,11/28/2024,09:02,Desktop,Edge,New,Direct,,West,/,1,Home Page,application educate,/,Bounced/Browsed,3,94,1.7,0,No,Basic,,No,,0.0
AV03103,93EBB3032BEECD83,,,Anonymous Prospect,11/28/2024,09:15,Mobile,Chrome,Returning,SEO,,North,/,2,Product Comparison,application educate,/plans/compare,Bounced/Browsed,4,247,2.6,0,No,Premium,,No,,0.0
AV03104,47B90AE04244D72F,,,Anonymous Prospect,11/28/2024,09:25,Mobile,Chrome,Returning,Paid Social,SOC_PLANS_Q424,South,/,1,Home Page,application educate,/,Bounced/Browsed,2,140,4.0,0,No,Plus,,No,,0.0
AV03105,FC5B83CBF7EF6473,,,Anonymous Prospect,11/28/2024,09:28,Desktop,Samsung Internet,New,Affiliate,AFF_BRAND_Q424,South,/,1,Home Page,application educate,/,Bounced/Browsed,3,98,2.7,0,No,Basic,,No,,0.0
AV03106,48D9D810DB891A30,,,Anonymous Prospect,11/28/2024,11:02,Tablet,Safari,New,SEO,,South,/,2,Product Comparison,application educate,/plans/compare,Bounced/Browsed,4,183,2.9,0,Yes,Plus,,No,,0.0
AV03107,9E0329299B47D140,,,Anonymous Prospect,11/28/2024,11:04,Mobile,Safari,New,SEO,,North,/,1,Home Page,application educate,/,Bounced/Browsed,2,93,1.3,0,No,Plus,,No,,0.0
AV03108,2B1D7097211AC73E,,,Anonymous Prospect,11/28/2024,13:00,Mobile,Chrome,Returning,Direct,,South,/,1,Home Page,application educate,/,Bounced/Browsed,3,101,1.6,0,No,Plus,,No,,0.0
AV03109,11ADC2CDE9A10328,,,Anonymous Prospect,11/28/2024,16:23,Mobile,Chrome,New,Direct Mail,DM_PLANS_Q424,North,/offer,2,Product Comparison,application educate,/plans/compare,Bounced/Browsed,3,238,0.9,0,No,Basic,,No,,0.0
AV03110,C248163E8C6598A2,,,Anonymous Prospect,11/28/2024,17:46,Mobile,Chrome,Returning,Direct Mail,DM_PLANS_Q424,West,/offer,1,Home Page,application educate,/,Bounced/Browsed,2,68,1.7,0,No,Basic,,No,,0.0
AV03111,C6ECB107D7B2C275,,,Anonymous Prospect,11/28/2024,20:05,Tablet,Safari,New,Paid Social,SOC_PLANS_Q424,West,/,1,Home Page,application educate,/,Bounced/Browsed,1,148,3.0,0,No,Basic,,No,,0.0
AV03112,1BC724F5DFD52FF8,,,Anonymous Prospect,11/28/2024,22:07,Mobile,Samsung Internet,New,Paid Social,SOC_SWITCH_Q424,South,/,2,Product Comparison,application educate,/plans/compare,Bounced/Browsed,4,233,5.3,0,No,Plus,,No,,0.0
AV03113,50E62C8213CEC192,,,Anonymous Prospect,11/29/2024,06:57,Mobile,Safari,Returning,SEM,SEM_PLANS_Q424,North,/,1,Home Page,application educate,/,Bounced/Browsed,2,88,5.3,0,No,Basic,,No,,0.0
AV03114,7BE78C377B5163A3,,,Anonymous Prospect,11/29/2024,09:34,Mobile,Chrome,Returning,Paid Social,SOC_BRAND_Q424,South,/,1,Home Page,application educate,/,Bounced/Browsed,3,140,1.2,0,No,Plus,,No,,0.0
AV03115,D9FEA0F380FF5FC0,,,Anonymous Prospect,11/29/2024,11:56,Mobile,Edge,Returning,Paid Social,SOC_RENEW_Q424,West,/,1,Home Page,application educate,/,Bounced/Browsed,2,143,1.6,0,No,Premium,,No,,0.0
AV03116,6000D18C25C8F6B9,,,Anonymous Prospect,11/29/2024,12:29,Mobile,Chrome,New,Display,DSP_SWITCH_Q424,North,/,1,Home Page,application educate,/,Bounced/Browsed,1,94,2.4,0,No,Plus,,No,,0.0
AV03117,680345E103E8D379,,,Anonymous Prospect,11/29/2024,13:09,Mobile,Chrome,New,Affiliate,AFF_BASIC_Q424,South,/,2,Product Comparison,application educate,/plans/compare,Bounced/Browsed,3,185,4.9,0,No,Basic,,No,,0.0
AV03118,0DF551C4ADFEABC3,C027,,Existing Customer,11/29/2024,13:34,Mobile,Chrome,Returning,Direct,,South,/,2,Product Comparison,application educate,/plans/compare,Bounced/Browsed,4,179,4.9,0,No,Plus,,No,,0.0
AV03119,E3101AC7624F15D4,,,Anonymous Prospect,11/29/2024,14:45,Desktop,Safari,New,Email,EM_RENEW_Q424,West,/plans/compare,1,Home Page,application educate,/,Bounced/Browsed,2,114,1.0,0,Yes,Premium,,No,,0.0
AV03120,66CFA70457B96F9F,,,Anonymous Prospect,11/29/2024,17:24,Mobile,Chrome,New,SEM,SEM_PLUS_Q424,North,/plans/compare,2,Product Comparison,application educate,/plans/compare,Bounced/Browsed,5,100,3.9,0,No,Plus,,No,,0.0
AV03121,A59C108D5FACC42A,,,Anonymous Prospect,11/29/2024,17:49,Mobile,Safari,New,Email,EM_PREMIUM_Q424,East,/plans/compare,2,Product Comparison,application educate,/plans/compare,Bounced/Browsed,4,251,0.6,0,No,Premium,,No,,0.0
AV03122,31C6A7209C2BB3FA,,L0583,New Lead,11/29/2024,19:24,Desktop,Safari,Returning,SEO,,West,/plans/compare,6,Plan Customization & Quote,application submit,/apply/quote,Yes,9,417,2.5,0,No,Basic,1373.8,No,,0.0
AV03123,23298F1875CA19FC,,L0584,New Lead,11/29/2024,19:41,Desktop,Safari,Returning,SEM,SEM_RENEW_Q424,West,/plans/compare,6,Plan Customization & Quote,application submit,/apply/quote,Yes,11,587,1.1,1,No,Plus,4084.21,No,,0.0
AV03124,3E600D4EEBA8BF2C,,,Anonymous Prospect,11/29/2024,20:47,Desktop,Safari,New,Email,EM_SWITCH_Q424,North,/,1,Home Page,application educate,/,Bounced/Browsed,1,117,3.5,0,No,Plus,,No,,0.0
AV03125,ED939D2F6F8901CD,,,Anonymous Prospect,11/29/2024,22:47,Desktop,Firefox,New,Display,DSP_BRAND_Q424,West,/plans/compare,1,Home Page,application educate,/,Bounced/Browsed,2,83,1.9,0,No,Elite,,No,,0.0
AV03126,29182374DE108223,,,Anonymous Prospect,11/30/2024,06:26,Mobile,Safari,New,SEM,SEM_RENEW_Q424,East,/,2,Product Comparison,application educate,/plans/compare,Bounced/Browsed,2,186,5.7,0,No,Plus,,No,,0.0
AV03127,5192D53CD867CAA0,,,Anonymous Prospect,11/30/2024,07:29,Desktop,Chrome,New,Paid Social,SOC_SWITCH_Q424,East,/,1,Home Page,application educate,/,Bounced/Browsed,3,101,2.7,0,No,Plus,,No,,0.0
AV03128,0DAE763910BF884E,,,Anonymous Prospect,11/30/2024,08:23,Mobile,Safari,New,Email,EM_PLANS_Q424,West,/plans/compare,2,Product Comparison,application educate,/plans/compare,Bounced/Browsed,2,240,5.3,0,No,Plus,,No,,0.0
AV03129,BE148F7E071CEC86,,,Anonymous Prospect,11/30/2024,10:00,Desktop,Chrome,Returning,Email,EM_RENEW_Q424,West,/,2,Product Comparison,application educate,/plans/compare,Bounced/Browsed,5,138,1.3,0,No,Plus,,No,,0.0
AV03130,49B73638AC00CE24,,,Anonymous Prospect,11/30/2024,10:36,Mobile,Safari,New,SEM,SEM_BRAND_Q424,West,/plans/compare,1,Home Page,application educate,/,Bounced/Browsed,1,89,1.4,0,No,Basic,,No,,0.0
AV03131,4707704AD031FB26,,,Anonymous Prospect,11/30/2024,11:21,Mobile,Safari,Returning,SEO,,North,/,1,Home Page,application educate,/,Bounced/Browsed,4,123,0.7,0,No,Premium,,No,,0.0
AV03132,65807D8F7332CBD6,,L0585,New Lead,11/30/2024,11:44,Desktop,Edge,New,Paid Social,SOC_ELITE_Q424,South,/plans/compare,4,Personal Details,application start,/apply/details,Yes,8,404,2.3,1,No,Elite,,No,,0.0
AV03133,8790B5B6B9E11540,,,Anonymous Prospect,11/30/2024,11:54,Mobile,Edge,Returning,Paid Social,SOC_RENEW_Q424,West,/plans/compare,1,Home Page,application educate,/,Bounced/Browsed,1,110,3.2,0,No,Plus,,No,,0.0
AV03134,8D29258D86444F83,,,Anonymous Prospect,11/30/2024,12:54,Mobile,Chrome,New,SEO,,West,/plans/compare,1,Home Page,application educate,/,Bounced/Browsed,3,103,1.6,0,No,Basic,,No,,0.0
AV03135,A81E7D77ABD09078,,L0586,New Lead,11/30/2024,15:13,Mobile,Chrome,New,SEO,,North,/,8,Payment & Confirmation,application complete,,No,15,469,4.3,0,No,Basic,2222.24,Yes,ORD00207,2222.24
AV03136,E1D784A999CCD1C7,,,Anonymous Prospect,11/30/2024,17:21,Desktop,Chrome,Returning,Display,DSP_RENEW_Q424,East,/plans/compare,1,Home Page,application educate,/,Bounced/Browsed,3,129,2.1,0,No,Plus,,No,,0.0
AV03137,F53268603D1A3EC8,,,Anonymous Prospect,11/30/2024,17:21,Desktop,Chrome,New,Direct Mail,DM_SWITCH_Q424,North,/offer,1,Home Page,application educate,/,Bounced/Browsed,2,130,1.6,0,No,Premium,,No,,0.0
AV03138,DB8C3443C6D96C3C,,,Anonymous Prospect,11/30/2024,17:31,Desktop,Edge,New,SEM,SEM_BRAND_Q424,East,/plans/compare,2,Product Comparison,application educate,/plans/compare,Bounced/Browsed,2,176,2.2,0,No,Premium,,No,,0.0
AV03139,65EE465DF2FA27A8,,,Anonymous Prospect,11/30/2024,18:06,Desktop,Chrome,Returning,Email,EM_PLANS_Q424,East,/plans/compare,1,Home Page,application educate,/,Bounced/Browsed,4,113,1.8,0,No,Plus,,No,,0.0
AV03140,1A88BE74A20B2BE7,,L0587,New Lead,11/30/2024,18:07,Mobile,Chrome,New,Affiliate,AFF_BASIC_Q424,North,/plans/compare,4,Personal Details,application start,/apply/details,Yes,7,290,1.7,3,No,Basic,,No,,0.0
AV03141,EB3D9EDF9AD56CF0,,,Anonymous Prospect,11/30/2024,18:50,Desktop,Chrome,New,SEO,,South,/,1,Home Page,application educate,/,Bounced/Browsed,1,157,2.1,0,No,Elite,,No,,0.0
AV03142,E0D11C67AF90B9E6,,,Anonymous Prospect,11/30/2024,18:51,Desktop,Safari,New,Direct Mail,DM_SWITCH_Q424,West,/offer,2,Product Comparison,application educate,/plans/compare,Bounced/Browsed,4,262,1.5,0,No,Plus,,No,,0.0
AV03143,9E87BEF5002D79F5,C025,,Existing Customer,11/30/2024,19:31,Desktop,Chrome,Returning,Direct Mail,DM_SWITCH_Q424,West,/offer,1,Home Page,application educate,/,Bounced/Browsed,2,119,2.7,0,No,Elite,,No,,0.0
AV03144,01E627BECC195867,,L0588,New Lead,11/30/2024,20:01,Desktop,Chrome,New,SEO,,North,/plans/compare,6,Plan Customization & Quote,application submit,/apply/quote,Yes,9,342,1.6,0,No,Premium,5051.21,No,,0.0
AV03145,9FC8D355ED2964A9,,L0589,New Lead,11/30/2024,20:07,Desktop,Chrome,New,SEM,SEM_PREMIUM_Q424,East,/,4,Personal Details,application start,/apply/details,Yes,9,260,2.9,0,No,Premium,,No,,0.0
AV03146,CFB18CFC86236C07,,,Anonymous Prospect,11/30/2024,22:23,Mobile,Firefox,Returning,SEO,,South,/,2,Product Comparison,application educate,/plans/compare,Bounced/Browsed,4,143,2.4,0,No,Premium,,No,,0.0
